event_name,event_date,race_name,distance_m,athlete_name,finish_time,swim_time,bike_time,run_time,overall_position,category,country,bib,source
T100 Triathlon World Tour - Gold Coast,2026-03-22,100km Triathlon,100000,Andrew Nash,3:34:04,,,,1,n30-34,AUS,1372,sportstats
T100 Triathlon World Tour - Gold Coast,2026-03-22,100km Triathlon,100000,Matt Jackson,3:34:44,,,,2,n35-39,AUS,1678,sportstats
T100 Triathlon World Tour - Gold Coast,2026-03-22,100km Triathlon,100000,Glenn Strutt,3:36:00,,,,3,n30-34,AUS,1271,sportstats
T100 Triathlon World Tour - Gold Coast,2026-03-22,100km Triathlon,100000,Kye Robinson,3:38:27,,,,4,n20-24,AUS,1037,sportstats
T100 Triathlon World Tour - Gold Coast,2026-03-22,100km Triathlon,100000,Luke Henderson,3:39:54,,,,5,n40-44,AUS,1837,sportstats
T100 Triathlon World Tour - Gold Coast,2026-03-22,100km Triathlon,100000,Tyson Matheson,3:41:17,,,,6,n40-44,AUS,1849,sportstats
T100 Triathlon World Tour - Gold Coast,2026-03-22,100km Triathlon,100000,Tom Grieve,3:41:18,,,,7,n30-34,AUS,1300,sportstats
T100 Triathlon World Tour - Gold Coast,2026-03-22,100km Triathlon,100000,Ryan Pickup,3:41:36,,,,8,n25-29,GBR,1215,sportstats
T100 Triathlon World Tour - Gold Coast,2026-03-22,100km Triathlon,100000,Aiden Cuff,3:42:54,,,,9,n35-39,AUS,1507,sportstats
T100 Triathlon World Tour - Gold Coast,2026-03-22,100km Triathlon,100000,Ryan Mouritz,3:45:24,,,,10,n30-34,AUS,1365,sportstats
T100 Triathlon World Tour - Gold Coast,2026-03-22,100km Triathlon,100000,Joshua Mccormack,3:47:01,,,,11,n30-34,AUS,1416,sportstats
T100 Triathlon World Tour - Gold Coast,2026-03-22,100km Triathlon,100000,David Walsh,3:47:10,,,,12,n45-49,AUS,2147,sportstats
T100 Triathlon World Tour - Gold Coast,2026-03-22,100km Triathlon,100000,Oli Wright,3:47:11,,,,13,n30-34,GBR,1367,sportstats
T100 Triathlon World Tour - Gold Coast,2026-03-22,100km Triathlon,100000,Patrick Hawkes,3:49:20,,,,14,n30-34,AUS,1283,sportstats
T100 Triathlon World Tour - Gold Coast,2026-03-22,100km Triathlon,100000,Riley Mcclung,3:49:25,,,,15,n20-24,AUS,1046,sportstats
T100 Triathlon World Tour - Gold Coast,2026-03-22,100km Triathlon,100000,Jayden Berry,3:50:10,,,,16,n30-34,AUS,1362,sportstats
T100 Triathlon World Tour - Gold Coast,2026-03-22,100km Triathlon,100000,Oliver Myers,3:50:32,,,,17,n30-34,AUS,1297,sportstats
T100 Triathlon World Tour - Gold Coast,2026-03-22,100km Triathlon,100000,Dylan Holland,3:51:24,,,,18,n25-29,AUS,1150,sportstats
T100 Triathlon World Tour - Gold Coast,2026-03-22,100km Triathlon,100000,John Hughes,3:51:55,,,,19,n55-59,AUS,2458,sportstats
T100 Triathlon World Tour - Gold Coast,2026-03-22,100km Triathlon,100000,Ben Goodman,3:52:04,,,,20,n25-29,NZL,1200,sportstats
T100 Triathlon World Tour - Gold Coast,2026-03-22,100km Triathlon,100000,Juan Pablo Ibanez,3:52:52,,,,21,n40-44,ARG,1863,sportstats
T100 Triathlon World Tour - Gold Coast,2026-03-22,100km Triathlon,100000,Jack Saunders,3:53:07,,,,22,n30-34,AUS,1279,sportstats
T100 Triathlon World Tour - Gold Coast,2026-03-22,100km Triathlon,100000,Matt Mckay,3:53:27,,,,23,n55-59,AUS,2528,sportstats
T100 Triathlon World Tour - Gold Coast,2026-03-22,100km Triathlon,100000,Michael Whitehouse,3:53:42,,,,24,n45-49,AUS,2141,sportstats
T100 Triathlon World Tour - Gold Coast,2026-03-22,100km Triathlon,100000,Trevor Potts,3:53:53,,,,25,n40-44,AUS,1809,sportstats
T100 Triathlon World Tour - Gold Coast,2026-03-22,100km Triathlon,100000,Julian Bennett,3:55:00,,,,26,n45-49,AUS,2108,sportstats
T100 Triathlon World Tour - Gold Coast,2026-03-22,100km Triathlon,100000,Ben Russell,3:55:15,,,,27,n35-39,AUS,1576,sportstats
T100 Triathlon World Tour - Gold Coast,2026-03-22,100km Triathlon,100000,Riley Kilpatrick,3:55:20,,,,28,n25-29,AUS,1148,sportstats
T100 Triathlon World Tour - Gold Coast,2026-03-22,100km Triathlon,100000,Scott Kean,3:55:23,,,,29,n50-54,AUS,2303,sportstats
T100 Triathlon World Tour - Gold Coast,2026-03-22,100km Triathlon,100000,Andrew Keegan,3:55:46,,,,30,n50-54,JAM,2282,sportstats
T100 Triathlon World Tour - Gold Coast,2026-03-22,100km Triathlon,100000,Kyle Booth,3:56:05,,,,31,n30-34,AUS,1304,sportstats
T100 Triathlon World Tour - Gold Coast,2026-03-22,100km Triathlon,100000,Lachlan Finlay,3:56:25,,,,32,n30-34,AUS,1319,sportstats
T100 Triathlon World Tour - Gold Coast,2026-03-22,100km Triathlon,100000,Victor Gracio,3:57:24,,,,33,n40-44,AUS,1883,sportstats
T100 Triathlon World Tour - Gold Coast,2026-03-22,100km Triathlon,100000,Hayden Mills,3:57:48,,,,34,n25-29,AUS,1188,sportstats
T100 Triathlon World Tour - Gold Coast,2026-03-22,100km Triathlon,100000,Riley Billingham,3:57:53,,,,35,n20-24,AUS,1029,sportstats
T100 Triathlon World Tour - Gold Coast,2026-03-22,100km Triathlon,100000,Craig Mabon,3:58:02,,,,36,n30-34,GBR,1400,sportstats
T100 Triathlon World Tour - Gold Coast,2026-03-22,100km Triathlon,100000,David Mildren,3:58:30,,,,37,n45-49,AUS,2182,sportstats
T100 Triathlon World Tour - Gold Coast,2026-03-22,100km Triathlon,100000,Prudie White,3:58:42,,,,38,f25-29,AUS,1064,sportstats
T100 Triathlon World Tour - Gold Coast,2026-03-22,100km Triathlon,100000,Jeffrey Zwolsman,3:58:48,,,,39,n35-39,AUS,1613,sportstats
T100 Triathlon World Tour - Gold Coast,2026-03-22,100km Triathlon,100000,Bradley Walz,3:58:56,,,,40,n30-34,AUS,1396,sportstats
T100 Triathlon World Tour - Gold Coast,2026-03-22,100km Triathlon,100000,Sam Treppo,3:59:18,,,,41,n25-29,AUS,1169,sportstats
T100 Triathlon World Tour - Gold Coast,2026-03-22,100km Triathlon,100000,Lewis Campbell,3:59:53,,,,42,n30-34,AUS,1405,sportstats
T100 Triathlon World Tour - Gold Coast,2026-03-22,100km Triathlon,100000,Aidan Easton,3:59:55,,,,43,n20-24,AUS,1034,sportstats
T100 Triathlon World Tour - Gold Coast,2026-03-22,100km Triathlon,100000,Ryan Hammond,3:59:58,,,,44,n40-44,AUS,1819,sportstats
T100 Triathlon World Tour - Gold Coast,2026-03-22,100km Triathlon,100000,Joseph Mccauley,4:00:27,,,,45,n25-29,AUS,1139,sportstats
T100 Triathlon World Tour - Gold Coast,2026-03-22,100km Triathlon,100000,Dylan Salotti,4:00:30,,,,46,n35-39,AUS,1587,sportstats
T100 Triathlon World Tour - Gold Coast,2026-03-22,100km Triathlon,100000,Simon Whitford,4:00:48,,,,47,n55-59,AUS,2532,sportstats
T100 Triathlon World Tour - Gold Coast,2026-03-22,100km Triathlon,100000,Eddie Coghlan,4:01:23,,,,48,n35-39,AUS,1574,sportstats
T100 Triathlon World Tour - Gold Coast,2026-03-22,100km Triathlon,100000,Chelsea Seymour,4:01:38,,,,49,f25-29,AUS,1063,sportstats
T100 Triathlon World Tour - Gold Coast,2026-03-22,100km Triathlon,100000,Bradley Venter,4:01:59,,,,50,n45-49,ZAF,2105,sportstats
T100 Triathlon World Tour - Gold Coast,2026-03-22,100km Triathlon,100000,Damian Persen,4:02:00,,,,51,n40-44,AUS,1901,sportstats
T100 Triathlon World Tour - Gold Coast,2026-03-22,100km Triathlon,100000,Kieran Colahan,4:02:05,,,,52,n30-34,AUS,1285,sportstats
T100 Triathlon World Tour - Gold Coast,2026-03-22,100km Triathlon,100000,Rohan Veal,4:02:16,,,,53,n45-49,AUS,2187,sportstats
T100 Triathlon World Tour - Gold Coast,2026-03-22,100km Triathlon,100000,Steven Mcculloch,4:02:26,,,,54,n40-44,GBR,1767,sportstats
T100 Triathlon World Tour - Gold Coast,2026-03-22,100km Triathlon,100000,Troy Collins,4:02:29,,,,55,n50-54,AUS,2376,sportstats
T100 Triathlon World Tour - Gold Coast,2026-03-22,100km Triathlon,100000,Tommy Newell,4:02:44,,,,56,n30-34,AUS,1312,sportstats
T100 Triathlon World Tour - Gold Coast,2026-03-22,100km Triathlon,100000,Matthew Thompson,4:02:59,,,,57,n40-44,AUS,1934,sportstats
T100 Triathlon World Tour - Gold Coast,2026-03-22,100km Triathlon,100000,Taun Stanham,4:03:45,,,,58,n35-39,AUS,1531,sportstats
T100 Triathlon World Tour - Gold Coast,2026-03-22,100km Triathlon,100000,Max Gaubert,4:03:52,,,,59,n35-39,FRA,1591,sportstats
T100 Triathlon World Tour - Gold Coast,2026-03-22,100km Triathlon,100000,Sam Battel,4:03:53,,,,60,n30-34,AUS,1296,sportstats
T100 Triathlon World Tour - Gold Coast,2026-03-22,100km Triathlon,100000,Claire Rendall,4:03:53,,,,61,f25-29,GBR,1082,sportstats
T100 Triathlon World Tour - Gold Coast,2026-03-22,100km Triathlon,100000,Dan Judd,4:04:07,,,,62,n50-54,AUS,2325,sportstats
T100 Triathlon World Tour - Gold Coast,2026-03-22,100km Triathlon,100000,Matt Brace,4:04:34,,,,63,n45-49,AUS,2060,sportstats
T100 Triathlon World Tour - Gold Coast,2026-03-22,100km Triathlon,100000,Mitchell Baum,4:04:37,,,,64,n35-39,AUS,1506,sportstats
T100 Triathlon World Tour - Gold Coast,2026-03-22,100km Triathlon,100000,James Bailey,4:04:56,,,,65,n30-34,AUS,1272,sportstats
T100 Triathlon World Tour - Gold Coast,2026-03-22,100km Triathlon,100000,Joshua Jones,4:05:57,,,,66,n25-29,AUS,1121,sportstats
T100 Triathlon World Tour - Gold Coast,2026-03-22,100km Triathlon,100000,Arki Vardy,4:05:57,,,,67,n20-24,AUS,1030,sportstats
T100 Triathlon World Tour - Gold Coast,2026-03-22,100km Triathlon,100000,Keflen Prestes,4:06:08,,,,68,n30-34,AUS,1314,sportstats
T100 Triathlon World Tour - Gold Coast,2026-03-22,100km Triathlon,100000,Patrick Nolan,4:06:10,,,,69,n25-29,AUS,1137,sportstats
T100 Triathlon World Tour - Gold Coast,2026-03-22,100km Triathlon,100000,Anthony Lintern,4:06:18,,,,70,n45-49,AUS,2138,sportstats
T100 Triathlon World Tour - Gold Coast,2026-03-22,100km Triathlon,100000,Michael Buxey,4:06:37,,,,71,n40-44,AUS,1833,sportstats
T100 Triathlon World Tour - Gold Coast,2026-03-22,100km Triathlon,100000,Gabriel Villarreal,4:06:39,,,,72,n40-44,AUS,1772,sportstats
T100 Triathlon World Tour - Gold Coast,2026-03-22,100km Triathlon,100000,Nat Heath,4:07:02,,,,73,n40-44,AUS,1795,sportstats
T100 Triathlon World Tour - Gold Coast,2026-03-22,100km Triathlon,100000,David Halpin,4:07:12,,,,74,n35-39,AUS,1675,sportstats
T100 Triathlon World Tour - Gold Coast,2026-03-22,100km Triathlon,100000,Iacopo Carpentieri,4:07:20,,,,75,n30-34,AUS,1359,sportstats
T100 Triathlon World Tour - Gold Coast,2026-03-22,100km Triathlon,100000,York Stanham,4:07:21,,,,76,n35-39,AUS,1546,sportstats
T100 Triathlon World Tour - Gold Coast,2026-03-22,100km Triathlon,100000,Lucas Mcbeath,4:07:26,,,,77,n40-44,AUS,1940,sportstats
T100 Triathlon World Tour - Gold Coast,2026-03-22,100km Triathlon,100000,David Selems,4:07:34,,,,78,n50-54,AUS,2295,sportstats
T100 Triathlon World Tour - Gold Coast,2026-03-22,100km Triathlon,100000,Paul Rawinski,4:07:34,,,,79,n45-49,AUS,2046,sportstats
T100 Triathlon World Tour - Gold Coast,2026-03-22,100km Triathlon,100000,Darcy Mcmahon,4:07:40,,,,80,n35-39,AUS,1508,sportstats
T100 Triathlon World Tour - Gold Coast,2026-03-22,100km Triathlon,100000,Brandon Robertson,4:07:43,,,,81,n35-39,AUS,1589,sportstats
T100 Triathlon World Tour - Gold Coast,2026-03-22,100km Triathlon,100000,Jonas Schlieckmann,4:08:07,,,,82,n45-49,DEU,2075,sportstats
T100 Triathlon World Tour - Gold Coast,2026-03-22,100km Triathlon,100000,Ruby Hume,4:08:28,,,,83,f20-24,AUS,1010,sportstats
T100 Triathlon World Tour - Gold Coast,2026-03-22,100km Triathlon,100000,Simon Whittle,4:08:32,,,,84,n50-54,AUS,2340,sportstats
T100 Triathlon World Tour - Gold Coast,2026-03-22,100km Triathlon,100000,Cameron Skepper,4:08:34,,,,85,n20-24,AUS,1047,sportstats
T100 Triathlon World Tour - Gold Coast,2026-03-22,100km Triathlon,100000,Vincenzo Zofrea,4:08:39,,,,86,n55-59,AUS,2558,sportstats
T100 Triathlon World Tour - Gold Coast,2026-03-22,100km Triathlon,100000,Dan Carpenter,4:09:03,,,,87,n40-44,AUS,1954,sportstats
T100 Triathlon World Tour - Gold Coast,2026-03-22,100km Triathlon,100000,Emma Fessey,4:09:08,,,,88,f30-34,AUS,1219,sportstats
T100 Triathlon World Tour - Gold Coast,2026-03-22,100km Triathlon,100000,Trent Harding,4:09:11,,,,89,n40-44,AUS,1792,sportstats
T100 Triathlon World Tour - Gold Coast,2026-03-22,100km Triathlon,100000,Greg Branks,4:09:16,,,,90,n35-39,NZL,1534,sportstats
T100 Triathlon World Tour - Gold Coast,2026-03-22,100km Triathlon,100000,Briarna Silk,4:09:20,,,,91,f40-44,AUS,1731,sportstats
T100 Triathlon World Tour - Gold Coast,2026-03-22,100km Triathlon,100000,Ryan Billingham,4:09:30,,,,92,n20-24,AUS,1028,sportstats
T100 Triathlon World Tour - Gold Coast,2026-03-22,100km Triathlon,100000,Mike Baker,4:09:40,,,,93,n25-29,NZL,1194,sportstats
T100 Triathlon World Tour - Gold Coast,2026-03-22,100km Triathlon,100000,Andrew Hunt,4:09:49,,,,94,n50-54,AUS,2349,sportstats
T100 Triathlon World Tour - Gold Coast,2026-03-22,100km Triathlon,100000,Emily Register,4:09:58,,,,95,f25-29,NZL,1079,sportstats
T100 Triathlon World Tour - Gold Coast,2026-03-22,100km Triathlon,100000,Maike Wolf,4:10:16,,,,96,f45-49,AUS,1965,sportstats
T100 Triathlon World Tour - Gold Coast,2026-03-22,100km Triathlon,100000,Michael Lennon,4:10:40,,,,97,n55-59,AUS,2525,sportstats
T100 Triathlon World Tour - Gold Coast,2026-03-22,100km Triathlon,100000,Shari Ann Livingston,4:10:43,,,,98,f35-39,AUS,1475,sportstats
T100 Triathlon World Tour - Gold Coast,2026-03-22,100km Triathlon,100000,Michael Pelka,4:10:45,,,,99,n35-39,AUS,1653,sportstats
T100 Triathlon World Tour - Gold Coast,2026-03-22,100km Triathlon,100000,Daniel Menefy,4:10:51,,,,100,n50-54,AUS,2331,sportstats
T100 Triathlon World Tour - Gold Coast,2026-03-22,100km Triathlon,100000,Ignacio De Acha Dorado,4:10:57,,,,101,n35-39,ESP,1502,sportstats
T100 Triathlon World Tour - Gold Coast,2026-03-22,100km Triathlon,100000,Harry Garside,4:10:57,,,,102,n25-29,AUS,1206,sportstats
T100 Triathlon World Tour - Gold Coast,2026-03-22,100km Triathlon,100000,David Jouy,4:10:59,,,,103,n40-44,FRA,1928,sportstats
T100 Triathlon World Tour - Gold Coast,2026-03-22,100km Triathlon,100000,Brandon Turton,4:11:05,,,,104,n25-29,AUS,1190,sportstats
T100 Triathlon World Tour - Gold Coast,2026-03-22,100km Triathlon,100000,Joseph Cook,4:11:06,,,,105,n40-44,AUS,1836,sportstats
T100 Triathlon World Tour - Gold Coast,2026-03-22,100km Triathlon,100000,Isobel Hogan,4:11:16,,,,106,f25-29,AUS,1116,sportstats
T100 Triathlon World Tour - Gold Coast,2026-03-22,100km Triathlon,100000,Shayne Riches,4:11:27,,,,107,n35-39,AUS,1663,sportstats
T100 Triathlon World Tour - Gold Coast,2026-03-22,100km Triathlon,100000,Ben Folmer,4:11:30,,,,108,n45-49,AUS,2145,sportstats
T100 Triathlon World Tour - Gold Coast,2026-03-22,100km Triathlon,100000,Michael Gardiner,4:11:40,,,,109,n40-44,AUS,1805,sportstats
T100 Triathlon World Tour - Gold Coast,2026-03-22,100km Triathlon,100000,Charlie Carden,4:11:58,,,,110,n20-24,AUS,1048,sportstats
T100 Triathlon World Tour - Gold Coast,2026-03-22,100km Triathlon,100000,Brian Brady,4:12:06,,,,111,n45-49,IRL,2094,sportstats
T100 Triathlon World Tour - Gold Coast,2026-03-22,100km Triathlon,100000,Martino Pilu,4:12:12,,,,112,n25-29,AUS,1187,sportstats
T100 Triathlon World Tour - Gold Coast,2026-03-22,100km Triathlon,100000,Angus Reardon,4:12:43,,,,113,n25-29,AUS,1142,sportstats
T100 Triathlon World Tour - Gold Coast,2026-03-22,100km Triathlon,100000,Ben Mcpherson,4:12:44,,,,114,n40-44,MLT,1821,sportstats
T100 Triathlon World Tour - Gold Coast,2026-03-22,100km Triathlon,100000,Oskar Caneborg,4:12:48,,,,115,n35-39,AUS,1540,sportstats
T100 Triathlon World Tour - Gold Coast,2026-03-22,100km Triathlon,100000,Rosie Mcgeoch,4:13:18,,,,116,f50-54,AUS,2211,sportstats
T100 Triathlon World Tour - Gold Coast,2026-03-22,100km Triathlon,100000,Sam Kingsley,4:13:18,,,,117,n35-39,AUS,1565,sportstats
T100 Triathlon World Tour - Gold Coast,2026-03-22,100km Triathlon,100000,Guillermo Gonzalez Bordalas,4:13:22,,,,118,n40-44,ESP,1793,sportstats
T100 Triathlon World Tour - Gold Coast,2026-03-22,100km Triathlon,100000,Oliver Hamilton,4:13:33,,,,119,n25-29,AUS,1141,sportstats
T100 Triathlon World Tour - Gold Coast,2026-03-22,100km Triathlon,100000,Madi Roberts,4:13:45,,,,120,f30-34,AUS,1251,sportstats
T100 Triathlon World Tour - Gold Coast,2026-03-22,100km Triathlon,100000,Meg Isbester,4:13:56,,,,121,f30-34,AUS,1220,sportstats
T100 Triathlon World Tour - Gold Coast,2026-03-22,100km Triathlon,100000,Xinwei Qian,4:14:15,,,,122,n40-44,AUS,1831,sportstats
T100 Triathlon World Tour - Gold Coast,2026-03-22,100km Triathlon,100000,Mack Newton-Jones,4:14:18,,,,123,n30-34,GBR,1321,sportstats
T100 Triathlon World Tour - Gold Coast,2026-03-22,100km Triathlon,100000,Eric Hoeger,4:14:23,,,,124,n40-44,AUS,1844,sportstats
T100 Triathlon World Tour - Gold Coast,2026-03-22,100km Triathlon,100000,Toby Somerville,4:14:27,,,,125,n65-69,AUS,2679,sportstats
T100 Triathlon World Tour - Gold Coast,2026-03-22,100km Triathlon,100000,Holly Pilgrim,4:14:29,,,,126,f25-29,AUS,1080,sportstats
T100 Triathlon World Tour - Gold Coast,2026-03-22,100km Triathlon,100000,Robert Eid,4:14:29,,,,127,n40-44,AUS,1838,sportstats
T100 Triathlon World Tour - Gold Coast,2026-03-22,100km Triathlon,100000,Daniel Howitt,4:14:34,,,,128,n40-44,AUS,1888,sportstats
T100 Triathlon World Tour - Gold Coast,2026-03-22,100km Triathlon,100000,Lachlan Gepp,4:14:44,,,,129,n30-34,AUS,1291,sportstats
T100 Triathlon World Tour - Gold Coast,2026-03-22,100km Triathlon,100000,Declan Prain,4:14:55,,,,130,n20-24,AUS,1053,sportstats
T100 Triathlon World Tour - Gold Coast,2026-03-22,100km Triathlon,100000,Oyoung Kwon,4:15:10,,,,131,n40-44,KOR,1854,sportstats
T100 Triathlon World Tour - Gold Coast,2026-03-22,100km Triathlon,100000,Roman Watson,4:15:23,,,,132,n35-39,AUS,1570,sportstats
T100 Triathlon World Tour - Gold Coast,2026-03-22,100km Triathlon,100000,Jim Finlay,4:15:31,,,,133,n60-64,AUS,2612,sportstats
T100 Triathlon World Tour - Gold Coast,2026-03-22,100km Triathlon,100000,Tim Hanekamp,4:15:38,,,,134,n30-34,DEU,1371,sportstats
T100 Triathlon World Tour - Gold Coast,2026-03-22,100km Triathlon,100000,Alberto Puls Cruz,4:15:42,,,,135,n45-49,ESP,2058,sportstats
T100 Triathlon World Tour - Gold Coast,2026-03-22,100km Triathlon,100000,Ben Tee,4:15:43,,,,136,n30-34,AUS,1294,sportstats
T100 Triathlon World Tour - Gold Coast,2026-03-22,100km Triathlon,100000,Alex Thomas,4:15:46,,,,137,f45-49,AUS,1970,sportstats
T100 Triathlon World Tour - Gold Coast,2026-03-22,100km Triathlon,100000,Oscar Olson,4:15:51,,,,138,n30-34,NZL,1392,sportstats
T100 Triathlon World Tour - Gold Coast,2026-03-22,100km Triathlon,100000,Zoe Fitzgerald,4:15:57,,,,139,f40-44,AUS,1732,sportstats
T100 Triathlon World Tour - Gold Coast,2026-03-22,100km Triathlon,100000,Sarah Nisbet,4:15:59,,,,140,f30-34,AUS,1240,sportstats
T100 Triathlon World Tour - Gold Coast,2026-03-22,100km Triathlon,100000,Greg Attwells,4:16:12,,,,141,n40-44,AUS,1852,sportstats
T100 Triathlon World Tour - Gold Coast,2026-03-22,100km Triathlon,100000,Sam Mckay,4:16:13,,,,142,n50-54,AUS,2310,sportstats
T100 Triathlon World Tour - Gold Coast,2026-03-22,100km Triathlon,100000,Andrew Kerr,4:16:40,,,,143,n50-54,AUS,2397,sportstats
T100 Triathlon World Tour - Gold Coast,2026-03-22,100km Triathlon,100000,Craig Lee,4:16:41,,,,144,n40-44,AUS,1947,sportstats
T100 Triathlon World Tour - Gold Coast,2026-03-22,100km Triathlon,100000,Andy Worley,4:16:46,,,,145,n40-44,AUS,1804,sportstats
T100 Triathlon World Tour - Gold Coast,2026-03-22,100km Triathlon,100000,Shannon Ahern,4:16:58,,,,146,n45-49,AUS,2170,sportstats
T100 Triathlon World Tour - Gold Coast,2026-03-22,100km Triathlon,100000,Benjamin Diplock,4:17:02,,,,147,n25-29,AUS,1167,sportstats
T100 Triathlon World Tour - Gold Coast,2026-03-22,100km Triathlon,100000,Ambrose Killian,4:17:03,,,,148,n30-34,AUS,1325,sportstats
T100 Triathlon World Tour - Gold Coast,2026-03-22,100km Triathlon,100000,Phoenix Butt,4:17:11,,,,149,n25-29,AUS,1202,sportstats
T100 Triathlon World Tour - Gold Coast,2026-03-22,100km Triathlon,100000,Bryce Mcmaster,4:17:14,,,,150,n25-29,AUS,1176,sportstats
T100 Triathlon World Tour - Gold Coast,2026-03-22,100km Triathlon,100000,Yifu Zhou,4:17:20,,,,151,n30-34,USA,1379,sportstats
T100 Triathlon World Tour - Gold Coast,2026-03-22,100km Triathlon,100000,Brendan Cameron,4:17:23,,,,152,n45-49,AUS,2085,sportstats
T100 Triathlon World Tour - Gold Coast,2026-03-22,100km Triathlon,100000,Alex Osborn,4:17:34,,,,153,f40-44,AUS,1704,sportstats
T100 Triathlon World Tour - Gold Coast,2026-03-22,100km Triathlon,100000,Clodagh Glynn,4:17:35,,,,154,f35-39,IRL,1489,sportstats
T100 Triathlon World Tour - Gold Coast,2026-03-22,100km Triathlon,100000,Jason Limbert,4:17:37,,,,155,n30-34,AUS,1393,sportstats
T100 Triathlon World Tour - Gold Coast,2026-03-22,100km Triathlon,100000,Carl Ward,4:17:40,,,,156,n40-44,GBR,1909,sportstats
T100 Triathlon World Tour - Gold Coast,2026-03-22,100km Triathlon,100000,Matt Salter,4:17:44,,,,157,n40-44,AUS,1813,sportstats
T100 Triathlon World Tour - Gold Coast,2026-03-22,100km Triathlon,100000,Matt Higson,4:17:48,,,,158,n40-44,AUS,1871,sportstats
T100 Triathlon World Tour - Gold Coast,2026-03-22,100km Triathlon,100000,Mark Scott,4:18:16,,,,159,n40-44,AUS,1848,sportstats
T100 Triathlon World Tour - Gold Coast,2026-03-22,100km Triathlon,100000,Angus Chaffey,4:18:21,,,,160,n25-29,AUS,1196,sportstats
T100 Triathlon World Tour - Gold Coast,2026-03-22,100km Triathlon,100000,Michael Garbuio,4:18:28,,,,161,n40-44,AUS,1938,sportstats
T100 Triathlon World Tour - Gold Coast,2026-03-22,100km Triathlon,100000,Chris Welander,4:18:45,,,,162,n55-59,AUS,2510,sportstats
T100 Triathlon World Tour - Gold Coast,2026-03-22,100km Triathlon,100000,Patrick Brennan,4:19:03,,,,163,n35-39,AUS,1666,sportstats
T100 Triathlon World Tour - Gold Coast,2026-03-22,100km Triathlon,100000,Mark Dwyer,4:19:07,,,,164,n30-34,AUS,1315,sportstats
T100 Triathlon World Tour - Gold Coast,2026-03-22,100km Triathlon,100000,Ken Kirk,4:19:32,,,,165,n60-64,AUS,2626,sportstats
T100 Triathlon World Tour - Gold Coast,2026-03-22,100km Triathlon,100000,Martin Rutishauser,4:19:36,,,,166,n50-54,CHE,2383,sportstats
T100 Triathlon World Tour - Gold Coast,2026-03-22,100km Triathlon,100000,Harry Jeong,4:19:43,,,,167,n30-34,KOR,1336,sportstats
T100 Triathlon World Tour - Gold Coast,2026-03-22,100km Triathlon,100000,Justin Hunter,4:19:50,,,,168,n50-54,AUS,2350,sportstats
T100 Triathlon World Tour - Gold Coast,2026-03-22,100km Triathlon,100000,Bill Chilvers,4:20:01,,,,169,n55-59,AUS,2559,sportstats
T100 Triathlon World Tour - Gold Coast,2026-03-22,100km Triathlon,100000,Beau Gray,4:20:04,,,,170,n30-34,AUS,1395,sportstats
T100 Triathlon World Tour - Gold Coast,2026-03-22,100km Triathlon,100000,Dustin Osborn,4:20:18,,,,171,n45-49,AUS,2061,sportstats
T100 Triathlon World Tour - Gold Coast,2026-03-22,100km Triathlon,100000,Dean Marcinkowski,4:20:20,,,,172,n50-54,AUS,2365,sportstats
T100 Triathlon World Tour - Gold Coast,2026-03-22,100km Triathlon,100000,Rob Whittlesey,4:20:24,,,,173,n35-39,AUS,1668,sportstats
T100 Triathlon World Tour - Gold Coast,2026-03-22,100km Triathlon,100000,Nick Pluimers,4:20:29,,,,174,n35-39,AUS,1629,sportstats
T100 Triathlon World Tour - Gold Coast,2026-03-22,100km Triathlon,100000,Lyndon Kendrick,4:20:31,,,,175,n40-44,AUS,1866,sportstats
T100 Triathlon World Tour - Gold Coast,2026-03-22,100km Triathlon,100000,Stuart Zahnleiter,4:20:35,,,,176,n35-39,AUS,1651,sportstats
T100 Triathlon World Tour - Gold Coast,2026-03-22,100km Triathlon,100000,Daniel Spatny,4:20:36,,,,177,n40-44,AUS,1925,sportstats
T100 Triathlon World Tour - Gold Coast,2026-03-22,100km Triathlon,100000,John Sheridan,4:20:38,,,,178,n55-59,AUS,2546,sportstats
T100 Triathlon World Tour - Gold Coast,2026-03-22,100km Triathlon,100000,Andrew Gilmour,4:20:42,,,,179,n40-44,AUS,1859,sportstats
T100 Triathlon World Tour - Gold Coast,2026-03-22,100km Triathlon,100000,Mina Bassilious,4:20:52,,,,180,n30-34,AUS,1301,sportstats
T100 Triathlon World Tour - Gold Coast,2026-03-22,100km Triathlon,100000,Peter Giljam,4:20:54,,,,181,n40-44,NLD,1797,sportstats
T100 Triathlon World Tour - Gold Coast,2026-03-22,100km Triathlon,100000,Tim Waldon,4:21:00,,,,182,n40-44,AUS,1939,sportstats
T100 Triathlon World Tour - Gold Coast,2026-03-22,100km Triathlon,100000,Hyekyeong Seo,4:21:01,,,,183,f35-39,KOR,1441,sportstats
T100 Triathlon World Tour - Gold Coast,2026-03-22,100km Triathlon,100000,Kane Draper,4:21:08,,,,184,n40-44,AUS,1907,sportstats
T100 Triathlon World Tour - Gold Coast,2026-03-22,100km Triathlon,100000,Tyron Easterbrook,4:21:29,,,,185,n50-54,AUS,2279,sportstats
T100 Triathlon World Tour - Gold Coast,2026-03-22,100km Triathlon,100000,Reece Sawyer,4:21:30,,,,186,n40-44,AUS,1895,sportstats
T100 Triathlon World Tour - Gold Coast,2026-03-22,100km Triathlon,100000,Eloise Rawsthorne,4:21:32,,,,187,f35-39,AUS,1457,sportstats
T100 Triathlon World Tour - Gold Coast,2026-03-22,100km Triathlon,100000,Murray Higgs,4:21:37,,,,188,n55-59,AUS,2506,sportstats
T100 Triathlon World Tour - Gold Coast,2026-03-22,100km Triathlon,100000,Nicholas Melville,4:21:47,,,,189,n35-39,AUS,1593,sportstats
T100 Triathlon World Tour - Gold Coast,2026-03-22,100km Triathlon,100000,Clarissa Frazer,4:21:52,,,,190,f25-29,AUS,1092,sportstats
T100 Triathlon World Tour - Gold Coast,2026-03-22,100km Triathlon,100000,Kate Cecil,4:21:58,,,,191,f40-44,AUS,1748,sportstats
T100 Triathlon World Tour - Gold Coast,2026-03-22,100km Triathlon,100000,Jackson French,4:22:00,,,,192,n35-39,AUS,1523,sportstats
T100 Triathlon World Tour - Gold Coast,2026-03-22,100km Triathlon,100000,Jonas Pirak,4:22:19,,,,193,n35-39,AUS,1640,sportstats
T100 Triathlon World Tour - Gold Coast,2026-03-22,100km Triathlon,100000,Jock Mcmahon,4:22:23,,,,194,n30-34,AUS,1373,sportstats
T100 Triathlon World Tour - Gold Coast,2026-03-22,100km Triathlon,100000,Andrew Wilson,4:22:23,,,,195,n35-39,AUS,1612,sportstats
T100 Triathlon World Tour - Gold Coast,2026-03-22,100km Triathlon,100000,Gyuhwang Lee,4:22:58,,,,196,n40-44,KOR,1943,sportstats
T100 Triathlon World Tour - Gold Coast,2026-03-22,100km Triathlon,100000,Sean Joyce,4:23:03,,,,197,n45-49,ZAF,2194,sportstats
T100 Triathlon World Tour - Gold Coast,2026-03-22,100km Triathlon,100000,Chris Mitchell,4:23:04,,,,198,n50-54,NZL,2294,sportstats
T100 Triathlon World Tour - Gold Coast,2026-03-22,100km Triathlon,100000,Lachlan Jamieson,4:23:10,,,,199,n25-29,AUS,1198,sportstats
T100 Triathlon World Tour - Gold Coast,2026-03-22,100km Triathlon,100000,Bryce Daly,4:23:23,,,,200,n25-29,AUS,1186,sportstats
T100 Triathlon World Tour - Gold Coast,2026-03-22,100km Triathlon,100000,Sarah Richmond,4:23:25,,,,201,f50-54,AUS,2209,sportstats
T100 Triathlon World Tour - Gold Coast,2026-03-22,100km Triathlon,100000,Harrison Scott,4:23:31,,,,202,n25-29,AUS,1179,sportstats
T100 Triathlon World Tour - Gold Coast,2026-03-22,100km Triathlon,100000,Daniel Lee,4:23:34,,,,203,n35-39,AUS,1520,sportstats
T100 Triathlon World Tour - Gold Coast,2026-03-22,100km Triathlon,100000,Brett Hemmings,4:23:59,,,,204,n40-44,AUS,1794,sportstats
T100 Triathlon World Tour - Gold Coast,2026-03-22,100km Triathlon,100000,Ryan Rae,4:23:59,,,,205,n45-49,AUS,2086,sportstats
T100 Triathlon World Tour - Gold Coast,2026-03-22,100km Triathlon,100000,Oliver Ashworth,4:24:06,,,,206,n45-49,AUS,2113,sportstats
T100 Triathlon World Tour - Gold Coast,2026-03-22,100km Triathlon,100000,Jacob James,4:24:10,,,,207,n20-24,AUS,1041,sportstats
T100 Triathlon World Tour - Gold Coast,2026-03-22,100km Triathlon,100000,Mark Gleeson,4:24:17,,,,208,n55-59,AUS,2504,sportstats
T100 Triathlon World Tour - Gold Coast,2026-03-22,100km Triathlon,100000,Andrew Garnsworthy,4:24:19,,,,209,n50-54,AUS,2315,sportstats
T100 Triathlon World Tour - Gold Coast,2026-03-22,100km Triathlon,100000,Ryan Williams,4:24:27,,,,210,n35-39,GBR,1665,sportstats
T100 Triathlon World Tour - Gold Coast,2026-03-22,100km Triathlon,100000,Anthony Best,4:24:31,,,,211,n50-54,AUS,2308,sportstats
T100 Triathlon World Tour - Gold Coast,2026-03-22,100km Triathlon,100000,Alice Adams,4:24:45,,,,212,f35-39,NZL,1440,sportstats
T100 Triathlon World Tour - Gold Coast,2026-03-22,100km Triathlon,100000,Wayne Foster,4:24:48,,,,213,n55-59,AUS,2526,sportstats
T100 Triathlon World Tour - Gold Coast,2026-03-22,100km Triathlon,100000,Helen Hutchinson,4:24:49,,,,214,f35-39,AUS,1462,sportstats
T100 Triathlon World Tour - Gold Coast,2026-03-22,100km Triathlon,100000,Alex Reznik,4:25:06,,,,215,n50-54,AUS,2292,sportstats
T100 Triathlon World Tour - Gold Coast,2026-03-22,100km Triathlon,100000,Paul Burnham,4:25:10,,,,216,n60-64,AUS,2637,sportstats
T100 Triathlon World Tour - Gold Coast,2026-03-22,100km Triathlon,100000,Alexandre Jorge,4:25:15,,,,217,n40-44,AUS,1823,sportstats
T100 Triathlon World Tour - Gold Coast,2026-03-22,100km Triathlon,100000,Nigel O Brien,4:25:22,,,,218,n35-39,IRL,1571,sportstats
T100 Triathlon World Tour - Gold Coast,2026-03-22,100km Triathlon,100000,Jack Foley,4:25:24,,,,219,n25-29,AUS,1154,sportstats
T100 Triathlon World Tour - Gold Coast,2026-03-22,100km Triathlon,100000,Michael Dalmour,4:25:54,,,,220,n30-34,AUS,1277,sportstats
T100 Triathlon World Tour - Gold Coast,2026-03-22,100km Triathlon,100000,Rebecca Jenner,4:25:57,,,,221,f35-39,AUS,1453,sportstats
T100 Triathlon World Tour - Gold Coast,2026-03-22,100km Triathlon,100000,Robert Thatcher,4:26:02,,,,222,n50-54,AUS,2323,sportstats
T100 Triathlon World Tour - Gold Coast,2026-03-22,100km Triathlon,100000,Andrew Lovelock,4:26:04,,,,223,n40-44,GBR,1860,sportstats
T100 Triathlon World Tour - Gold Coast,2026-03-22,100km Triathlon,100000,Hannah Gibson,4:26:05,,,,224,f30-34,AUS,1227,sportstats
T100 Triathlon World Tour - Gold Coast,2026-03-22,100km Triathlon,100000,James Barrett,4:26:09,,,,225,n30-34,AUS,1407,sportstats
T100 Triathlon World Tour - Gold Coast,2026-03-22,100km Triathlon,100000,Jen Howard,4:26:13,,,,226,f35-39,GBR,1450,sportstats
T100 Triathlon World Tour - Gold Coast,2026-03-22,100km Triathlon,100000,James Mccleery,4:26:17,,,,227,n40-44,AUS,1959,sportstats
T100 Triathlon World Tour - Gold Coast,2026-03-22,100km Triathlon,100000,Jordan Mills,4:26:23,,,,228,n35-39,AUS,1538,sportstats
T100 Triathlon World Tour - Gold Coast,2026-03-22,100km Triathlon,100000,Wade Ward,4:26:53,,,,229,n50-54,AUS,2272,sportstats
T100 Triathlon World Tour - Gold Coast,2026-03-22,100km Triathlon,100000,Benjamin Rogers,4:26:55,,,,230,n30-34,AUS,1402,sportstats
T100 Triathlon World Tour - Gold Coast,2026-03-22,100km Triathlon,100000,Bianca Hodgkins,4:27:08,,,,231,f30-34,AUS,1238,sportstats
T100 Triathlon World Tour - Gold Coast,2026-03-22,100km Triathlon,100000,Matthew Brome,4:27:14,,,,232,n35-39,AUS,1615,sportstats
T100 Triathlon World Tour - Gold Coast,2026-03-22,100km Triathlon,100000,Elise Wells,4:27:42,,,,233,f45-49,AUS,1966,sportstats
T100 Triathlon World Tour - Gold Coast,2026-03-22,100km Triathlon,100000,Kris Shepherd,4:27:55,,,,234,n35-39,AUS,1535,sportstats
T100 Triathlon World Tour - Gold Coast,2026-03-22,100km Triathlon,100000,Luke Kohler,4:28:12,,,,235,n40-44,AUS,1802,sportstats
T100 Triathlon World Tour - Gold Coast,2026-03-22,100km Triathlon,100000,Scott Behrendorff,4:28:13,,,,236,n40-44,AUS,1806,sportstats
T100 Triathlon World Tour - Gold Coast,2026-03-22,100km Triathlon,100000,Sarah Howitt,4:28:19,,,,237,f40-44,AUS,1751,sportstats
T100 Triathlon World Tour - Gold Coast,2026-03-22,100km Triathlon,100000,Mitchell Henry,4:28:20,,,,238,n35-39,AUS,1597,sportstats
T100 Triathlon World Tour - Gold Coast,2026-03-22,100km Triathlon,100000,Matthew Whelan,4:28:23,,,,239,n35-39,AUS,1544,sportstats
T100 Triathlon World Tour - Gold Coast,2026-03-22,100km Triathlon,100000,Danny Moore,4:28:25,,,,240,n50-54,AUS,2269,sportstats
T100 Triathlon World Tour - Gold Coast,2026-03-22,100km Triathlon,100000,Nadine Hunt,4:28:28,,,,241,f35-39,AUS,1464,sportstats
T100 Triathlon World Tour - Gold Coast,2026-03-22,100km Triathlon,100000,Ben Croker,4:28:35,,,,242,n35-39,AUS,1617,sportstats
T100 Triathlon World Tour - Gold Coast,2026-03-22,100km Triathlon,100000,Josh Womersley,4:28:36,,,,243,n25-29,AUS,1177,sportstats
T100 Triathlon World Tour - Gold Coast,2026-03-22,100km Triathlon,100000,Callum Lowe-Griffiths,4:28:45,,,,244,n25-29,AUS,1151,sportstats
T100 Triathlon World Tour - Gold Coast,2026-03-22,100km Triathlon,100000,Benjamin Wilkes,4:28:45,,,,245,n35-39,AUS,1608,sportstats
T100 Triathlon World Tour - Gold Coast,2026-03-22,100km Triathlon,100000,Cameron Whyte,4:28:52,,,,246,n50-54,NZL,2260,sportstats
T100 Triathlon World Tour - Gold Coast,2026-03-22,100km Triathlon,100000,Darryn Jackson,4:29:04,,,,247,n50-54,AUS,2338,sportstats
T100 Triathlon World Tour - Gold Coast,2026-03-22,100km Triathlon,100000,Holly Mills,4:29:20,,,,248,f25-29,GBR,1086,sportstats
T100 Triathlon World Tour - Gold Coast,2026-03-22,100km Triathlon,100000,Dan Potter,4:29:23,,,,249,n30-34,AUS,1292,sportstats
T100 Triathlon World Tour - Gold Coast,2026-03-22,100km Triathlon,100000,Aran Hayes,4:29:23,,,,250,n35-39,AUS,1652,sportstats
T100 Triathlon World Tour - Gold Coast,2026-03-22,100km Triathlon,100000,Martyn Reesby,4:29:23,,,,251,n60-64,NZL,2665,sportstats
T100 Triathlon World Tour - Gold Coast,2026-03-22,100km Triathlon,100000,David Bones,4:29:24,,,,252,n50-54,AUS,2266,sportstats
T100 Triathlon World Tour - Gold Coast,2026-03-22,100km Triathlon,100000,Georgia Wilson,4:29:26,,,,253,f25-29,AUS,1094,sportstats
T100 Triathlon World Tour - Gold Coast,2026-03-22,100km Triathlon,100000,Don Rowe,4:29:27,,,,254,n55-59,AUS,2491,sportstats
T100 Triathlon World Tour - Gold Coast,2026-03-22,100km Triathlon,100000,Sam Chaffey,4:29:30,,,,255,n30-34,AUS,1374,sportstats
T100 Triathlon World Tour - Gold Coast,2026-03-22,100km Triathlon,100000,Sarah Watson,4:29:33,,,,256,f45-49,AUS,2009,sportstats
T100 Triathlon World Tour - Gold Coast,2026-03-22,100km Triathlon,100000,Glenn Ireland,4:29:39,,,,257,n35-39,AUS,1548,sportstats
T100 Triathlon World Tour - Gold Coast,2026-03-22,100km Triathlon,100000,Arthur Pitt,4:29:44,,,,258,n30-34,AUS,1360,sportstats
T100 Triathlon World Tour - Gold Coast,2026-03-22,100km Triathlon,100000,Alex Ross,4:29:44,,,,259,n25-29,AUS,1203,sportstats
T100 Triathlon World Tour - Gold Coast,2026-03-22,100km Triathlon,100000,Phil Goodfellow,4:29:54,,,,260,n45-49,AUS,2102,sportstats
T100 Triathlon World Tour - Gold Coast,2026-03-22,100km Triathlon,100000,Chris Faast,4:29:56,,,,261,n45-49,AUS,2065,sportstats
T100 Triathlon World Tour - Gold Coast,2026-03-22,100km Triathlon,100000,Lindsay Ibbott,4:30:02,,,,262,f40-44,GBR,1734,sportstats
T100 Triathlon World Tour - Gold Coast,2026-03-22,100km Triathlon,100000,Tate Jones,4:30:06,,,,263,n50-54,AUS,2386,sportstats
T100 Triathlon World Tour - Gold Coast,2026-03-22,100km Triathlon,100000,James Duquette,4:30:10,,,,264,n35-39,USA,1677,sportstats
T100 Triathlon World Tour - Gold Coast,2026-03-22,100km Triathlon,100000,Kieren Denham,4:30:10,,,,265,n30-34,AUS,1274,sportstats
T100 Triathlon World Tour - Gold Coast,2026-03-22,100km Triathlon,100000,Jack Workman,4:30:14,,,,266,n35-39,AUS,1517,sportstats
T100 Triathlon World Tour - Gold Coast,2026-03-22,100km Triathlon,100000,Teimana Mohi,4:30:19,,,,267,n35-39,NZL,1669,sportstats
T100 Triathlon World Tour - Gold Coast,2026-03-22,100km Triathlon,100000,Peter Carne,4:30:19,,,,268,n55-59,AUS,2531,sportstats
T100 Triathlon World Tour - Gold Coast,2026-03-22,100km Triathlon,100000,Delanie Williams,4:30:23,,,,269,f40-44,AUS,1757,sportstats
T100 Triathlon World Tour - Gold Coast,2026-03-22,100km Triathlon,100000,Dean Galt,4:30:30,,,,270,n55-59,NZL,2454,sportstats
T100 Triathlon World Tour - Gold Coast,2026-03-22,100km Triathlon,100000,Jake Liaropoulos,4:30:31,,,,271,n25-29,AUS,1132,sportstats
T100 Triathlon World Tour - Gold Coast,2026-03-22,100km Triathlon,100000,Jack Reis,4:30:37,,,,272,n35-39,AUS,1650,sportstats
T100 Triathlon World Tour - Gold Coast,2026-03-22,100km Triathlon,100000,Chris Kimani,4:30:44,,,,273,n25-29,KEN,1170,sportstats
T100 Triathlon World Tour - Gold Coast,2026-03-22,100km Triathlon,100000,Michael Usher,4:30:48,,,,274,n35-39,AUS,1674,sportstats
T100 Triathlon World Tour - Gold Coast,2026-03-22,100km Triathlon,100000,Ross Hateley,4:30:53,,,,275,n55-59,AUS,2509,sportstats
T100 Triathlon World Tour - Gold Coast,2026-03-22,100km Triathlon,100000,Chris Radloff,4:30:54,,,,276,n25-29,AUS,1134,sportstats
T100 Triathlon World Tour - Gold Coast,2026-03-22,100km Triathlon,100000,Amy Morland,4:31:11,,,,277,f30-34,AUS,1244,sportstats
T100 Triathlon World Tour - Gold Coast,2026-03-22,100km Triathlon,100000,Samuel Kruger,4:31:18,,,,278,n25-29,AUS,1171,sportstats
T100 Triathlon World Tour - Gold Coast,2026-03-22,100km Triathlon,100000,Andrea Ramos-Angarita,4:31:27,,,,279,f35-39,COL,1473,sportstats
T100 Triathlon World Tour - Gold Coast,2026-03-22,100km Triathlon,100000,Andrew Jacobsen,4:31:33,,,,280,n50-54,AUS,2296,sportstats
T100 Triathlon World Tour - Gold Coast,2026-03-22,100km Triathlon,100000,Brenton Saunders,4:31:45,,,,281,n30-34,AUS,1376,sportstats
T100 Triathlon World Tour - Gold Coast,2026-03-22,100km Triathlon,100000,Alex Wohler,4:32:00,,,,282,n30-34,AUS,1410,sportstats
T100 Triathlon World Tour - Gold Coast,2026-03-22,100km Triathlon,100000,Harry Fisher,4:32:05,,,,283,n30-34,AUS,1364,sportstats
T100 Triathlon World Tour - Gold Coast,2026-03-22,100km Triathlon,100000,Annette Eastwood,4:32:06,,,,284,f45-49,AUS,1963,sportstats
T100 Triathlon World Tour - Gold Coast,2026-03-22,100km Triathlon,100000,Brad Merchant,4:32:13,,,,285,n45-49,AUS,2082,sportstats
T100 Triathlon World Tour - Gold Coast,2026-03-22,100km Triathlon,100000,Talia Copestake,4:32:21,,,,286,f35-39,NZL,1433,sportstats
T100 Triathlon World Tour - Gold Coast,2026-03-22,100km Triathlon,100000,Jen Hodgson,4:32:23,,,,287,f40-44,NZL,1730,sportstats
T100 Triathlon World Tour - Gold Coast,2026-03-22,100km Triathlon,100000,Cameron Thomson,4:32:32,,,,288,n35-39,NZL,1586,sportstats
T100 Triathlon World Tour - Gold Coast,2026-03-22,100km Triathlon,100000,Troy Smedley,4:32:43,,,,289,n40-44,AUS,1808,sportstats
T100 Triathlon World Tour - Gold Coast,2026-03-22,100km Triathlon,100000,Peter Rattray,4:32:46,,,,290,n40-44,NZL,1875,sportstats
T100 Triathlon World Tour - Gold Coast,2026-03-22,100km Triathlon,100000,Michael Bilsborough,4:32:53,,,,291,n55-59,GBR,2469,sportstats
T100 Triathlon World Tour - Gold Coast,2026-03-22,100km Triathlon,100000,Jose Justa,4:32:57,,,,292,n60-64,AUS,2627,sportstats
T100 Triathlon World Tour - Gold Coast,2026-03-22,100km Triathlon,100000,Lyle Ferdinando,4:32:58,,,,293,n45-49,AUS,2059,sportstats
T100 Triathlon World Tour - Gold Coast,2026-03-22,100km Triathlon,100000,Andrew Francey,4:33:16,,,,294,n50-54,AUS,2302,sportstats
T100 Triathlon World Tour - Gold Coast,2026-03-22,100km Triathlon,100000,Lance Dekker,4:33:17,,,,295,n40-44,AUS,1812,sportstats
T100 Triathlon World Tour - Gold Coast,2026-03-22,100km Triathlon,100000,Alex Bees,4:33:25,,,,296,n35-39,GBR,1516,sportstats
T100 Triathlon World Tour - Gold Coast,2026-03-22,100km Triathlon,100000,Joshua Nixon,4:33:33,,,,297,n30-34,AUS,1287,sportstats
T100 Triathlon World Tour - Gold Coast,2026-03-22,100km Triathlon,100000,Ryan Pusic,4:33:33,,,,298,n40-44,AUS,1845,sportstats
T100 Triathlon World Tour - Gold Coast,2026-03-22,100km Triathlon,100000,Emma Moon,4:33:47,,,,299,f40-44,AUS,1735,sportstats
T100 Triathlon World Tour - Gold Coast,2026-03-22,100km Triathlon,100000,Benjamin Mitchell,4:33:50,,,,300,n25-29,AUS,1140,sportstats
T100 Triathlon World Tour - Gold Coast,2026-03-22,100km Triathlon,100000,Sophie Hateley,4:33:57,,,,301,f20-24,AUS,1014,sportstats
T100 Triathlon World Tour - Gold Coast,2026-03-22,100km Triathlon,100000,Stuart Alsop,4:34:04,,,,302,n35-39,AUS,1602,sportstats
T100 Triathlon World Tour - Gold Coast,2026-03-22,100km Triathlon,100000,Tanya Mallie,4:34:04,,,,303,f45-49,AUS,1977,sportstats
T100 Triathlon World Tour - Gold Coast,2026-03-22,100km Triathlon,100000,Robert Buntine,4:34:24,,,,304,n50-54,AUS,2364,sportstats
T100 Triathlon World Tour - Gold Coast,2026-03-22,100km Triathlon,100000,Ryan Melville,4:34:24,,,,305,n35-39,AUS,1627,sportstats
T100 Triathlon World Tour - Gold Coast,2026-03-22,100km Triathlon,100000,Lachy Tate,4:34:25,,,,306,n25-29,AUS,1123,sportstats
T100 Triathlon World Tour - Gold Coast,2026-03-22,100km Triathlon,100000,Giovanni Pilu,4:34:27,,,,307,n55-59,AUS,2493,sportstats
T100 Triathlon World Tour - Gold Coast,2026-03-22,100km Triathlon,100000,Nathan Smith,4:34:37,,,,308,n30-34,AUS,1273,sportstats
T100 Triathlon World Tour - Gold Coast,2026-03-22,100km Triathlon,100000,Adam Lee,4:34:43,,,,309,n25-29,AUS,1149,sportstats
T100 Triathlon World Tour - Gold Coast,2026-03-22,100km Triathlon,100000,Tim Dunn,4:34:46,,,,310,n35-39,AUS,1649,sportstats
T100 Triathlon World Tour - Gold Coast,2026-03-22,100km Triathlon,100000,Andrew Burge,4:34:46,,,,311,n35-39,AUS,1639,sportstats
T100 Triathlon World Tour - Gold Coast,2026-03-22,100km Triathlon,100000,Peter Anderson,4:34:46,,,,312,n40-44,AUS,1803,sportstats
T100 Triathlon World Tour - Gold Coast,2026-03-22,100km Triathlon,100000,Joseph Cuttler,4:34:55,,,,313,n25-29,AUS,1184,sportstats
T100 Triathlon World Tour - Gold Coast,2026-03-22,100km Triathlon,100000,Adam Mallia,4:34:56,,,,314,n45-49,AUS,2150,sportstats
T100 Triathlon World Tour - Gold Coast,2026-03-22,100km Triathlon,100000,Riley Chrystal-Foy,4:35:02,,,,315,n25-29,AUS,1127,sportstats
T100 Triathlon World Tour - Gold Coast,2026-03-22,100km Triathlon,100000,Shelley Casey,4:35:07,,,,316,f35-39,AUS,1493,sportstats
T100 Triathlon World Tour - Gold Coast,2026-03-22,100km Triathlon,100000,Ryan Wharton,4:35:09,,,,317,n30-34,AUS,1341,sportstats
T100 Triathlon World Tour - Gold Coast,2026-03-22,100km Triathlon,100000,Tony Flanders,4:35:10,,,,318,n45-49,AUS,2185,sportstats
T100 Triathlon World Tour - Gold Coast,2026-03-22,100km Triathlon,100000,Simon Spicer,4:35:15,,,,319,n35-39,AUS,1561,sportstats
T100 Triathlon World Tour - Gold Coast,2026-03-22,100km Triathlon,100000,Jack Pidgeon,4:35:22,,,,320,n25-29,AUS,1128,sportstats
T100 Triathlon World Tour - Gold Coast,2026-03-22,100km Triathlon,100000,Shane Ling,4:35:22,,,,321,n40-44,AUS,1847,sportstats
T100 Triathlon World Tour - Gold Coast,2026-03-22,100km Triathlon,100000,Shelby Tillett,4:35:23,,,,322,f25-29,AUS,1090,sportstats
T100 Triathlon World Tour - Gold Coast,2026-03-22,100km Triathlon,100000,Jacob Beattie,4:35:27,,,,323,n20-24,NZL,1056,sportstats
T100 Triathlon World Tour - Gold Coast,2026-03-22,100km Triathlon,100000,Brandon Marangelli,4:35:42,,,,324,n30-34,AUS,1305,sportstats
T100 Triathlon World Tour - Gold Coast,2026-03-22,100km Triathlon,100000,Scott Sypek,4:35:53,,,,325,n45-49,AUS,2148,sportstats
T100 Triathlon World Tour - Gold Coast,2026-03-22,100km Triathlon,100000,Chris White,4:35:54,,,,326,n40-44,AUS,1931,sportstats
T100 Triathlon World Tour - Gold Coast,2026-03-22,100km Triathlon,100000,Emily Seymour,4:35:58,,,,327,f30-34,AUS,1224,sportstats
T100 Triathlon World Tour - Gold Coast,2026-03-22,100km Triathlon,100000,Samantha Monahan,4:35:59,,,,328,f50-54,AUS,2239,sportstats
T100 Triathlon World Tour - Gold Coast,2026-03-22,100km Triathlon,100000,Maria Kinkaid,4:36:03,,,,329,f30-34,IRL,1232,sportstats
T100 Triathlon World Tour - Gold Coast,2026-03-22,100km Triathlon,100000,Jack Taylor,4:36:03,,,,330,n35-39,AUS,1545,sportstats
T100 Triathlon World Tour - Gold Coast,2026-03-22,100km Triathlon,100000,Wade Fitzgerald,4:36:08,,,,331,n50-54,AUS,2309,sportstats
T100 Triathlon World Tour - Gold Coast,2026-03-22,100km Triathlon,100000,Mark Long,4:36:10,,,,332,n30-34,IRL,1318,sportstats
T100 Triathlon World Tour - Gold Coast,2026-03-22,100km Triathlon,100000,Lucy Bowen,4:36:12,,,,333,f20-24,AUS,1004,sportstats
T100 Triathlon World Tour - Gold Coast,2026-03-22,100km Triathlon,100000,Vicki Fleming,4:36:15,,,,334,f55-59,NZL,2431,sportstats
T100 Triathlon World Tour - Gold Coast,2026-03-22,100km Triathlon,100000,Leigh Rudd,4:36:15,,,,335,n50-54,AUS,2289,sportstats
T100 Triathlon World Tour - Gold Coast,2026-03-22,100km Triathlon,100000,Danny Carson,4:36:22,,,,336,n50-54,NZL,2367,sportstats
T100 Triathlon World Tour - Gold Coast,2026-03-22,100km Triathlon,100000,Atsushi Yanagida,4:36:28,,,,337,n45-49,JPN,2183,sportstats
T100 Triathlon World Tour - Gold Coast,2026-03-22,100km Triathlon,100000,Stefan Howe,4:36:28,,,,338,n45-49,NZL,2142,sportstats
T100 Triathlon World Tour - Gold Coast,2026-03-22,100km Triathlon,100000,Melinda Beer,4:36:36,,,,339,f40-44,AUS,1745,sportstats
T100 Triathlon World Tour - Gold Coast,2026-03-22,100km Triathlon,100000,Chloe Rosandich,4:36:38,,,,340,f35-39,NZL,1497,sportstats
T100 Triathlon World Tour - Gold Coast,2026-03-22,100km Triathlon,100000,Hefin Evans,4:36:40,,,,341,n35-39,AUS,1623,sportstats
T100 Triathlon World Tour - Gold Coast,2026-03-22,100km Triathlon,100000,Jay White,4:36:41,,,,342,n35-39,AUS,1553,sportstats
T100 Triathlon World Tour - Gold Coast,2026-03-22,100km Triathlon,100000,Carl Blundon,4:36:44,,,,343,n45-49,CAN,2120,sportstats
T100 Triathlon World Tour - Gold Coast,2026-03-22,100km Triathlon,100000,Olivia Swindells,4:36:52,,,,344,f20-24,AUS,1019,sportstats
T100 Triathlon World Tour - Gold Coast,2026-03-22,100km Triathlon,100000,Emma Gliddon,4:36:56,,,,345,f25-29,AUS,1089,sportstats
T100 Triathlon World Tour - Gold Coast,2026-03-22,100km Triathlon,100000,Tim Guinea,4:36:58,,,,346,n40-44,AUS,1858,sportstats
T100 Triathlon World Tour - Gold Coast,2026-03-22,100km Triathlon,100000,James Pepper,4:37:03,,,,347,n40-44,AUS,1902,sportstats
T100 Triathlon World Tour - Gold Coast,2026-03-22,100km Triathlon,100000,Benjamin Hyde,4:37:07,,,,348,n35-39,AUS,1638,sportstats
T100 Triathlon World Tour - Gold Coast,2026-03-22,100km Triathlon,100000,Daniel Fay,4:37:08,,,,349,n50-54,AUS,2276,sportstats
T100 Triathlon World Tour - Gold Coast,2026-03-22,100km Triathlon,100000,Tom Kuzma,4:37:09,,,,350,n30-34,AUS,1344,sportstats
T100 Triathlon World Tour - Gold Coast,2026-03-22,100km Triathlon,100000,Britt Welander,4:37:13,,,,351,f55-59,AUS,2412,sportstats
T100 Triathlon World Tour - Gold Coast,2026-03-22,100km Triathlon,100000,Robbie Carter,4:37:20,,,,352,n40-44,AUS,1810,sportstats
T100 Triathlon World Tour - Gold Coast,2026-03-22,100km Triathlon,100000,Chloe Canning,4:37:22,,,,353,f45-49,AUS,1998,sportstats
T100 Triathlon World Tour - Gold Coast,2026-03-22,100km Triathlon,100000,Shannon Hudson,4:37:23,,,,354,n45-49,AUS,2171,sportstats
T100 Triathlon World Tour - Gold Coast,2026-03-22,100km Triathlon,100000,Richard Gilby,4:37:24,,,,355,n40-44,AUS,1911,sportstats
T100 Triathlon World Tour - Gold Coast,2026-03-22,100km Triathlon,100000,Kevin Dearlove,4:37:30,,,,356,n45-49,AUS,2062,sportstats
T100 Triathlon World Tour - Gold Coast,2026-03-22,100km Triathlon,100000,Jye Hong,4:37:31,,,,357,n45-49,AUS,2081,sportstats
T100 Triathlon World Tour - Gold Coast,2026-03-22,100km Triathlon,100000,Ryan Keevers,4:37:33,,,,358,n30-34,AUS,1333,sportstats
T100 Triathlon World Tour - Gold Coast,2026-03-22,100km Triathlon,100000,Andrew Watson,4:37:35,,,,359,n50-54,AUS,2263,sportstats
T100 Triathlon World Tour - Gold Coast,2026-03-22,100km Triathlon,100000,Taj Presser,4:37:52,,,,360,n20-24,AUS,1049,sportstats
T100 Triathlon World Tour - Gold Coast,2026-03-22,100km Triathlon,100000,Brett Lentz,4:37:55,,,,361,n55-59,AUS,2518,sportstats
T100 Triathlon World Tour - Gold Coast,2026-03-22,100km Triathlon,100000,Jonathon Robran,4:37:59,,,,362,n50-54,AUS,2369,sportstats
T100 Triathlon World Tour - Gold Coast,2026-03-22,100km Triathlon,100000,Nathan Poll,4:38:00,,,,363,n40-44,AUS,1878,sportstats
T100 Triathlon World Tour - Gold Coast,2026-03-22,100km Triathlon,100000,Stephen Hadley,4:38:05,,,,364,n45-49,AUS,2051,sportstats
T100 Triathlon World Tour - Gold Coast,2026-03-22,100km Triathlon,100000,Iago Caldas Vasconcellos,4:38:10,,,,365,n30-34,BRA,1413,sportstats
T100 Triathlon World Tour - Gold Coast,2026-03-22,100km Triathlon,100000,Brett Ward,4:38:13,,,,366,n45-49,AUS,2050,sportstats
T100 Triathlon World Tour - Gold Coast,2026-03-22,100km Triathlon,100000,Gleb Puzyrev,4:38:21,,,,367,n45-49,AUS,2193,sportstats
T100 Triathlon World Tour - Gold Coast,2026-03-22,100km Triathlon,100000,Anne-Maree Boshoff,4:38:31,,,,368,f55-59,AUS,2429,sportstats
T100 Triathlon World Tour - Gold Coast,2026-03-22,100km Triathlon,100000,Brett Ison,4:38:32,,,,369,n50-54,AUS,2344,sportstats
T100 Triathlon World Tour - Gold Coast,2026-03-22,100km Triathlon,100000,Ellie Camilleri,4:38:36,,,,370,f25-29,AUS,1115,sportstats
T100 Triathlon World Tour - Gold Coast,2026-03-22,100km Triathlon,100000,Michael Donnellan,4:38:41,,,,371,n50-54,IRL,2358,sportstats
T100 Triathlon World Tour - Gold Coast,2026-03-22,100km Triathlon,100000,Davide Poli,4:38:53,,,,372,n35-39,ITA,1636,sportstats
T100 Triathlon World Tour - Gold Coast,2026-03-22,100km Triathlon,100000,Brendan Hoey,4:38:54,,,,373,n35-39,AUS,1542,sportstats
T100 Triathlon World Tour - Gold Coast,2026-03-22,100km Triathlon,100000,Mark Jenkins,4:38:57,,,,374,n50-54,AUS,2316,sportstats
T100 Triathlon World Tour - Gold Coast,2026-03-22,100km Triathlon,100000,Maxwell Arbiter,4:39:10,,,,375,n25-29,AUS,1199,sportstats
T100 Triathlon World Tour - Gold Coast,2026-03-22,100km Triathlon,100000,Ian Hemmings,4:39:21,,,,376,n60-64,AUS,2614,sportstats
T100 Triathlon World Tour - Gold Coast,2026-03-22,100km Triathlon,100000,Josh Butcher,4:39:21,,,,377,n30-34,NZL,1276,sportstats
T100 Triathlon World Tour - Gold Coast,2026-03-22,100km Triathlon,100000,Daniel Walford,4:39:26,,,,378,n35-39,AUS,1682,sportstats
T100 Triathlon World Tour - Gold Coast,2026-03-22,100km Triathlon,100000,Tobey Manning,4:39:30,,,,379,n20-24,AUS,1031,sportstats
T100 Triathlon World Tour - Gold Coast,2026-03-22,100km Triathlon,100000,Darren Piscioneri,4:39:32,,,,380,n55-59,AUS,2502,sportstats
T100 Triathlon World Tour - Gold Coast,2026-03-22,100km Triathlon,100000,Darren Griffiths,4:39:32,,,,381,n55-59,AUS,2527,sportstats
T100 Triathlon World Tour - Gold Coast,2026-03-22,100km Triathlon,100000,Simon Glastonbury,4:39:38,,,,382,n60-64,AUS,2658,sportstats
T100 Triathlon World Tour - Gold Coast,2026-03-22,100km Triathlon,100000,Sarah Mactaggart,4:39:40,,,,383,f25-29,AUS,1074,sportstats
T100 Triathlon World Tour - Gold Coast,2026-03-22,100km Triathlon,100000,Colin Giles,4:39:42,,,,384,n60-64,AUS,2655,sportstats
T100 Triathlon World Tour - Gold Coast,2026-03-22,100km Triathlon,100000,Jaclyn Murphy,4:39:48,,,,385,f35-39,AUS,1427,sportstats
T100 Triathlon World Tour - Gold Coast,2026-03-22,100km Triathlon,100000,Adam Walsh,4:39:52,,,,386,n50-54,AUS,2389,sportstats
T100 Triathlon World Tour - Gold Coast,2026-03-22,100km Triathlon,100000,Ben Rees,4:39:53,,,,387,n30-34,GBR,1414,sportstats
T100 Triathlon World Tour - Gold Coast,2026-03-22,100km Triathlon,100000,Alex Williams,4:40:02,,,,388,n35-39,AUS,1579,sportstats
T100 Triathlon World Tour - Gold Coast,2026-03-22,100km Triathlon,100000,Katherine Bolitho,4:40:02,,,,389,f25-29,USA,1075,sportstats
T100 Triathlon World Tour - Gold Coast,2026-03-22,100km Triathlon,100000,Pete Howden,4:40:02,,,,390,n65-69,AUS,2675,sportstats
T100 Triathlon World Tour - Gold Coast,2026-03-22,100km Triathlon,100000,Jill Mcbain,4:40:06,,,,391,f40-44,AUS,1710,sportstats
T100 Triathlon World Tour - Gold Coast,2026-03-22,100km Triathlon,100000,Francisco Carvalho Osorio De Souza,4:40:07,,,,392,n30-34,BRA,1329,sportstats
T100 Triathlon World Tour - Gold Coast,2026-03-22,100km Triathlon,100000,Chrissie Bowie,4:40:10,,,,393,f60-64,AUS,2566,sportstats
T100 Triathlon World Tour - Gold Coast,2026-03-22,100km Triathlon,100000,Benn Keighley,4:40:14,,,,394,n45-49,AUS,2158,sportstats
T100 Triathlon World Tour - Gold Coast,2026-03-22,100km Triathlon,100000,Bonnie White,4:40:15,,,,395,f25-29,AUS,1087,sportstats
T100 Triathlon World Tour - Gold Coast,2026-03-22,100km Triathlon,100000,Nicholas Chapman,4:40:15,,,,396,n30-34,AUS,1324,sportstats
T100 Triathlon World Tour - Gold Coast,2026-03-22,100km Triathlon,100000,James Hipwell,4:40:24,,,,397,n55-59,AUS,2495,sportstats
T100 Triathlon World Tour - Gold Coast,2026-03-22,100km Triathlon,100000,Elizabeth Newton,4:40:24,,,,398,f40-44,AUS,1711,sportstats
T100 Triathlon World Tour - Gold Coast,2026-03-22,100km Triathlon,100000,Toni Snoxell,4:40:30,,,,399,f35-39,ZAF,1487,sportstats
T100 Triathlon World Tour - Gold Coast,2026-03-22,100km Triathlon,100000,Brad Fraser,4:40:32,,,,400,n45-49,AUS,2052,sportstats
T100 Triathlon World Tour - Gold Coast,2026-03-22,100km Triathlon,100000,Ross Nihill,4:40:41,,,,401,n40-44,AUS,1777,sportstats
T100 Triathlon World Tour - Gold Coast,2026-03-22,100km Triathlon,100000,Mel Joyce,4:40:41,,,,402,f50-54,NZL,2225,sportstats
T100 Triathlon World Tour - Gold Coast,2026-03-22,100km Triathlon,100000,Caitlin Douglas,4:40:52,,,,403,f25-29,AUS,1100,sportstats
T100 Triathlon World Tour - Gold Coast,2026-03-22,100km Triathlon,100000,Alex Coe,4:40:55,,,,404,n30-34,AUS,1278,sportstats
T100 Triathlon World Tour - Gold Coast,2026-03-22,100km Triathlon,100000,Berto Pandolfo,4:41:03,,,,405,n60-64,AUS,2629,sportstats
T100 Triathlon World Tour - Gold Coast,2026-03-22,100km Triathlon,100000,Jodie Brighton,4:41:13,,,,406,f40-44,AUS,1698,sportstats
T100 Triathlon World Tour - Gold Coast,2026-03-22,100km Triathlon,100000,Eve O'Hare,4:41:16,,,,407,f45-49,AUS,2030,sportstats
T100 Triathlon World Tour - Gold Coast,2026-03-22,100km Triathlon,100000,Dean Phillips,4:41:23,,,,408,n40-44,AUS,1886,sportstats
T100 Triathlon World Tour - Gold Coast,2026-03-22,100km Triathlon,100000,Ricky Taylor,4:41:49,,,,409,n30-34,AUS,1322,sportstats
T100 Triathlon World Tour - Gold Coast,2026-03-22,100km Triathlon,100000,Ryan Evans,4:41:50,,,,410,n40-44,AUS,1941,sportstats
T100 Triathlon World Tour - Gold Coast,2026-03-22,100km Triathlon,100000,Mitch Hannan,4:41:50,,,,411,n30-34,AUS,1351,sportstats
T100 Triathlon World Tour - Gold Coast,2026-03-22,100km Triathlon,100000,Catherine Visona,4:42:00,,,,412,f50-54,AUS,2248,sportstats
T100 Triathlon World Tour - Gold Coast,2026-03-22,100km Triathlon,100000,Matt Llewellyn,4:42:26,,,,413,n30-34,AUS,1350,sportstats
T100 Triathlon World Tour - Gold Coast,2026-03-22,100km Triathlon,100000,Donna Fallon,4:42:26,,,,414,f35-39,AUS,1468,sportstats
T100 Triathlon World Tour - Gold Coast,2026-03-22,100km Triathlon,100000,Frances Besterman,4:42:35,,,,415,f35-39,AUS,1483,sportstats
T100 Triathlon World Tour - Gold Coast,2026-03-22,100km Triathlon,100000,Caroline Buckley,4:42:38,,,,416,f25-29,AUS,1071,sportstats
T100 Triathlon World Tour - Gold Coast,2026-03-22,100km Triathlon,100000,Tom Halse,4:42:41,,,,417,n35-39,NZL,1622,sportstats
T100 Triathlon World Tour - Gold Coast,2026-03-22,100km Triathlon,100000,Matt Grant,4:42:46,,,,418,n40-44,AUS,1788,sportstats
T100 Triathlon World Tour - Gold Coast,2026-03-22,100km Triathlon,100000,Alex Beazley,4:42:47,,,,419,n35-39,AUS,1558,sportstats
T100 Triathlon World Tour - Gold Coast,2026-03-22,100km Triathlon,100000,Ronie Palima,4:42:52,,,,420,n40-44,PHL,1850,sportstats
T100 Triathlon World Tour - Gold Coast,2026-03-22,100km Triathlon,100000,Alexander Thompson,4:43:01,,,,421,n35-39,GBR,1616,sportstats
T100 Triathlon World Tour - Gold Coast,2026-03-22,100km Triathlon,100000,Thomas Kelly,4:43:02,,,,422,n30-34,AUS,1391,sportstats
T100 Triathlon World Tour - Gold Coast,2026-03-22,100km Triathlon,100000,Jay Smithers,4:43:04,,,,423,n40-44,AUS,1949,sportstats
T100 Triathlon World Tour - Gold Coast,2026-03-22,100km Triathlon,100000,David Parle,4:43:06,,,,424,n55-59,AUS,2463,sportstats
T100 Triathlon World Tour - Gold Coast,2026-03-22,100km Triathlon,100000,Scottie Richard,4:43:16,,,,425,n40-44,AUS,1929,sportstats
T100 Triathlon World Tour - Gold Coast,2026-03-22,100km Triathlon,100000,Garry Alston,4:43:22,,,,426,n60-64,AUS,2661,sportstats
T100 Triathlon World Tour - Gold Coast,2026-03-22,100km Triathlon,100000,Timothy Lim,4:43:34,,,,427,n20-24,SGP,1035,sportstats
T100 Triathlon World Tour - Gold Coast,2026-03-22,100km Triathlon,100000,Izaak Kitching,4:43:37,,,,428,n25-29,AUS,1168,sportstats
T100 Triathlon World Tour - Gold Coast,2026-03-22,100km Triathlon,100000,Conor Burton,4:43:44,,,,429,n45-49,AUS,2077,sportstats
T100 Triathlon World Tour - Gold Coast,2026-03-22,100km Triathlon,100000,Agathe Gallery,4:43:48,,,,430,f40-44,FRA,1715,sportstats
T100 Triathlon World Tour - Gold Coast,2026-03-22,100km Triathlon,100000,Katherine Gill,4:43:49,,,,431,f35-39,ZAF,1469,sportstats
T100 Triathlon World Tour - Gold Coast,2026-03-22,100km Triathlon,100000,Scott Troldahl,4:43:52,,,,432,n30-34,AUS,1281,sportstats
T100 Triathlon World Tour - Gold Coast,2026-03-22,100km Triathlon,100000,Tom Fellow-Smith,4:43:52,,,,433,n35-39,AUS,1510,sportstats
T100 Triathlon World Tour - Gold Coast,2026-03-22,100km Triathlon,100000,Joshua Vallis,4:43:54,,,,434,n35-39,GBR,1646,sportstats
T100 Triathlon World Tour - Gold Coast,2026-03-22,100km Triathlon,100000,Caitlin Price,4:43:59,,,,435,f30-34,GBR,1255,sportstats
T100 Triathlon World Tour - Gold Coast,2026-03-22,100km Triathlon,100000,Darren Crowther,4:43:59,,,,436,n50-54,AUS,2297,sportstats
T100 Triathlon World Tour - Gold Coast,2026-03-22,100km Triathlon,100000,Tommy Wicht,4:44:00,,,,437,n40-44,AUS,1927,sportstats
T100 Triathlon World Tour - Gold Coast,2026-03-22,100km Triathlon,100000,Courtney Le Lay,4:44:11,,,,438,f35-39,AUS,1447,sportstats
T100 Triathlon World Tour - Gold Coast,2026-03-22,100km Triathlon,100000,Haylee Nicholls,4:44:26,,,,439,f40-44,AUS,1705,sportstats
T100 Triathlon World Tour - Gold Coast,2026-03-22,100km Triathlon,100000,Todd Williams,4:44:29,,,,440,n30-34,AUS,1355,sportstats
T100 Triathlon World Tour - Gold Coast,2026-03-22,100km Triathlon,100000,Ondrej Venter,4:44:29,,,,441,n35-39,AUS,1509,sportstats
T100 Triathlon World Tour - Gold Coast,2026-03-22,100km Triathlon,100000,Daniel Peeters,4:44:38,,,,442,n35-39,AUS,1637,sportstats
T100 Triathlon World Tour - Gold Coast,2026-03-22,100km Triathlon,100000,Miguel Tovar,4:44:38,,,,443,n55-59,VEN,2456,sportstats
T100 Triathlon World Tour - Gold Coast,2026-03-22,100km Triathlon,100000,Cameron Press,4:44:43,,,,444,n30-34,AUS,1335,sportstats
T100 Triathlon World Tour - Gold Coast,2026-03-22,100km Triathlon,100000,Ian Isaac,4:44:44,,,,445,n60-64,AUS,2652,sportstats
T100 Triathlon World Tour - Gold Coast,2026-03-22,100km Triathlon,100000,Nick Fiocco,4:44:46,,,,446,n25-29,AUS,1182,sportstats
T100 Triathlon World Tour - Gold Coast,2026-03-22,100km Triathlon,100000,Emma Hoy,4:44:47,,,,447,f30-34,AUS,1261,sportstats
T100 Triathlon World Tour - Gold Coast,2026-03-22,100km Triathlon,100000,Ross Mcdougall,4:44:47,,,,448,n45-49,AUS,2144,sportstats
T100 Triathlon World Tour - Gold Coast,2026-03-22,100km Triathlon,100000,Julie Howle,4:44:50,,,,449,f55-59,AUS,2406,sportstats
T100 Triathlon World Tour - Gold Coast,2026-03-22,100km Triathlon,100000,Tanya Brewer,4:44:57,,,,450,f50-54,AUS,2202,sportstats
T100 Triathlon World Tour - Gold Coast,2026-03-22,100km Triathlon,100000,Cooper Mccarthy,4:44:58,,,,451,n18-19,AUS,1025,sportstats
T100 Triathlon World Tour - Gold Coast,2026-03-22,100km Triathlon,100000,Jarrod Irving,4:44:58,,,,452,n35-39,AUS,1634,sportstats
T100 Triathlon World Tour - Gold Coast,2026-03-22,100km Triathlon,100000,Rebecca Ungermann,4:45:02,,,,453,f35-39,AUS,1470,sportstats
T100 Triathlon World Tour - Gold Coast,2026-03-22,100km Triathlon,100000,Michael Brennan,4:45:02,,,,454,n35-39,AUS,1547,sportstats
T100 Triathlon World Tour - Gold Coast,2026-03-22,100km Triathlon,100000,Steven Wong,4:45:10,,,,455,n20-24,AUS,1040,sportstats
T100 Triathlon World Tour - Gold Coast,2026-03-22,100km Triathlon,100000,Emma Bessant,4:45:13,,,,456,f35-39,AUS,1480,sportstats
T100 Triathlon World Tour - Gold Coast,2026-03-22,100km Triathlon,100000,Nadja Kundrus-Little,4:45:16,,,,457,f40-44,AUS,1750,sportstats
T100 Triathlon World Tour - Gold Coast,2026-03-22,100km Triathlon,100000,Dom Toole,4:45:31,,,,458,n55-59,AUS,2553,sportstats
T100 Triathlon World Tour - Gold Coast,2026-03-22,100km Triathlon,100000,David Loader,4:45:37,,,,459,n60-64,NZL,2657,sportstats
T100 Triathlon World Tour - Gold Coast,2026-03-22,100km Triathlon,100000,Jennifer Lovelock,4:45:50,,,,460,f40-44,GBR,1716,sportstats
T100 Triathlon World Tour - Gold Coast,2026-03-22,100km Triathlon,100000,Benjamin Chia,4:45:57,,,,461,n25-29,SGP,1166,sportstats
T100 Triathlon World Tour - Gold Coast,2026-03-22,100km Triathlon,100000,Rory Carter,4:45:58,,,,462,n40-44,NZL,1801,sportstats
T100 Triathlon World Tour - Gold Coast,2026-03-22,100km Triathlon,100000,Reece Danaher,4:46:03,,,,463,n35-39,AUS,1554,sportstats
T100 Triathlon World Tour - Gold Coast,2026-03-22,100km Triathlon,100000,David Von Hirschberg,4:46:04,,,,464,n55-59,AUS,2459,sportstats
T100 Triathlon World Tour - Gold Coast,2026-03-22,100km Triathlon,100000,Carmine Iovino,4:46:04,,,,465,n35-39,AUS,1582,sportstats
T100 Triathlon World Tour - Gold Coast,2026-03-22,100km Triathlon,100000,Laura Joyce,4:46:11,,,,466,f25-29,IRL,1104,sportstats
T100 Triathlon World Tour - Gold Coast,2026-03-22,100km Triathlon,100000,Lynaire Parish,4:46:17,,,,467,f45-49,NZL,1964,sportstats
T100 Triathlon World Tour - Gold Coast,2026-03-22,100km Triathlon,100000,Tyson Newcombe,4:46:23,,,,468,n45-49,AUS,2057,sportstats
T100 Triathlon World Tour - Gold Coast,2026-03-22,100km Triathlon,100000,Joshua Aylott,4:46:25,,,,469,n25-29,GBR,1174,sportstats
T100 Triathlon World Tour - Gold Coast,2026-03-22,100km Triathlon,100000,Jaesun Kim,4:46:27,,,,470,n40-44,AUS,1853,sportstats
T100 Triathlon World Tour - Gold Coast,2026-03-22,100km Triathlon,100000,Liam Stephen,4:46:28,,,,471,n20-24,AUS,1051,sportstats
T100 Triathlon World Tour - Gold Coast,2026-03-22,100km Triathlon,100000,Caleb Neale,4:46:30,,,,472,n25-29,AUS,1143,sportstats
T100 Triathlon World Tour - Gold Coast,2026-03-22,100km Triathlon,100000,Nick Coull,4:46:30,,,,473,n45-49,AUS,2152,sportstats
T100 Triathlon World Tour - Gold Coast,2026-03-22,100km Triathlon,100000,Tom Stevens,4:46:32,,,,474,n40-44,NZL,1789,sportstats
T100 Triathlon World Tour - Gold Coast,2026-03-22,100km Triathlon,100000,Cian Healy,4:46:34,,,,475,n35-39,AUS,1513,sportstats
T100 Triathlon World Tour - Gold Coast,2026-03-22,100km Triathlon,100000,Marion Desaunettes,4:46:35,,,,476,f35-39,FRA,1492,sportstats
T100 Triathlon World Tour - Gold Coast,2026-03-22,100km Triathlon,100000,Mardi Cuthbert,4:46:38,,,,477,f35-39,AUS,1428,sportstats
T100 Triathlon World Tour - Gold Coast,2026-03-22,100km Triathlon,100000,Isacc Sanderson,4:46:39,,,,478,n25-29,AUS,1120,sportstats
T100 Triathlon World Tour - Gold Coast,2026-03-22,100km Triathlon,100000,Craig Sayer,4:46:41,,,,479,n60-64,AUS,2648,sportstats
T100 Triathlon World Tour - Gold Coast,2026-03-22,100km Triathlon,100000,Jade Szann,4:46:47,,,,480,f40-44,AUS,1744,sportstats
T100 Triathlon World Tour - Gold Coast,2026-03-22,100km Triathlon,100000,Ryan Christensen,4:46:51,,,,481,n35-39,AUS,1644,sportstats
T100 Triathlon World Tour - Gold Coast,2026-03-22,100km Triathlon,100000,Bryan Ingram,4:47:08,,,,482,n45-49,AUS,2190,sportstats
T100 Triathlon World Tour - Gold Coast,2026-03-22,100km Triathlon,100000,Paul Billing,4:47:15,,,,483,n40-44,AUS,1904,sportstats
T100 Triathlon World Tour - Gold Coast,2026-03-22,100km Triathlon,100000,Sam Colman,4:47:16,,,,484,n55-59,AUS,2452,sportstats
T100 Triathlon World Tour - Gold Coast,2026-03-22,100km Triathlon,100000,Liam Gardner,4:47:26,,,,485,n25-29,AUS,1144,sportstats
T100 Triathlon World Tour - Gold Coast,2026-03-22,100km Triathlon,100000,Christopher Walker,4:47:28,,,,486,n35-39,AUS,1549,sportstats
T100 Triathlon World Tour - Gold Coast,2026-03-22,100km Triathlon,100000,Daniel Carini,4:47:35,,,,487,n55-59,AUS,2455,sportstats
T100 Triathlon World Tour - Gold Coast,2026-03-22,100km Triathlon,100000,Tanya Brown,4:47:47,,,,488,f50-54,AUS,2231,sportstats
T100 Triathlon World Tour - Gold Coast,2026-03-22,100km Triathlon,100000,Sue Hailes,4:48:00,,,,489,f50-54,AUS,2246,sportstats
T100 Triathlon World Tour - Gold Coast,2026-03-22,100km Triathlon,100000,Emma Hanrahan,4:48:05,,,,490,f30-34,AUS,1260,sportstats
T100 Triathlon World Tour - Gold Coast,2026-03-22,100km Triathlon,100000,Anna Cock,4:48:13,,,,491,f50-54,AUS,2218,sportstats
T100 Triathlon World Tour - Gold Coast,2026-03-22,100km Triathlon,100000,Lauren Nash,4:48:15,,,,492,f25-29,AUS,1102,sportstats
T100 Triathlon World Tour - Gold Coast,2026-03-22,100km Triathlon,100000,Sonsoles Martin,4:48:22,,,,493,f40-44,ESP,1729,sportstats
T100 Triathlon World Tour - Gold Coast,2026-03-22,100km Triathlon,100000,Andrew Mckellar,4:48:29,,,,494,n50-54,AUS,2293,sportstats
T100 Triathlon World Tour - Gold Coast,2026-03-22,100km Triathlon,100000,Jeff Davis,4:48:38,,,,495,n45-49,AUS,2109,sportstats
T100 Triathlon World Tour - Gold Coast,2026-03-22,100km Triathlon,100000,Charles Henwood,4:48:44,,,,496,n50-54,AUS,2346,sportstats
T100 Triathlon World Tour - Gold Coast,2026-03-22,100km Triathlon,100000,Daniel Shane,4:49:05,,,,497,n25-29,AUS,1189,sportstats
T100 Triathlon World Tour - Gold Coast,2026-03-22,100km Triathlon,100000,Ben Doughty,4:49:08,,,,498,n40-44,AUS,1781,sportstats
T100 Triathlon World Tour - Gold Coast,2026-03-22,100km Triathlon,100000,Ryan Stone,4:49:10,,,,499,n25-29,AUS,1130,sportstats
T100 Triathlon World Tour - Gold Coast,2026-03-22,100km Triathlon,100000,Jesse Hardman,4:49:11,,,,500,n30-34,AUS,1399,sportstats
T100 Triathlon World Tour - Gold Coast,2026-03-22,100km Triathlon,100000,Nathan Paff,4:49:17,,,,501,n30-34,AUS,1298,sportstats
T100 Triathlon World Tour - Gold Coast,2026-03-22,100km Triathlon,100000,Terrance Britt,4:49:21,,,,502,n45-49,AUS,2175,sportstats
T100 Triathlon World Tour - Gold Coast,2026-03-22,100km Triathlon,100000,Wayne Knott,4:49:24,,,,503,n60-64,AUS,2623,sportstats
T100 Triathlon World Tour - Gold Coast,2026-03-22,100km Triathlon,100000,Clive Pearce,4:49:24,,,,504,n50-54,AUS,2371,sportstats
T100 Triathlon World Tour - Gold Coast,2026-03-22,100km Triathlon,100000,Michael Mellows,4:49:33,,,,505,n35-39,GBR,1679,sportstats
T100 Triathlon World Tour - Gold Coast,2026-03-22,100km Triathlon,100000,Carly Francis,4:49:41,,,,506,f45-49,NZL,2007,sportstats
T100 Triathlon World Tour - Gold Coast,2026-03-22,100km Triathlon,100000,Matthew Heywood,4:49:49,,,,507,n30-34,AUS,1316,sportstats
T100 Triathlon World Tour - Gold Coast,2026-03-22,100km Triathlon,100000,Vanessa Herbert,4:50:00,,,,508,f55-59,AUS,2415,sportstats
T100 Triathlon World Tour - Gold Coast,2026-03-22,100km Triathlon,100000,James Knight,4:50:17,,,,509,n50-54,AUS,2352,sportstats
T100 Triathlon World Tour - Gold Coast,2026-03-22,100km Triathlon,100000,Lachlan Young,4:50:26,,,,510,n25-29,AUS,1164,sportstats
T100 Triathlon World Tour - Gold Coast,2026-03-22,100km Triathlon,100000,Stuart Mendel,4:50:46,,,,511,n55-59,AUS,2542,sportstats
T100 Triathlon World Tour - Gold Coast,2026-03-22,100km Triathlon,100000,Ernesto Abedumdelima,4:50:47,,,,512,n65-69,MEX,2677,sportstats
T100 Triathlon World Tour - Gold Coast,2026-03-22,100km Triathlon,100000,Belinda Leppien,4:50:49,,,,513,f45-49,AUS,1974,sportstats
T100 Triathlon World Tour - Gold Coast,2026-03-22,100km Triathlon,100000,Niall Mcnicholl,4:50:51,,,,514,n25-29,IRL,1145,sportstats
T100 Triathlon World Tour - Gold Coast,2026-03-22,100km Triathlon,100000,Craig Pringle,4:50:55,,,,515,n30-34,GBR,1401,sportstats
T100 Triathlon World Tour - Gold Coast,2026-03-22,100km Triathlon,100000,Robert Macfarlane,4:50:58,,,,516,n55-59,AUS,2547,sportstats
T100 Triathlon World Tour - Gold Coast,2026-03-22,100km Triathlon,100000,Gemma Ansell,4:51:07,,,,517,f40-44,AUS,1741,sportstats
T100 Triathlon World Tour - Gold Coast,2026-03-22,100km Triathlon,100000,Dylan Keam,4:51:15,,,,518,n35-39,AUS,1550,sportstats
T100 Triathlon World Tour - Gold Coast,2026-03-22,100km Triathlon,100000,Ashley Bates,4:51:23,,,,519,n55-59,AUS,2465,sportstats
T100 Triathlon World Tour - Gold Coast,2026-03-22,100km Triathlon,100000,Andrew Fox,4:51:33,,,,520,n60-64,AUS,2620,sportstats
T100 Triathlon World Tour - Gold Coast,2026-03-22,100km Triathlon,100000,Mackenzie Tierney,4:51:35,,,,521,n25-29,AUS,1204,sportstats
T100 Triathlon World Tour - Gold Coast,2026-03-22,100km Triathlon,100000,Mitchell Lewis,4:51:43,,,,522,n30-34,AUS,1338,sportstats
T100 Triathlon World Tour - Gold Coast,2026-03-22,100km Triathlon,100000,Cat O'Leary,4:51:51,,,,523,f25-29,AUS,1109,sportstats
T100 Triathlon World Tour - Gold Coast,2026-03-22,100km Triathlon,100000,Ashleigh Allred,4:51:54,,,,524,f20-24,AUS,1021,sportstats
T100 Triathlon World Tour - Gold Coast,2026-03-22,100km Triathlon,100000,June Lucel Bastida,4:51:56,,,,525,n30-34,PHL,1411,sportstats
T100 Triathlon World Tour - Gold Coast,2026-03-22,100km Triathlon,100000,Ben Chan,4:51:57,,,,526,n40-44,AUS,1926,sportstats
T100 Triathlon World Tour - Gold Coast,2026-03-22,100km Triathlon,100000,Julie Ashwood,4:52:08,,,,527,f55-59,AUS,2407,sportstats
T100 Triathlon World Tour - Gold Coast,2026-03-22,100km Triathlon,100000,Tristan Lahey,4:52:09,,,,528,n35-39,AUS,1654,sportstats
T100 Triathlon World Tour - Gold Coast,2026-03-22,100km Triathlon,100000,Bronwen Anderson,4:52:13,,,,529,f25-29,AUS,1110,sportstats
T100 Triathlon World Tour - Gold Coast,2026-03-22,100km Triathlon,100000,Dave Scott,4:52:14,,,,530,n60-64,NZL,2660,sportstats
T100 Triathlon World Tour - Gold Coast,2026-03-22,100km Triathlon,100000,Aaron Cranshaw,4:52:26,,,,531,n55-59,NZL,2453,sportstats
T100 Triathlon World Tour - Gold Coast,2026-03-22,100km Triathlon,100000,Jocie Evison,4:52:26,,,,532,f50-54,AUS,2241,sportstats
T100 Triathlon World Tour - Gold Coast,2026-03-22,100km Triathlon,100000,Jay Lenton-White,4:52:34,,,,533,n30-34,AUS,1307,sportstats
T100 Triathlon World Tour - Gold Coast,2026-03-22,100km Triathlon,100000,Brett Ridley,4:52:37,,,,534,n40-44,AUS,1796,sportstats
T100 Triathlon World Tour - Gold Coast,2026-03-22,100km Triathlon,100000,Seamus Harnett,4:52:42,,,,535,n30-34,IRL,1375,sportstats
T100 Triathlon World Tour - Gold Coast,2026-03-22,100km Triathlon,100000,Shania Gammaldi,4:52:45,,,,536,f25-29,AUS,1072,sportstats
T100 Triathlon World Tour - Gold Coast,2026-03-22,100km Triathlon,100000,Steven Stalley,4:52:59,,,,537,n50-54,AUS,2395,sportstats
T100 Triathlon World Tour - Gold Coast,2026-03-22,100km Triathlon,100000,Jimbo Sanderson,4:53:03,,,,538,n45-49,AUS,2176,sportstats
T100 Triathlon World Tour - Gold Coast,2026-03-22,100km Triathlon,100000,Nick Jackson,4:53:05,,,,539,n35-39,AUS,1630,sportstats
T100 Triathlon World Tour - Gold Coast,2026-03-22,100km Triathlon,100000,Damian Costigan,4:53:09,,,,540,n60-64,AUS,2642,sportstats
T100 Triathlon World Tour - Gold Coast,2026-03-22,100km Triathlon,100000,Adam Cartmell,4:53:11,,,,541,n40-44,AUS,1955,sportstats
T100 Triathlon World Tour - Gold Coast,2026-03-22,100km Triathlon,100000,Nobuhisa Matsumoto,4:53:14,,,,542,n55-59,JPN,2560,sportstats
T100 Triathlon World Tour - Gold Coast,2026-03-22,100km Triathlon,100000,Sam Harvey,4:53:15,,,,543,n30-34,AUS,1345,sportstats
T100 Triathlon World Tour - Gold Coast,2026-03-22,100km Triathlon,100000,Cameron Woodvine,4:53:20,,,,544,n25-29,AUS,1173,sportstats
T100 Triathlon World Tour - Gold Coast,2026-03-22,100km Triathlon,100000,Jason Selman,4:53:25,,,,545,n55-59,AUS,2479,sportstats
T100 Triathlon World Tour - Gold Coast,2026-03-22,100km Triathlon,100000,Matthew Cronan,4:53:32,,,,546,n40-44,AUS,1763,sportstats
T100 Triathlon World Tour - Gold Coast,2026-03-22,100km Triathlon,100000,Amy De Sylva,4:53:33,,,,547,f30-34,AUS,1254,sportstats
T100 Triathlon World Tour - Gold Coast,2026-03-22,100km Triathlon,100000,Kevin Griffiths,4:53:33,,,,548,n55-59,AUS,2488,sportstats
T100 Triathlon World Tour - Gold Coast,2026-03-22,100km Triathlon,100000,Joanne Mclaughlan,4:53:50,,,,549,f55-59,AUS,2441,sportstats
T100 Triathlon World Tour - Gold Coast,2026-03-22,100km Triathlon,100000,Simon Bradbery,4:53:57,,,,550,n40-44,AUS,1889,sportstats
T100 Triathlon World Tour - Gold Coast,2026-03-22,100km Triathlon,100000,Kathleen Munson,4:54:00,,,,551,f40-44,USA,1718,sportstats
T100 Triathlon World Tour - Gold Coast,2026-03-22,100km Triathlon,100000,Nikolche Davchevski,4:54:16,,,,552,n40-44,MKD,1885,sportstats
T100 Triathlon World Tour - Gold Coast,2026-03-22,100km Triathlon,100000,Richard Malouf,4:54:18,,,,553,n40-44,AUS,1913,sportstats
T100 Triathlon World Tour - Gold Coast,2026-03-22,100km Triathlon,100000,Jessica Schaffer,4:54:22,,,,554,f35-39,AUS,1478,sportstats
T100 Triathlon World Tour - Gold Coast,2026-03-22,100km Triathlon,100000,Paul Edwards,4:54:26,,,,555,n50-54,GBR,2385,sportstats
T100 Triathlon World Tour - Gold Coast,2026-03-22,100km Triathlon,100000,Kelly Wright,4:54:28,,,,556,f40-44,AUS,1728,sportstats
T100 Triathlon World Tour - Gold Coast,2026-03-22,100km Triathlon,100000,Lucy Kitching,4:54:30,,,,557,f35-39,AUS,1465,sportstats
T100 Triathlon World Tour - Gold Coast,2026-03-22,100km Triathlon,100000,Ruben Garcia Mohedano,4:54:38,,,,558,n40-44,ESP,1910,sportstats
T100 Triathlon World Tour - Gold Coast,2026-03-22,100km Triathlon,100000,Paige Bliss,4:54:47,,,,559,f35-39,AUS,1472,sportstats
T100 Triathlon World Tour - Gold Coast,2026-03-22,100km Triathlon,100000,Dean Gorman,4:54:58,,,,560,n40-44,GBR,1787,sportstats
T100 Triathlon World Tour - Gold Coast,2026-03-22,100km Triathlon,100000,Kevin Clapton,4:54:58,,,,561,n35-39,AUS,1559,sportstats
T100 Triathlon World Tour - Gold Coast,2026-03-22,100km Triathlon,100000,Camilla Swenson,4:55:01,,,,562,f40-44,AUS,1739,sportstats
T100 Triathlon World Tour - Gold Coast,2026-03-22,100km Triathlon,100000,Julie Whitton,4:55:01,,,,563,f40-44,AUS,1756,sportstats
T100 Triathlon World Tour - Gold Coast,2026-03-22,100km Triathlon,100000,Peter Kelly,4:55:10,,,,564,n55-59,AUS,2490,sportstats
T100 Triathlon World Tour - Gold Coast,2026-03-22,100km Triathlon,100000,Vicky Dawkins,4:55:11,,,,565,f45-49,AUS,2026,sportstats
T100 Triathlon World Tour - Gold Coast,2026-03-22,100km Triathlon,100000,Nicholas Chan,4:55:13,,,,566,n35-39,AUS,1620,sportstats
T100 Triathlon World Tour - Gold Coast,2026-03-22,100km Triathlon,100000,Ben Payne,4:55:14,,,,567,n35-39,NZL,1655,sportstats
T100 Triathlon World Tour - Gold Coast,2026-03-22,100km Triathlon,100000,Edwina Woods,4:55:17,,,,568,f40-44,AUS,1747,sportstats
T100 Triathlon World Tour - Gold Coast,2026-03-22,100km Triathlon,100000,Philip Hayes,4:55:18,,,,569,n45-49,IRL,2090,sportstats
T100 Triathlon World Tour - Gold Coast,2026-03-22,100km Triathlon,100000,Tony Young,4:55:29,,,,570,n55-59,AUS,2457,sportstats
T100 Triathlon World Tour - Gold Coast,2026-03-22,100km Triathlon,100000,Leon Xing,4:55:33,,,,571,n35-39,AUS,1672,sportstats
T100 Triathlon World Tour - Gold Coast,2026-03-22,100km Triathlon,100000,Andrew Hewitt,4:55:41,,,,572,n40-44,AUS,1855,sportstats
T100 Triathlon World Tour - Gold Coast,2026-03-22,100km Triathlon,100000,Kim Lun Lui,4:55:41,,,,573,n45-49,HKG,2070,sportstats
T100 Triathlon World Tour - Gold Coast,2026-03-22,100km Triathlon,100000,Liam Finnan,4:55:56,,,,574,n25-29,IRL,1178,sportstats
T100 Triathlon World Tour - Gold Coast,2026-03-22,100km Triathlon,100000,Chad Fitzgerald,4:56:00,,,,575,n45-49,AUS,2066,sportstats
T100 Triathlon World Tour - Gold Coast,2026-03-22,100km Triathlon,100000,Sherie Bates,4:56:02,,,,576,f50-54,AUS,2201,sportstats
T100 Triathlon World Tour - Gold Coast,2026-03-22,100km Triathlon,100000,Sean Burrell-Sinclair,4:56:06,,,,577,n35-39,AUS,1607,sportstats
T100 Triathlon World Tour - Gold Coast,2026-03-22,100km Triathlon,100000,Jordan Roberts,4:56:15,,,,578,n35-39,AUS,1568,sportstats
T100 Triathlon World Tour - Gold Coast,2026-03-22,100km Triathlon,100000,Charlie Graham,4:56:16,,,,579,n30-34,AUS,1342,sportstats
T100 Triathlon World Tour - Gold Coast,2026-03-22,100km Triathlon,100000,James Leonard,4:56:18,,,,580,n45-49,AUS,2178,sportstats
T100 Triathlon World Tour - Gold Coast,2026-03-22,100km Triathlon,100000,David Mcinerney,4:56:18,,,,581,n50-54,AUS,2290,sportstats
T100 Triathlon World Tour - Gold Coast,2026-03-22,100km Triathlon,100000,David Diviny,4:56:32,,,,582,n40-44,AUS,1942,sportstats
T100 Triathlon World Tour - Gold Coast,2026-03-22,100km Triathlon,100000,Dan Cameron,4:56:35,,,,583,n30-34,AUS,1409,sportstats
T100 Triathlon World Tour - Gold Coast,2026-03-22,100km Triathlon,100000,Angela Clarke,4:56:43,,,,584,f60-64,AUS,2568,sportstats
T100 Triathlon World Tour - Gold Coast,2026-03-22,100km Triathlon,100000,Ryan Guilfoyle,4:56:44,,,,585,n30-34,IRL,1293,sportstats
T100 Triathlon World Tour - Gold Coast,2026-03-22,100km Triathlon,100000,Sebastian Gallery,4:56:45,,,,586,n45-49,AUS,2091,sportstats
T100 Triathlon World Tour - Gold Coast,2026-03-22,100km Triathlon,100000,Ashley Sheather,4:56:47,,,,587,n35-39,AUS,1604,sportstats
T100 Triathlon World Tour - Gold Coast,2026-03-22,100km Triathlon,100000,Trineane Patch,4:56:47,,,,588,f45-49,AUS,1971,sportstats
T100 Triathlon World Tour - Gold Coast,2026-03-22,100km Triathlon,100000,Nicole Cox,4:56:55,,,,589,f50-54,AUS,2256,sportstats
T100 Triathlon World Tour - Gold Coast,2026-03-22,100km Triathlon,100000,Jonathan Davies,4:57:04,,,,590,n30-34,AUS,1334,sportstats
T100 Triathlon World Tour - Gold Coast,2026-03-22,100km Triathlon,100000,Hugues Garnier,4:57:05,,,,591,n55-59,FRA,2520,sportstats
T100 Triathlon World Tour - Gold Coast,2026-03-22,100km Triathlon,100000,James Gray-Spence,4:57:06,,,,592,n40-44,AUS,1890,sportstats
T100 Triathlon World Tour - Gold Coast,2026-03-22,100km Triathlon,100000,Stephen Kettley,4:57:14,,,,593,n45-49,AUS,2135,sportstats
T100 Triathlon World Tour - Gold Coast,2026-03-22,100km Triathlon,100000,Christopher Smith,4:57:23,,,,594,n45-49,AUS,2118,sportstats
T100 Triathlon World Tour - Gold Coast,2026-03-22,100km Triathlon,100000,Lauren Dredge,4:57:31,,,,595,f40-44,AUS,1717,sportstats
T100 Triathlon World Tour - Gold Coast,2026-03-22,100km Triathlon,100000,Caroline Finn,4:57:33,,,,596,f35-39,IRL,1460,sportstats
T100 Triathlon World Tour - Gold Coast,2026-03-22,100km Triathlon,100000,Jason Lisle,4:57:35,,,,597,n45-49,AUS,2056,sportstats
T100 Triathlon World Tour - Gold Coast,2026-03-22,100km Triathlon,100000,Adam Lancey,4:57:42,,,,598,n45-49,AUS,2107,sportstats
T100 Triathlon World Tour - Gold Coast,2026-03-22,100km Triathlon,100000,Matt Shelton,4:57:50,,,,599,n45-49,AUS,2117,sportstats
T100 Triathlon World Tour - Gold Coast,2026-03-22,100km Triathlon,100000,Jason Roberts,4:57:52,,,,600,n50-54,AUS,2271,sportstats
T100 Triathlon World Tour - Gold Coast,2026-03-22,100km Triathlon,100000,Andrew Grover,4:57:56,,,,601,n55-59,AUS,2468,sportstats
T100 Triathlon World Tour - Gold Coast,2026-03-22,100km Triathlon,100000,James Leach,4:58:01,,,,602,n40-44,AUS,1932,sportstats
T100 Triathlon World Tour - Gold Coast,2026-03-22,100km Triathlon,100000,Jennifer Ortiz,4:58:07,,,,603,f45-49,AUS,2041,sportstats
T100 Triathlon World Tour - Gold Coast,2026-03-22,100km Triathlon,100000,Holly Kelk,4:58:11,,,,604,f20-24,AUS,1012,sportstats
T100 Triathlon World Tour - Gold Coast,2026-03-22,100km Triathlon,100000,Craig Roberts,4:58:16,,,,605,n50-54,AUS,2304,sportstats
T100 Triathlon World Tour - Gold Coast,2026-03-22,100km Triathlon,100000,Jane Crawford,4:58:16,,,,606,f55-59,AUS,2444,sportstats
T100 Triathlon World Tour - Gold Coast,2026-03-22,100km Triathlon,100000,Jeanyan Couronne,4:58:25,,,,607,n45-49,AUS,2119,sportstats
T100 Triathlon World Tour - Gold Coast,2026-03-22,100km Triathlon,100000,Jamie Bedford,4:58:30,,,,608,n40-44,GBR,1891,sportstats
T100 Triathlon World Tour - Gold Coast,2026-03-22,100km Triathlon,100000,Sonia Kennedy,4:58:32,,,,609,f50-54,AUS,2255,sportstats
T100 Triathlon World Tour - Gold Coast,2026-03-22,100km Triathlon,100000,Damien West,4:58:36,,,,610,n30-34,AUS,1331,sportstats
T100 Triathlon World Tour - Gold Coast,2026-03-22,100km Triathlon,100000,Izac Browning,4:58:36,,,,611,n35-39,AUS,1598,sportstats
T100 Triathlon World Tour - Gold Coast,2026-03-22,100km Triathlon,100000,Rob Chester,4:58:44,,,,612,n40-44,AUS,1862,sportstats
T100 Triathlon World Tour - Gold Coast,2026-03-22,100km Triathlon,100000,Emma Marais,4:58:57,,,,613,f45-49,ZAF,2021,sportstats
T100 Triathlon World Tour - Gold Coast,2026-03-22,100km Triathlon,100000,Troye Wallett,4:58:59,,,,614,n50-54,AUS,2261,sportstats
T100 Triathlon World Tour - Gold Coast,2026-03-22,100km Triathlon,100000,Nick Dunn,4:59:03,,,,615,n55-59,AUS,2511,sportstats
T100 Triathlon World Tour - Gold Coast,2026-03-22,100km Triathlon,100000,Matt Webber,4:59:05,,,,616,n40-44,AUS,1874,sportstats
T100 Triathlon World Tour - Gold Coast,2026-03-22,100km Triathlon,100000,Jason Jorimann,4:59:19,,,,617,n35-39,AUS,1596,sportstats
T100 Triathlon World Tour - Gold Coast,2026-03-22,100km Triathlon,100000,Ioan Griffiths,4:59:21,,,,618,n18-19,AUS,1026,sportstats
T100 Triathlon World Tour - Gold Coast,2026-03-22,100km Triathlon,100000,Josh Viney,4:59:29,,,,619,n35-39,AUS,1533,sportstats
T100 Triathlon World Tour - Gold Coast,2026-03-22,100km Triathlon,100000,Thomas Young,4:59:33,,,,620,n35-39,AUS,1659,sportstats
T100 Triathlon World Tour - Gold Coast,2026-03-22,100km Triathlon,100000,Jacson Collins,4:59:50,,,,621,n30-34,AUS,1302,sportstats
T100 Triathlon World Tour - Gold Coast,2026-03-22,100km Triathlon,100000,Todd Turner,4:59:56,,,,622,n35-39,AUS,1577,sportstats
T100 Triathlon World Tour - Gold Coast,2026-03-22,100km Triathlon,100000,Ethan Lee,5:00:00,,,,623,n35-39,KOR,1626,sportstats
T100 Triathlon World Tour - Gold Coast,2026-03-22,100km Triathlon,100000,Andrew Strickland,5:00:01,,,,624,n35-39,AUS,1664,sportstats
T100 Triathlon World Tour - Gold Coast,2026-03-22,100km Triathlon,100000,Stacey Pollard,5:00:06,,,,625,f40-44,AUS,1743,sportstats
T100 Triathlon World Tour - Gold Coast,2026-03-22,100km Triathlon,100000,Blair Thomas,5:00:07,,,,626,n45-49,NZL,2079,sportstats
T100 Triathlon World Tour - Gold Coast,2026-03-22,100km Triathlon,100000,Luke Crowther,5:00:08,,,,627,n35-39,AUS,1588,sportstats
T100 Triathlon World Tour - Gold Coast,2026-03-22,100km Triathlon,100000,Jeanette Grigoris,5:00:09,,,,628,f55-59,AUS,2419,sportstats
T100 Triathlon World Tour - Gold Coast,2026-03-22,100km Triathlon,100000,Morgan Jeffery,5:00:11,,,,629,n35-39,AUS,1642,sportstats
T100 Triathlon World Tour - Gold Coast,2026-03-22,100km Triathlon,100000,Harvey Davis,5:00:16,,,,630,n55-59,GBR,2497,sportstats
T100 Triathlon World Tour - Gold Coast,2026-03-22,100km Triathlon,100000,David Payne,5:00:17,,,,631,n45-49,AUS,2049,sportstats
T100 Triathlon World Tour - Gold Coast,2026-03-22,100km Triathlon,100000,Nathan Glarvey,5:00:27,,,,632,n45-49,AUS,2143,sportstats
T100 Triathlon World Tour - Gold Coast,2026-03-22,100km Triathlon,100000,Britt Cox,5:00:30,,,,633,f30-34,AUS,1247,sportstats
T100 Triathlon World Tour - Gold Coast,2026-03-22,100km Triathlon,100000,Sue Phillips,5:00:33,,,,634,f60-64,AUS,2592,sportstats
T100 Triathlon World Tour - Gold Coast,2026-03-22,100km Triathlon,100000,Mia Urie,5:00:35,,,,635,f35-39,AUS,1455,sportstats
T100 Triathlon World Tour - Gold Coast,2026-03-22,100km Triathlon,100000,Mark Wilson,5:00:35,,,,636,n60-64,AUS,2643,sportstats
T100 Triathlon World Tour - Gold Coast,2026-03-22,100km Triathlon,100000,Garreth Beachy-Head,5:00:37,,,,637,n50-54,AUS,2368,sportstats
T100 Triathlon World Tour - Gold Coast,2026-03-22,100km Triathlon,100000,Angus Boidin,5:00:40,,,,638,n35-39,AUS,1530,sportstats
T100 Triathlon World Tour - Gold Coast,2026-03-22,100km Triathlon,100000,Ronnie Campbell,5:00:45,,,,639,n55-59,NZL,2554,sportstats
T100 Triathlon World Tour - Gold Coast,2026-03-22,100km Triathlon,100000,Kim Boyd,5:00:47,,,,640,f55-59,AUS,2428,sportstats
T100 Triathlon World Tour - Gold Coast,2026-03-22,100km Triathlon,100000,Juan Camilo Perez Martinez,5:01:00,,,,641,n30-34,COL,1326,sportstats
T100 Triathlon World Tour - Gold Coast,2026-03-22,100km Triathlon,100000,David Craddock,5:01:08,,,,642,n40-44,AUS,1905,sportstats
T100 Triathlon World Tour - Gold Coast,2026-03-22,100km Triathlon,100000,David Murtagh,5:01:14,,,,643,n60-64,AUS,2611,sportstats
T100 Triathlon World Tour - Gold Coast,2026-03-22,100km Triathlon,100000,George Neamonitakis,5:01:20,,,,644,n65-69,AUS,2667,sportstats
T100 Triathlon World Tour - Gold Coast,2026-03-22,100km Triathlon,100000,Zachary Pagano,5:01:23,,,,645,n30-34,AUS,1385,sportstats
T100 Triathlon World Tour - Gold Coast,2026-03-22,100km Triathlon,100000,Nathan Jacobs,5:01:27,,,,646,n40-44,AUS,1893,sportstats
T100 Triathlon World Tour - Gold Coast,2026-03-22,100km Triathlon,100000,David Witham,5:01:31,,,,647,n55-59,AUS,2550,sportstats
T100 Triathlon World Tour - Gold Coast,2026-03-22,100km Triathlon,100000,Phebe Baker,5:01:54,,,,648,f45-49,AUS,2043,sportstats
T100 Triathlon World Tour - Gold Coast,2026-03-22,100km Triathlon,100000,Mia Whitford,5:02:00,,,,649,f20-24,AUS,1009,sportstats
T100 Triathlon World Tour - Gold Coast,2026-03-22,100km Triathlon,100000,Ian Fabian,5:02:02,,,,650,n65-69,AUS,2668,sportstats
T100 Triathlon World Tour - Gold Coast,2026-03-22,100km Triathlon,100000,Lok Yin Ho,5:02:10,,,,651,n25-29,HKG,1126,sportstats
T100 Triathlon World Tour - Gold Coast,2026-03-22,100km Triathlon,100000,Glenn Tucker,5:02:16,,,,652,n40-44,AUS,1915,sportstats
T100 Triathlon World Tour - Gold Coast,2026-03-22,100km Triathlon,100000,Louise Talman,5:02:16,,,,653,f50-54,GBR,2224,sportstats
T100 Triathlon World Tour - Gold Coast,2026-03-22,100km Triathlon,100000,Tim Iannucci,5:02:29,,,,654,n50-54,AUS,2388,sportstats
T100 Triathlon World Tour - Gold Coast,2026-03-22,100km Triathlon,100000,Gareth Whetnall,5:02:35,,,,655,n35-39,AUS,1603,sportstats
T100 Triathlon World Tour - Gold Coast,2026-03-22,100km Triathlon,100000,Nic Ainscow,5:02:37,,,,656,n55-59,AUS,2451,sportstats
T100 Triathlon World Tour - Gold Coast,2026-03-22,100km Triathlon,100000,Karen Lake,5:02:45,,,,657,f45-49,AUS,1972,sportstats
T100 Triathlon World Tour - Gold Coast,2026-03-22,100km Triathlon,100000,Steven Webster,5:02:48,,,,658,n35-39,AUS,1681,sportstats
T100 Triathlon World Tour - Gold Coast,2026-03-22,100km Triathlon,100000,Richard Johnson,5:02:49,,,,659,n50-54,AUS,2307,sportstats
T100 Triathlon World Tour - Gold Coast,2026-03-22,100km Triathlon,100000,Andrew Mcleod,5:02:56,,,,660,n65-69,NZL,2680,sportstats
T100 Triathlon World Tour - Gold Coast,2026-03-22,100km Triathlon,100000,David Wheatley,5:02:56,,,,661,n45-49,AUS,2132,sportstats
T100 Triathlon World Tour - Gold Coast,2026-03-22,100km Triathlon,100000,Tristan Anderson,5:02:58,,,,662,n25-29,AUS,1152,sportstats
T100 Triathlon World Tour - Gold Coast,2026-03-22,100km Triathlon,100000,Kane Donoghue,5:03:02,,,,663,n35-39,AUS,1564,sportstats
T100 Triathlon World Tour - Gold Coast,2026-03-22,100km Triathlon,100000,Tony Gadd,5:03:05,,,,664,n50-54,AUS,2301,sportstats
T100 Triathlon World Tour - Gold Coast,2026-03-22,100km Triathlon,100000,Jack Armstrong,5:03:05,,,,665,n25-29,AUS,1122,sportstats
T100 Triathlon World Tour - Gold Coast,2026-03-22,100km Triathlon,100000,Kim Taylor,5:03:07,,,,666,f50-54,NZL,2235,sportstats
T100 Triathlon World Tour - Gold Coast,2026-03-22,100km Triathlon,100000,Veronica Saavedra,5:03:10,,,,667,f35-39,CHL,1454,sportstats
T100 Triathlon World Tour - Gold Coast,2026-03-22,100km Triathlon,100000,Stuart Steele,5:03:15,,,,668,n50-54,AUS,2287,sportstats
T100 Triathlon World Tour - Gold Coast,2026-03-22,100km Triathlon,100000,Reece Smith,5:03:27,,,,669,n20-24,ZAF,1045,sportstats
T100 Triathlon World Tour - Gold Coast,2026-03-22,100km Triathlon,100000,Oliver Whiteley,5:03:40,,,,670,n25-29,AUS,1156,sportstats
T100 Triathlon World Tour - Gold Coast,2026-03-22,100km Triathlon,100000,Peter Clark,5:03:45,,,,671,n55-59,AUS,2555,sportstats
T100 Triathlon World Tour - Gold Coast,2026-03-22,100km Triathlon,100000,Nathan Wyllie,5:03:47,,,,672,n40-44,AUS,1815,sportstats
T100 Triathlon World Tour - Gold Coast,2026-03-22,100km Triathlon,100000,Tim Matenga,5:04:00,,,,673,n35-39,NZL,1633,sportstats
T100 Triathlon World Tour - Gold Coast,2026-03-22,100km Triathlon,100000,Brett Hayes,5:04:29,,,,674,n55-59,AUS,2551,sportstats
T100 Triathlon World Tour - Gold Coast,2026-03-22,100km Triathlon,100000,Lisa Grinham,5:04:36,,,,675,f45-49,AUS,1999,sportstats
T100 Triathlon World Tour - Gold Coast,2026-03-22,100km Triathlon,100000,Harry Holt,5:04:43,,,,676,n35-39,GBR,1504,sportstats
T100 Triathlon World Tour - Gold Coast,2026-03-22,100km Triathlon,100000,Amy Pearson,5:04:44,,,,677,f40-44,AUS,1714,sportstats
T100 Triathlon World Tour - Gold Coast,2026-03-22,100km Triathlon,100000,David Neighbour,5:04:52,,,,678,n55-59,AUS,2501,sportstats
T100 Triathlon World Tour - Gold Coast,2026-03-22,100km Triathlon,100000,Billy Jaz,5:04:55,,,,679,n40-44,AUS,1816,sportstats
T100 Triathlon World Tour - Gold Coast,2026-03-22,100km Triathlon,100000,Donneil Yabut,5:04:57,,,,680,n35-39,AUS,1521,sportstats
T100 Triathlon World Tour - Gold Coast,2026-03-22,100km Triathlon,100000,Robert Barber,5:05:01,,,,681,n55-59,AUS,2464,sportstats
T100 Triathlon World Tour - Gold Coast,2026-03-22,100km Triathlon,100000,Sarah Graham,5:05:15,,,,682,f40-44,AUS,1752,sportstats
T100 Triathlon World Tour - Gold Coast,2026-03-22,100km Triathlon,100000,Ryan Johnson,5:05:16,,,,683,n40-44,AUS,1818,sportstats
T100 Triathlon World Tour - Gold Coast,2026-03-22,100km Triathlon,100000,Roger Spice,5:05:21,,,,684,n65-69,NZL,2673,sportstats
T100 Triathlon World Tour - Gold Coast,2026-03-22,100km Triathlon,100000,Lisa Prinsloo,5:05:23,,,,685,f45-49,AUS,2037,sportstats
T100 Triathlon World Tour - Gold Coast,2026-03-22,100km Triathlon,100000,Brian Weiss,5:05:23,,,,686,n65-69,AUS,2688,sportstats
T100 Triathlon World Tour - Gold Coast,2026-03-22,100km Triathlon,100000,Alex Forrest,5:05:31,,,,687,n35-39,AUS,1505,sportstats
T100 Triathlon World Tour - Gold Coast,2026-03-22,100km Triathlon,100000,Cassie Spencer,5:05:37,,,,688,f45-49,AUS,1986,sportstats
T100 Triathlon World Tour - Gold Coast,2026-03-22,100km Triathlon,100000,Ruby Martin,5:05:38,,,,689,f20-24,AUS,1022,sportstats
T100 Triathlon World Tour - Gold Coast,2026-03-22,100km Triathlon,100000,John Paul Breen,5:06:03,,,,690,n30-34,IRL,1286,sportstats
T100 Triathlon World Tour - Gold Coast,2026-03-22,100km Triathlon,100000,Lachlan Young,5:06:11,,,,691,n30-34,AUS,1354,sportstats
T100 Triathlon World Tour - Gold Coast,2026-03-22,100km Triathlon,100000,Danny Culley,5:06:12,,,,692,n30-34,AUS,1370,sportstats
T100 Triathlon World Tour - Gold Coast,2026-03-22,100km Triathlon,100000,Mark Stephan,5:06:25,,,,693,n55-59,AUS,2508,sportstats
T100 Triathlon World Tour - Gold Coast,2026-03-22,100km Triathlon,100000,Michael Duce,5:06:26,,,,694,n40-44,AUS,1827,sportstats
T100 Triathlon World Tour - Gold Coast,2026-03-22,100km Triathlon,100000,Greg Richardson,5:06:27,,,,695,n50-54,AUS,2359,sportstats
T100 Triathlon World Tour - Gold Coast,2026-03-22,100km Triathlon,100000,Dean Darcy,5:06:28,,,,696,n30-34,IRL,1289,sportstats
T100 Triathlon World Tour - Gold Coast,2026-03-22,100km Triathlon,100000,Janelle Navarro,5:06:31,,,,697,f40-44,AUS,1720,sportstats
T100 Triathlon World Tour - Gold Coast,2026-03-22,100km Triathlon,100000,Riana Crehan,5:06:33,,,,698,f35-39,AUS,1499,sportstats
T100 Triathlon World Tour - Gold Coast,2026-03-22,100km Triathlon,100000,Ashlee Turner,5:06:36,,,,699,f35-39,AUS,1452,sportstats
T100 Triathlon World Tour - Gold Coast,2026-03-22,100km Triathlon,100000,Amy Zanker,5:06:38,,,,700,f40-44,AUS,1746,sportstats
T100 Triathlon World Tour - Gold Coast,2026-03-22,100km Triathlon,100000,Chloe Cooper,5:06:40,,,,701,f20-24,AUS,1016,sportstats
T100 Triathlon World Tour - Gold Coast,2026-03-22,100km Triathlon,100000,Alice Perry,5:06:47,,,,702,f30-34,NZL,1259,sportstats
T100 Triathlon World Tour - Gold Coast,2026-03-22,100km Triathlon,100000,Michael Dewbery,5:06:48,,,,703,n40-44,AUS,1768,sportstats
T100 Triathlon World Tour - Gold Coast,2026-03-22,100km Triathlon,100000,Frida Sumardjo,5:06:52,,,,704,f45-49,NZL,2035,sportstats
T100 Triathlon World Tour - Gold Coast,2026-03-22,100km Triathlon,100000,Rina Watt,5:07:01,,,,705,f25-29,NZL,1085,sportstats
T100 Triathlon World Tour - Gold Coast,2026-03-22,100km Triathlon,100000,Niels Madsen,5:07:08,,,,706,n70+,NZL,2694,sportstats
T100 Triathlon World Tour - Gold Coast,2026-03-22,100km Triathlon,100000,Chloe Quinlivan,5:07:12,,,,707,f30-34,AUS,1226,sportstats
T100 Triathlon World Tour - Gold Coast,2026-03-22,100km Triathlon,100000,Brittany Smith,5:07:12,,,,708,f25-29,AUS,1113,sportstats
T100 Triathlon World Tour - Gold Coast,2026-03-22,100km Triathlon,100000,Jason Payne,5:07:14,,,,709,n45-49,AUS,2191,sportstats
T100 Triathlon World Tour - Gold Coast,2026-03-22,100km Triathlon,100000,Hannah Coles,5:07:18,,,,710,f20-24,AUS,1020,sportstats
T100 Triathlon World Tour - Gold Coast,2026-03-22,100km Triathlon,100000,Annette De Klerk,5:07:22,,,,711,f45-49,NZL,2006,sportstats
T100 Triathlon World Tour - Gold Coast,2026-03-22,100km Triathlon,100000,Carla Baeza,5:07:40,,,,712,f45-49,CHL,1984,sportstats
T100 Triathlon World Tour - Gold Coast,2026-03-22,100km Triathlon,100000,Katherine Temme,5:07:40,,,,713,f50-54,AUS,2230,sportstats
T100 Triathlon World Tour - Gold Coast,2026-03-22,100km Triathlon,100000,Holger Masuch,5:07:43,,,,714,n60-64,DEU,2634,sportstats
T100 Triathlon World Tour - Gold Coast,2026-03-22,100km Triathlon,100000,Kwo Yung Wong,5:07:47,,,,715,n45-49,AUS,2067,sportstats
T100 Triathlon World Tour - Gold Coast,2026-03-22,100km Triathlon,100000,Cal Blyth,5:07:57,,,,716,n35-39,AUS,1573,sportstats
T100 Triathlon World Tour - Gold Coast,2026-03-22,100km Triathlon,100000,Paul Welsh,5:08:04,,,,717,n35-39,AUS,1692,sportstats
T100 Triathlon World Tour - Gold Coast,2026-03-22,100km Triathlon,100000,Lily Odonnell,5:08:10,,,,718,f30-34,AUS,1235,sportstats
T100 Triathlon World Tour - Gold Coast,2026-03-22,100km Triathlon,100000,Tina Mcevoy,5:08:21,,,,719,f60-64,AUS,2586,sportstats
T100 Triathlon World Tour - Gold Coast,2026-03-22,100km Triathlon,100000,Olive Snell,5:08:22,,,,720,f25-29,AUS,1091,sportstats
T100 Triathlon World Tour - Gold Coast,2026-03-22,100km Triathlon,100000,Matthew Hardy,5:08:23,,,,721,n35-39,AUS,1566,sportstats
T100 Triathlon World Tour - Gold Coast,2026-03-22,100km Triathlon,100000,Jesse Melville,5:08:32,,,,722,n30-34,AUS,1346,sportstats
T100 Triathlon World Tour - Gold Coast,2026-03-22,100km Triathlon,100000,Luke Murdoch,5:08:36,,,,723,n35-39,NZL,1619,sportstats
T100 Triathlon World Tour - Gold Coast,2026-03-22,100km Triathlon,100000,Caitlin Cosier,5:08:45,,,,724,f30-34,AUS,1258,sportstats
T100 Triathlon World Tour - Gold Coast,2026-03-22,100km Triathlon,100000,Katelyn Bowden,5:08:47,,,,725,f25-29,AUS,1095,sportstats
T100 Triathlon World Tour - Gold Coast,2026-03-22,100km Triathlon,100000,Sarah Dios-Brun,5:08:50,,,,726,f40-44,AUS,1726,sportstats
T100 Triathlon World Tour - Gold Coast,2026-03-22,100km Triathlon,100000,Atsushi Suzuki,5:08:51,,,,727,n50-54,JPN,2396,sportstats
T100 Triathlon World Tour - Gold Coast,2026-03-22,100km Triathlon,100000,Matt Grieves,5:08:53,,,,728,n30-34,AUS,1306,sportstats
T100 Triathlon World Tour - Gold Coast,2026-03-22,100km Triathlon,100000,Oliver Rikmanis,5:09:09,,,,729,n25-29,AUS,1133,sportstats
T100 Triathlon World Tour - Gold Coast,2026-03-22,100km Triathlon,100000,Matthew Green,5:09:23,,,,730,n45-49,AUS,2163,sportstats
T100 Triathlon World Tour - Gold Coast,2026-03-22,100km Triathlon,100000,Laurent Gras,5:09:25,,,,731,n45-49,AUS,2159,sportstats
T100 Triathlon World Tour - Gold Coast,2026-03-22,100km Triathlon,100000,Josh Christie,5:09:38,,,,732,n40-44,AUS,1930,sportstats
T100 Triathlon World Tour - Gold Coast,2026-03-22,100km Triathlon,100000,Tim Jensen,5:09:56,,,,733,n30-34,AUS,1384,sportstats
T100 Triathlon World Tour - Gold Coast,2026-03-22,100km Triathlon,100000,Natasha Engel,5:10:09,,,,734,f35-39,AUS,1484,sportstats
T100 Triathlon World Tour - Gold Coast,2026-03-22,100km Triathlon,100000,Christopher Dodds,5:10:21,,,,735,n45-49,AUS,2167,sportstats
T100 Triathlon World Tour - Gold Coast,2026-03-22,100km Triathlon,100000,Nadine Burns,5:10:23,,,,736,f35-39,AUS,1474,sportstats
T100 Triathlon World Tour - Gold Coast,2026-03-22,100km Triathlon,100000,Elly Batchelor,5:10:24,,,,737,f20-24,AUS,1017,sportstats
T100 Triathlon World Tour - Gold Coast,2026-03-22,100km Triathlon,100000,Luke Barlow,5:10:32,,,,738,n50-54,AUS,2354,sportstats
T100 Triathlon World Tour - Gold Coast,2026-03-22,100km Triathlon,100000,Laura Higgins,5:10:35,,,,739,f45-49,AUS,2027,sportstats
T100 Triathlon World Tour - Gold Coast,2026-03-22,100km Triathlon,100000,Warren Forbes,5:10:39,,,,740,n60-64,AUS,2624,sportstats
T100 Triathlon World Tour - Gold Coast,2026-03-22,100km Triathlon,100000,Mark Prasser,5:10:42,,,,741,n40-44,AUS,1843,sportstats
T100 Triathlon World Tour - Gold Coast,2026-03-22,100km Triathlon,100000,Tom Golland,5:11:01,,,,742,n45-49,GBR,2114,sportstats
T100 Triathlon World Tour - Gold Coast,2026-03-22,100km Triathlon,100000,Chris Mccullagh,5:11:02,,,,743,n45-49,GBR,2072,sportstats
T100 Triathlon World Tour - Gold Coast,2026-03-22,100km Triathlon,100000,Luke Cruden,5:11:09,,,,744,n35-39,AUS,1628,sportstats
T100 Triathlon World Tour - Gold Coast,2026-03-22,100km Triathlon,100000,Julian Marin,5:11:12,,,,745,n30-34,COL,1368,sportstats
T100 Triathlon World Tour - Gold Coast,2026-03-22,100km Triathlon,100000,David Fickling,5:11:38,,,,746,n50-54,AUS,2285,sportstats
T100 Triathlon World Tour - Gold Coast,2026-03-22,100km Triathlon,100000,John Hancock,5:11:38,,,,747,n55-59,NZL,2499,sportstats
T100 Triathlon World Tour - Gold Coast,2026-03-22,100km Triathlon,100000,Doug Macdonald,5:11:39,,,,748,n50-54,NZL,2394,sportstats
T100 Triathlon World Tour - Gold Coast,2026-03-22,100km Triathlon,100000,Jake Wellstead,5:11:59,,,,749,n40-44,AUS,1770,sportstats
T100 Triathlon World Tour - Gold Coast,2026-03-22,100km Triathlon,100000,Andrew Batchelor,5:12:22,,,,750,n55-59,AUS,2472,sportstats
T100 Triathlon World Tour - Gold Coast,2026-03-22,100km Triathlon,100000,Rebecca Horne,5:12:27,,,,751,f55-59,GBR,2402,sportstats
T100 Triathlon World Tour - Gold Coast,2026-03-22,100km Triathlon,100000,Jon Burrage,5:12:28,,,,752,n40-44,GBR,1881,sportstats
T100 Triathlon World Tour - Gold Coast,2026-03-22,100km Triathlon,100000,Robbie Macaulay,5:12:35,,,,753,n40-44,AUS,1899,sportstats
T100 Triathlon World Tour - Gold Coast,2026-03-22,100km Triathlon,100000,Tymara Lamb,5:12:36,,,,754,f25-29,AUS,1067,sportstats
T100 Triathlon World Tour - Gold Coast,2026-03-22,100km Triathlon,100000,Meghann Olsen,5:12:50,,,,755,f30-34,AUS,1252,sportstats
T100 Triathlon World Tour - Gold Coast,2026-03-22,100km Triathlon,100000,John Puma,5:13:05,,,,756,n30-34,AUS,1406,sportstats
T100 Triathlon World Tour - Gold Coast,2026-03-22,100km Triathlon,100000,Chana Hagege,5:13:07,,,,757,f25-29,AUS,1081,sportstats
T100 Triathlon World Tour - Gold Coast,2026-03-22,100km Triathlon,100000,Carter Mauro,5:13:26,,,,758,n25-29,AUS,1119,sportstats
T100 Triathlon World Tour - Gold Coast,2026-03-22,100km Triathlon,100000,Elkhalil Mohamed Binebine,5:13:33,,,,759,n65-69,MAR,2672,sportstats
T100 Triathlon World Tour - Gold Coast,2026-03-22,100km Triathlon,100000,Lisa Mcdonald,5:13:34,,,,760,f40-44,AUS,1703,sportstats
T100 Triathlon World Tour - Gold Coast,2026-03-22,100km Triathlon,100000,Stefano Crescenzi,5:13:49,,,,761,n45-49,ITA,2097,sportstats
T100 Triathlon World Tour - Gold Coast,2026-03-22,100km Triathlon,100000,Samuel Judd,5:14:06,,,,762,n35-39,AUS,1515,sportstats
T100 Triathlon World Tour - Gold Coast,2026-03-22,100km Triathlon,100000,Anush Sharma,5:14:07,,,,763,n25-29,AUS,1138,sportstats
T100 Triathlon World Tour - Gold Coast,2026-03-22,100km Triathlon,100000,Jackson Zimmer,5:14:17,,,,764,n30-34,AUS,1339,sportstats
T100 Triathlon World Tour - Gold Coast,2026-03-22,100km Triathlon,100000,Shayne Houghton,5:14:27,,,,765,f20-24,AUS,1006,sportstats
T100 Triathlon World Tour - Gold Coast,2026-03-22,100km Triathlon,100000,Robert Adam,5:14:30,,,,766,n50-54,AUS,2283,sportstats
T100 Triathlon World Tour - Gold Coast,2026-03-22,100km Triathlon,100000,Alex Maclachlan,5:14:30,,,,767,n40-44,AUS,1872,sportstats
T100 Triathlon World Tour - Gold Coast,2026-03-22,100km Triathlon,100000,Jenny Hart,5:14:31,,,,768,f60-64,AUS,2573,sportstats
T100 Triathlon World Tour - Gold Coast,2026-03-22,100km Triathlon,100000,Justin Hoyer,5:14:54,,,,769,n45-49,AUS,2095,sportstats
T100 Triathlon World Tour - Gold Coast,2026-03-22,100km Triathlon,100000,Sally Mclellan,5:15:06,,,,770,f50-54,AUS,2223,sportstats
T100 Triathlon World Tour - Gold Coast,2026-03-22,100km Triathlon,100000,Tony Richardson,5:15:06,,,,771,n50-54,AUS,2320,sportstats
T100 Triathlon World Tour - Gold Coast,2026-03-22,100km Triathlon,100000,Cesar R Lopez Pabon,5:15:10,,,,772,n30-34,COL,1417,sportstats
T100 Triathlon World Tour - Gold Coast,2026-03-22,100km Triathlon,100000,Tony Manson,5:15:14,,,,773,n65-69,NZL,2684,sportstats
T100 Triathlon World Tour - Gold Coast,2026-03-22,100km Triathlon,100000,Gracie Richter,5:15:15,,,,774,f25-29,AUS,1106,sportstats
T100 Triathlon World Tour - Gold Coast,2026-03-22,100km Triathlon,100000,Ken Rae,5:15:17,,,,775,n70+,AUS,2697,sportstats
T100 Triathlon World Tour - Gold Coast,2026-03-22,100km Triathlon,100000,Andrea Alderton,5:15:20,,,,776,f45-49,AUS,2013,sportstats
T100 Triathlon World Tour - Gold Coast,2026-03-22,100km Triathlon,100000,Jan Burdekin,5:15:24,,,,777,f45-49,AUS,2002,sportstats
T100 Triathlon World Tour - Gold Coast,2026-03-22,100km Triathlon,100000,Amanda Walker,5:15:27,,,,778,f40-44,AUS,1695,sportstats
T100 Triathlon World Tour - Gold Coast,2026-03-22,100km Triathlon,100000,John Masters,5:15:33,,,,779,n55-59,AUS,2557,sportstats
T100 Triathlon World Tour - Gold Coast,2026-03-22,100km Triathlon,100000,Shane Smith,5:15:35,,,,780,n50-54,AUS,2319,sportstats
T100 Triathlon World Tour - Gold Coast,2026-03-22,100km Triathlon,100000,Nina Cass,5:15:54,,,,781,f35-39,AUS,1481,sportstats
T100 Triathlon World Tour - Gold Coast,2026-03-22,100km Triathlon,100000,Carly Wren,5:16:03,,,,782,f40-44,AUS,1709,sportstats
T100 Triathlon World Tour - Gold Coast,2026-03-22,100km Triathlon,100000,Richard Batt,5:16:04,,,,783,n50-54,AUS,2380,sportstats
T100 Triathlon World Tour - Gold Coast,2026-03-22,100km Triathlon,100000,Liam Coleman,5:16:10,,,,784,n25-29,AUS,1159,sportstats
T100 Triathlon World Tour - Gold Coast,2026-03-22,100km Triathlon,100000,Troy Burke,5:16:13,,,,785,n60-64,AUS,2633,sportstats
T100 Triathlon World Tour - Gold Coast,2026-03-22,100km Triathlon,100000,Ian Hogg,5:16:15,,,,786,n40-44,AUS,1880,sportstats
T100 Triathlon World Tour - Gold Coast,2026-03-22,100km Triathlon,100000,Regis Stockert,5:16:17,,,,787,n35-39,AUS,1552,sportstats
T100 Triathlon World Tour - Gold Coast,2026-03-22,100km Triathlon,100000,Brodie Greenhalgh,5:16:21,,,,788,n30-34,AUS,1352,sportstats
T100 Triathlon World Tour - Gold Coast,2026-03-22,100km Triathlon,100000,Christopher Johns,5:16:22,,,,789,n35-39,AUS,1584,sportstats
T100 Triathlon World Tour - Gold Coast,2026-03-22,100km Triathlon,100000,Peter Williams,5:16:37,,,,790,n60-64,AUS,2663,sportstats
T100 Triathlon World Tour - Gold Coast,2026-03-22,100km Triathlon,100000,Nathan Viles,5:16:38,,,,791,n35-39,AUS,1660,sportstats
T100 Triathlon World Tour - Gold Coast,2026-03-22,100km Triathlon,100000,Rachael Hodzic,5:16:38,,,,792,f30-34,AUS,1253,sportstats
T100 Triathlon World Tour - Gold Coast,2026-03-22,100km Triathlon,100000,Rachel Young,5:16:41,,,,793,f45-49,AUS,1988,sportstats
T100 Triathlon World Tour - Gold Coast,2026-03-22,100km Triathlon,100000,Joe Griffiths,5:16:45,,,,794,n35-39,GBR,1532,sportstats
T100 Triathlon World Tour - Gold Coast,2026-03-22,100km Triathlon,100000,Deepali Kaur,5:16:47,,,,795,f35-39,AUS,1488,sportstats
T100 Triathlon World Tour - Gold Coast,2026-03-22,100km Triathlon,100000,Matthew Ostwald,5:17:25,,,,796,n45-49,AUS,2137,sportstats
T100 Triathlon World Tour - Gold Coast,2026-03-22,100km Triathlon,100000,Peter Dennis,5:17:29,,,,797,n55-59,AUS,2534,sportstats
T100 Triathlon World Tour - Gold Coast,2026-03-22,100km Triathlon,100000,Michael Urie,5:18:04,,,,798,n35-39,AUS,1647,sportstats
T100 Triathlon World Tour - Gold Coast,2026-03-22,100km Triathlon,100000,Nancy Cullen,5:18:10,,,,799,f65-69,AUS,2602,sportstats
T100 Triathlon World Tour - Gold Coast,2026-03-22,100km Triathlon,100000,Michael Khan,5:18:34,,,,800,n35-39,IRL,1575,sportstats
T100 Triathlon World Tour - Gold Coast,2026-03-22,100km Triathlon,100000,Martin Stockwell,5:18:36,,,,801,n60-64,AUS,2651,sportstats
T100 Triathlon World Tour - Gold Coast,2026-03-22,100km Triathlon,100000,Stephen Mann,5:18:48,,,,802,n65-69,AUS,2681,sportstats
T100 Triathlon World Tour - Gold Coast,2026-03-22,100km Triathlon,100000,Mark Van Der Linden,5:18:50,,,,803,n50-54,AUS,2299,sportstats
T100 Triathlon World Tour - Gold Coast,2026-03-22,100km Triathlon,100000,Nathan Phillips,5:19:13,,,,804,n25-29,AUS,1153,sportstats
T100 Triathlon World Tour - Gold Coast,2026-03-22,100km Triathlon,100000,Rowan Sedgwick,5:19:14,,,,805,n55-59,AUS,2523,sportstats
T100 Triathlon World Tour - Gold Coast,2026-03-22,100km Triathlon,100000,Bec Burns,5:19:15,,,,806,f40-44,AUS,1722,sportstats
T100 Triathlon World Tour - Gold Coast,2026-03-22,100km Triathlon,100000,Georgia Degotardi,5:19:15,,,,807,f20-24,AUS,1013,sportstats
T100 Triathlon World Tour - Gold Coast,2026-03-22,100km Triathlon,100000,Mitch Walsh,5:19:24,,,,808,n25-29,AUS,1125,sportstats
T100 Triathlon World Tour - Gold Coast,2026-03-22,100km Triathlon,100000,Katherine Jueco,5:19:36,,,,809,f40-44,AUS,1733,sportstats
T100 Triathlon World Tour - Gold Coast,2026-03-22,100km Triathlon,100000,Taylen Houslip,5:19:36,,,,810,n20-24,AUS,1054,sportstats
T100 Triathlon World Tour - Gold Coast,2026-03-22,100km Triathlon,100000,David Perry,5:19:44,,,,811,n50-54,AUS,2268,sportstats
T100 Triathlon World Tour - Gold Coast,2026-03-22,100km Triathlon,100000,Lindsay Hewitt,5:20:14,,,,812,f35-39,AUS,1479,sportstats
T100 Triathlon World Tour - Gold Coast,2026-03-22,100km Triathlon,100000,Jackson Vilic,5:20:17,,,,813,n35-39,AUS,1526,sportstats
T100 Triathlon World Tour - Gold Coast,2026-03-22,100km Triathlon,100000,Paul Morrisby,5:20:19,,,,814,n50-54,AUS,2372,sportstats
T100 Triathlon World Tour - Gold Coast,2026-03-22,100km Triathlon,100000,Christopher Vallely,5:20:20,,,,815,n40-44,AUS,1868,sportstats
T100 Triathlon World Tour - Gold Coast,2026-03-22,100km Triathlon,100000,Elizabeth Golden,5:20:25,,,,816,f45-49,AUS,1996,sportstats
T100 Triathlon World Tour - Gold Coast,2026-03-22,100km Triathlon,100000,James Frith,5:20:27,,,,817,n50-54,AUS,2379,sportstats
T100 Triathlon World Tour - Gold Coast,2026-03-22,100km Triathlon,100000,Wiremu Hollis,5:20:45,,,,818,n40-44,NZL,1894,sportstats
T100 Triathlon World Tour - Gold Coast,2026-03-22,100km Triathlon,100000,John Prescott,5:20:47,,,,819,n35-39,AUS,1611,sportstats
T100 Triathlon World Tour - Gold Coast,2026-03-22,100km Triathlon,100000,Amanda Huddle,5:20:56,,,,820,f40-44,AUS,1713,sportstats
T100 Triathlon World Tour - Gold Coast,2026-03-22,100km Triathlon,100000,Brenton Spendelove,5:20:57,,,,821,n50-54,AUS,2362,sportstats
T100 Triathlon World Tour - Gold Coast,2026-03-22,100km Triathlon,100000,Edna Agoo,5:21:07,,,,822,f35-39,PHL,1442,sportstats
T100 Triathlon World Tour - Gold Coast,2026-03-22,100km Triathlon,100000,Peter Chislett,5:21:12,,,,823,n60-64,AUS,2636,sportstats
T100 Triathlon World Tour - Gold Coast,2026-03-22,100km Triathlon,100000,Elliot Fleming,5:21:23,,,,824,n40-44,AUS,1774,sportstats
T100 Triathlon World Tour - Gold Coast,2026-03-22,100km Triathlon,100000,Cheyne Willebrands,5:21:29,,,,825,n45-49,AUS,2092,sportstats
T100 Triathlon World Tour - Gold Coast,2026-03-22,100km Triathlon,100000,Charlie Louw,5:21:38,,,,826,n45-49,AUS,2127,sportstats
T100 Triathlon World Tour - Gold Coast,2026-03-22,100km Triathlon,100000,Gayle Young,5:21:45,,,,827,f60-64,AUS,2567,sportstats
T100 Triathlon World Tour - Gold Coast,2026-03-22,100km Triathlon,100000,Nick Atkin,5:21:52,,,,828,n45-49,AUS,2131,sportstats
T100 Triathlon World Tour - Gold Coast,2026-03-22,100km Triathlon,100000,Cayo Andreotti,5:21:52,,,,829,n40-44,BRA,1822,sportstats
T100 Triathlon World Tour - Gold Coast,2026-03-22,100km Triathlon,100000,Andrew Prestney,5:22:08,,,,830,n55-59,AUS,2538,sportstats
T100 Triathlon World Tour - Gold Coast,2026-03-22,100km Triathlon,100000,Bryan Kipping,5:22:11,,,,831,n55-59,GBR,2498,sportstats
T100 Triathlon World Tour - Gold Coast,2026-03-22,100km Triathlon,100000,Gavin Trask,5:22:15,,,,832,n55-59,AUS,2533,sportstats
T100 Triathlon World Tour - Gold Coast,2026-03-22,100km Triathlon,100000,Mick Hatwell,5:22:15,,,,833,n50-54,AUS,2345,sportstats
T100 Triathlon World Tour - Gold Coast,2026-03-22,100km Triathlon,100000,Mark Runge,5:22:17,,,,834,n45-49,AUS,2088,sportstats
T100 Triathlon World Tour - Gold Coast,2026-03-22,100km Triathlon,100000,Greg Mcmurray,5:22:19,,,,835,n50-54,AUS,2342,sportstats
T100 Triathlon World Tour - Gold Coast,2026-03-22,100km Triathlon,100000,Christine Kinlay,5:22:28,,,,836,f60-64,AUS,2574,sportstats
T100 Triathlon World Tour - Gold Coast,2026-03-22,100km Triathlon,100000,Aimee Clarke,5:22:30,,,,837,f35-39,AUS,1494,sportstats
T100 Triathlon World Tour - Gold Coast,2026-03-22,100km Triathlon,100000,Varley James,5:22:38,,,,838,f45-49,AUS,2032,sportstats
T100 Triathlon World Tour - Gold Coast,2026-03-22,100km Triathlon,100000,Lachlan Clark,5:22:40,,,,839,n45-49,AUS,2168,sportstats
T100 Triathlon World Tour - Gold Coast,2026-03-22,100km Triathlon,100000,Yohan Foulonneau,5:22:47,,,,840,n40-44,FRA,1956,sportstats
T100 Triathlon World Tour - Gold Coast,2026-03-22,100km Triathlon,100000,Mark Low,5:22:55,,,,841,n50-54,AUS,2326,sportstats
T100 Triathlon World Tour - Gold Coast,2026-03-22,100km Triathlon,100000,Constantine Dasios,5:23:07,,,,842,n60-64,AUS,2649,sportstats
T100 Triathlon World Tour - Gold Coast,2026-03-22,100km Triathlon,100000,Mauricio Abraham De Araujo,5:23:14,,,,843,n45-49,AUS,2174,sportstats
T100 Triathlon World Tour - Gold Coast,2026-03-22,100km Triathlon,100000,Shelley Neville,5:23:16,,,,844,f35-39,GBR,1486,sportstats
T100 Triathlon World Tour - Gold Coast,2026-03-22,100km Triathlon,100000,Thiago Lima,5:23:23,,,,845,n40-44,BRA,1807,sportstats
T100 Triathlon World Tour - Gold Coast,2026-03-22,100km Triathlon,100000,Grant Johnston,5:23:26,,,,846,n65-69,NZL,2674,sportstats
T100 Triathlon World Tour - Gold Coast,2026-03-22,100km Triathlon,100000,Lachlan Tierney,5:23:26,,,,847,n25-29,AUS,1165,sportstats
T100 Triathlon World Tour - Gold Coast,2026-03-22,100km Triathlon,100000,Gana Tugei,5:23:29,,,,848,f45-49,AUS,2019,sportstats
T100 Triathlon World Tour - Gold Coast,2026-03-22,100km Triathlon,100000,Luke Christison,5:23:31,,,,849,n20-24,AUS,1036,sportstats
T100 Triathlon World Tour - Gold Coast,2026-03-22,100km Triathlon,100000,Rachel Jones,5:23:35,,,,850,f45-49,AUS,2000,sportstats
T100 Triathlon World Tour - Gold Coast,2026-03-22,100km Triathlon,100000,Wendy Korschenko,5:23:45,,,,851,f55-59,AUS,2433,sportstats
T100 Triathlon World Tour - Gold Coast,2026-03-22,100km Triathlon,100000,Megan King,5:23:56,,,,852,f55-59,AUS,2405,sportstats
T100 Triathlon World Tour - Gold Coast,2026-03-22,100km Triathlon,100000,Michelle Mcconchie,5:24:06,,,,853,f55-59,NZL,2411,sportstats
T100 Triathlon World Tour - Gold Coast,2026-03-22,100km Triathlon,100000,Joe Heaney,5:24:09,,,,854,n25-29,IRL,1213,sportstats
T100 Triathlon World Tour - Gold Coast,2026-03-22,100km Triathlon,100000,Phil Roche,5:24:13,,,,855,n45-49,GBR,2146,sportstats
T100 Triathlon World Tour - Gold Coast,2026-03-22,100km Triathlon,100000,Adrian Jackson,5:24:15,,,,856,n40-44,AUS,1958,sportstats
T100 Triathlon World Tour - Gold Coast,2026-03-22,100km Triathlon,100000,Kel Gibbons,5:24:17,,,,857,n30-34,AUS,1386,sportstats
T100 Triathlon World Tour - Gold Coast,2026-03-22,100km Triathlon,100000,Eli Brighton,5:24:20,,,,858,n40-44,AUS,1933,sportstats
T100 Triathlon World Tour - Gold Coast,2026-03-22,100km Triathlon,100000,Amanda Daffas,5:24:29,,,,859,f60-64,GBR,2588,sportstats
T100 Triathlon World Tour - Gold Coast,2026-03-22,100km Triathlon,100000,Kathleen Stutsel,5:24:30,,,,860,f60-64,AUS,2564,sportstats
T100 Triathlon World Tour - Gold Coast,2026-03-22,100km Triathlon,100000,Phillip Griffis,5:24:33,,,,861,n55-59,AUS,2539,sportstats
T100 Triathlon World Tour - Gold Coast,2026-03-22,100km Triathlon,100000,Charlie Duncan,5:24:51,,,,862,n20-24,AUS,1055,sportstats
T100 Triathlon World Tour - Gold Coast,2026-03-22,100km Triathlon,100000,Paul Giddings,5:24:57,,,,863,n55-59,AUS,2544,sportstats
T100 Triathlon World Tour - Gold Coast,2026-03-22,100km Triathlon,100000,Jenny Scaysbrook,5:25:02,,,,864,f65-69,AUS,2601,sportstats
T100 Triathlon World Tour - Gold Coast,2026-03-22,100km Triathlon,100000,Dale Harrison,5:25:03,,,,865,n55-59,AUS,2476,sportstats
T100 Triathlon World Tour - Gold Coast,2026-03-22,100km Triathlon,100000,Craig Simpson,5:25:10,,,,866,n50-54,AUS,2298,sportstats
T100 Triathlon World Tour - Gold Coast,2026-03-22,100km Triathlon,100000,Ashley Whitear,5:25:19,,,,867,n35-39,AUS,1572,sportstats
T100 Triathlon World Tour - Gold Coast,2026-03-22,100km Triathlon,100000,Julie Zeller,5:25:20,,,,868,f45-49,AUS,1973,sportstats
T100 Triathlon World Tour - Gold Coast,2026-03-22,100km Triathlon,100000,Johan Lequien,5:25:31,,,,869,n40-44,FRA,1839,sportstats
T100 Triathlon World Tour - Gold Coast,2026-03-22,100km Triathlon,100000,Beau Mcneill,5:25:31,,,,870,n45-49,AUS,2154,sportstats
T100 Triathlon World Tour - Gold Coast,2026-03-22,100km Triathlon,100000,Danny Mcgowan,5:25:32,,,,871,n30-34,IRL,1381,sportstats
T100 Triathlon World Tour - Gold Coast,2026-03-22,100km Triathlon,100000,Richard Neill,5:25:39,,,,872,n35-39,IRL,1610,sportstats
T100 Triathlon World Tour - Gold Coast,2026-03-22,100km Triathlon,100000,Belinda Prestney,5:25:58,,,,873,f55-59,AUS,2442,sportstats
T100 Triathlon World Tour - Gold Coast,2026-03-22,100km Triathlon,100000,Stephen Ward,5:26:18,,,,874,n40-44,AUS,1790,sportstats
T100 Triathlon World Tour - Gold Coast,2026-03-22,100km Triathlon,100000,Chris Marshall,5:26:57,,,,875,n30-34,GBR,1309,sportstats
T100 Triathlon World Tour - Gold Coast,2026-03-22,100km Triathlon,100000,Cal Gibbs,5:26:58,,,,876,n30-34,AUS,1310,sportstats
T100 Triathlon World Tour - Gold Coast,2026-03-22,100km Triathlon,100000,Meg Webber,5:26:59,,,,877,f45-49,AUS,2020,sportstats
T100 Triathlon World Tour - Gold Coast,2026-03-22,100km Triathlon,100000,Ella Richardson,5:27:10,,,,878,f25-29,AUS,1068,sportstats
T100 Triathlon World Tour - Gold Coast,2026-03-22,100km Triathlon,100000,George Silvino,5:27:15,,,,879,n35-39,AUS,1641,sportstats
T100 Triathlon World Tour - Gold Coast,2026-03-22,100km Triathlon,100000,Rodney Seeto,5:27:26,,,,880,n30-34,AUS,1397,sportstats
T100 Triathlon World Tour - Gold Coast,2026-03-22,100km Triathlon,100000,Jencie Yabut,5:27:39,,,,881,f35-39,AUS,1438,sportstats
T100 Triathlon World Tour - Gold Coast,2026-03-22,100km Triathlon,100000,Julie Blight-Henfrey,5:27:55,,,,882,f45-49,AUS,2039,sportstats
T100 Triathlon World Tour - Gold Coast,2026-03-22,100km Triathlon,100000,Tim Keeley,5:27:56,,,,883,n50-54,NZL,2274,sportstats
T100 Triathlon World Tour - Gold Coast,2026-03-22,100km Triathlon,100000,Josh Carter,5:28:02,,,,884,n25-29,AUS,1172,sportstats
T100 Triathlon World Tour - Gold Coast,2026-03-22,100km Triathlon,100000,Philippa Stephenson,5:28:23,,,,885,f20-24,AUS,1023,sportstats
T100 Triathlon World Tour - Gold Coast,2026-03-22,100km Triathlon,100000,Tracy Muller,5:28:24,,,,886,f55-59,AUS,2403,sportstats
T100 Triathlon World Tour - Gold Coast,2026-03-22,100km Triathlon,100000,Martina Skoloudova,5:28:31,,,,887,f35-39,CZE,1437,sportstats
T100 Triathlon World Tour - Gold Coast,2026-03-22,100km Triathlon,100000,Owen Logan,5:28:38,,,,888,n30-34,AUS,1347,sportstats
T100 Triathlon World Tour - Gold Coast,2026-03-22,100km Triathlon,100000,Sharon Trant,5:28:54,,,,889,f50-54,AUS,2238,sportstats
T100 Triathlon World Tour - Gold Coast,2026-03-22,100km Triathlon,100000,Fran Muller,5:29:05,,,,890,f50-54,AUS,2220,sportstats
T100 Triathlon World Tour - Gold Coast,2026-03-22,100km Triathlon,100000,Barry Kearney,5:29:09,,,,891,n40-44,IRL,1922,sportstats
T100 Triathlon World Tour - Gold Coast,2026-03-22,100km Triathlon,100000,Constanze Massing,5:29:10,,,,892,f30-34,DEU,1257,sportstats
T100 Triathlon World Tour - Gold Coast,2026-03-22,100km Triathlon,100000,Albert Yu,5:29:22,,,,893,n45-49,USA,2169,sportstats
T100 Triathlon World Tour - Gold Coast,2026-03-22,100km Triathlon,100000,Shenille Sebregts,5:29:23,,,,894,f30-34,AUS,1237,sportstats
T100 Triathlon World Tour - Gold Coast,2026-03-22,100km Triathlon,100000,Milly Bakker-Meyers,5:29:29,,,,895,f30-34,AUS,1243,sportstats
T100 Triathlon World Tour - Gold Coast,2026-03-22,100km Triathlon,100000,Kyle O Mahony,5:29:29,,,,896,n30-34,IRL,1361,sportstats
T100 Triathlon World Tour - Gold Coast,2026-03-22,100km Triathlon,100000,Dylan Tan,5:29:38,,,,897,n45-49,SGP,2087,sportstats
T100 Triathlon World Tour - Gold Coast,2026-03-22,100km Triathlon,100000,Chris Younger,5:29:38,,,,898,n45-49,AUS,2063,sportstats
T100 Triathlon World Tour - Gold Coast,2026-03-22,100km Triathlon,100000,Jake Mcgill,5:29:39,,,,899,n30-34,AUS,1320,sportstats
T100 Triathlon World Tour - Gold Coast,2026-03-22,100km Triathlon,100000,Alanah Hooi,5:29:54,,,,900,f45-49,AUS,1985,sportstats
T100 Triathlon World Tour - Gold Coast,2026-03-22,100km Triathlon,100000,Dan Thomas,5:30:02,,,,901,n50-54,AUS,2351,sportstats
T100 Triathlon World Tour - Gold Coast,2026-03-22,100km Triathlon,100000,Kiki D'Ercole,5:30:06,,,,902,f40-44,HKG,1736,sportstats
T100 Triathlon World Tour - Gold Coast,2026-03-22,100km Triathlon,100000,Jake Alderman,5:30:15,,,,903,n35-39,AUS,1656,sportstats
T100 Triathlon World Tour - Gold Coast,2026-03-22,100km Triathlon,100000,Tessa Moorfield,5:30:21,,,,904,f50-54,AUS,2210,sportstats
T100 Triathlon World Tour - Gold Coast,2026-03-22,100km Triathlon,100000,Graeme Boorman,5:30:29,,,,905,n55-59,AUS,2474,sportstats
T100 Triathlon World Tour - Gold Coast,2026-03-22,100km Triathlon,100000,Mike Ball,5:30:30,,,,906,n60-64,NZL,2654,sportstats
T100 Triathlon World Tour - Gold Coast,2026-03-22,100km Triathlon,100000,Matthew Murphy,5:30:39,,,,907,n50-54,AUS,2305,sportstats
T100 Triathlon World Tour - Gold Coast,2026-03-22,100km Triathlon,100000,Callum Forsyth,5:30:47,,,,908,n30-34,GBR,1330,sportstats
T100 Triathlon World Tour - Gold Coast,2026-03-22,100km Triathlon,100000,Stewart Mealy,5:30:56,,,,909,n70+,AUS,2693,sportstats
T100 Triathlon World Tour - Gold Coast,2026-03-22,100km Triathlon,100000,Emily Males,5:31:00,,,,910,f20-24,AUS,1011,sportstats
T100 Triathlon World Tour - Gold Coast,2026-03-22,100km Triathlon,100000,Craig Whitehead,5:31:11,,,,911,n35-39,AUS,1671,sportstats
T100 Triathlon World Tour - Gold Coast,2026-03-22,100km Triathlon,100000,Emma Keast,5:31:28,,,,912,f35-39,AUS,1429,sportstats
T100 Triathlon World Tour - Gold Coast,2026-03-22,100km Triathlon,100000,Drew Barrett,5:31:32,,,,913,n25-29,AUS,1158,sportstats
T100 Triathlon World Tour - Gold Coast,2026-03-22,100km Triathlon,100000,Nicholas Rieck,5:31:50,,,,914,n35-39,AUS,1689,sportstats
T100 Triathlon World Tour - Gold Coast,2026-03-22,100km Triathlon,100000,Ronan Egan,5:31:53,,,,915,n35-39,IRL,1670,sportstats
T100 Triathlon World Tour - Gold Coast,2026-03-22,100km Triathlon,100000,Johahn Tan,5:31:55,,,,916,n20-24,AUS,1033,sportstats
T100 Triathlon World Tour - Gold Coast,2026-03-22,100km Triathlon,100000,Christopher Arong,5:31:55,,,,917,n50-54,PHL,2334,sportstats
T100 Triathlon World Tour - Gold Coast,2026-03-22,100km Triathlon,100000,Renee Roberts,5:32:00,,,,918,f45-49,AUS,1982,sportstats
T100 Triathlon World Tour - Gold Coast,2026-03-22,100km Triathlon,100000,Kim Kelly,5:32:04,,,,919,f45-49,AUS,2023,sportstats
T100 Triathlon World Tour - Gold Coast,2026-03-22,100km Triathlon,100000,Hayley Fisher,5:32:06,,,,920,f45-49,NZL,1989,sportstats
T100 Triathlon World Tour - Gold Coast,2026-03-22,100km Triathlon,100000,Scott Di Giglio,5:32:06,,,,921,n35-39,AUS,1680,sportstats
T100 Triathlon World Tour - Gold Coast,2026-03-22,100km Triathlon,100000,Mathew Patterson,5:32:22,,,,922,n50-54,AUS,2330,sportstats
T100 Triathlon World Tour - Gold Coast,2026-03-22,100km Triathlon,100000,Jared Chadburn,5:32:48,,,,923,n40-44,AUS,1766,sportstats
T100 Triathlon World Tour - Gold Coast,2026-03-22,100km Triathlon,100000,Matt Taylor,5:33:07,,,,924,n35-39,AUS,1590,sportstats
T100 Triathlon World Tour - Gold Coast,2026-03-22,100km Triathlon,100000,Jordan` Gailey,5:33:09,,,,925,f35-39,AUS,1435,sportstats
T100 Triathlon World Tour - Gold Coast,2026-03-22,100km Triathlon,100000,David De Closey,5:33:11,,,,926,n60-64,AUS,2635,sportstats
T100 Triathlon World Tour - Gold Coast,2026-03-22,100km Triathlon,100000,Maddie Morton,5:33:22,,,,927,f30-34,AUS,1264,sportstats
T100 Triathlon World Tour - Gold Coast,2026-03-22,100km Triathlon,100000,Gabriella Garner,5:33:43,,,,928,f30-34,AUS,1256,sportstats
T100 Triathlon World Tour - Gold Coast,2026-03-22,100km Triathlon,100000,Janine Cardell,5:34:18,,,,929,f60-64,AUS,2571,sportstats
T100 Triathlon World Tour - Gold Coast,2026-03-22,100km Triathlon,100000,Matt Parker,5:34:21,,,,930,n45-49,AUS,2186,sportstats
T100 Triathlon World Tour - Gold Coast,2026-03-22,100km Triathlon,100000,Gareth Gratton,5:34:28,,,,931,n65-69,AUS,2683,sportstats
T100 Triathlon World Tour - Gold Coast,2026-03-22,100km Triathlon,100000,Kirra Organ,5:34:28,,,,932,f25-29,AUS,1078,sportstats
T100 Triathlon World Tour - Gold Coast,2026-03-22,100km Triathlon,100000,Dan Gerrard,5:34:50,,,,933,n30-34,NZL,1387,sportstats
T100 Triathlon World Tour - Gold Coast,2026-03-22,100km Triathlon,100000,Troy Morris,5:34:52,,,,934,n50-54,AUS,2333,sportstats
T100 Triathlon World Tour - Gold Coast,2026-03-22,100km Triathlon,100000,Kathryn Gibney,5:35:03,,,,935,f55-59,AUS,2424,sportstats
T100 Triathlon World Tour - Gold Coast,2026-03-22,100km Triathlon,100000,Ian Powell,5:35:06,,,,936,n50-54,AUS,2284,sportstats
T100 Triathlon World Tour - Gold Coast,2026-03-22,100km Triathlon,100000,Nathan Walker,5:35:14,,,,937,n50-54,AUS,2277,sportstats
T100 Triathlon World Tour - Gold Coast,2026-03-22,100km Triathlon,100000,Andrew Roberts,5:35:17,,,,938,n55-59,AUS,2475,sportstats
T100 Triathlon World Tour - Gold Coast,2026-03-22,100km Triathlon,100000,Rachel Commens,5:35:24,,,,939,f35-39,AUS,1432,sportstats
T100 Triathlon World Tour - Gold Coast,2026-03-22,100km Triathlon,100000,Jarryd Law,5:35:26,,,,940,n35-39,AUS,1600,sportstats
T100 Triathlon World Tour - Gold Coast,2026-03-22,100km Triathlon,100000,Shelley Curtis,5:35:46,,,,941,f40-44,AUS,1712,sportstats
T100 Triathlon World Tour - Gold Coast,2026-03-22,100km Triathlon,100000,Sarah Leal,5:36:17,,,,942,f35-39,AUS,1485,sportstats
T100 Triathlon World Tour - Gold Coast,2026-03-22,100km Triathlon,100000,Paul Bailey,5:36:19,,,,943,n45-49,AUS,2156,sportstats
T100 Triathlon World Tour - Gold Coast,2026-03-22,100km Triathlon,100000,Nick Taylor,5:36:23,,,,944,n65-69,AUS,2678,sportstats
T100 Triathlon World Tour - Gold Coast,2026-03-22,100km Triathlon,100000,Nikki Fox,5:36:28,,,,945,f55-59,NZL,2438,sportstats
T100 Triathlon World Tour - Gold Coast,2026-03-22,100km Triathlon,100000,Mark Howarth,5:36:33,,,,946,n40-44,AUS,1953,sportstats
T100 Triathlon World Tour - Gold Coast,2026-03-22,100km Triathlon,100000,Shannon Metcalfe,5:36:42,,,,947,f30-34,AUS,1230,sportstats
T100 Triathlon World Tour - Gold Coast,2026-03-22,100km Triathlon,100000,Boglarka Varga,5:36:44,,,,948,f35-39,HUN,1426,sportstats
T100 Triathlon World Tour - Gold Coast,2026-03-22,100km Triathlon,100000,Rachael Webb,5:36:49,,,,949,f25-29,AUS,1107,sportstats
T100 Triathlon World Tour - Gold Coast,2026-03-22,100km Triathlon,100000,Ian Watson,5:36:53,,,,950,n55-59,AUS,2496,sportstats
T100 Triathlon World Tour - Gold Coast,2026-03-22,100km Triathlon,100000,Kieran Cook,5:36:55,,,,951,n40-44,AUS,1778,sportstats
T100 Triathlon World Tour - Gold Coast,2026-03-22,100km Triathlon,100000,Jarev Divinagracia,5:37:05,,,,952,n30-34,PHL,1327,sportstats
T100 Triathlon World Tour - Gold Coast,2026-03-22,100km Triathlon,100000,Carlos Morales,5:37:38,,,,953,n35-39,AUS,1648,sportstats
T100 Triathlon World Tour - Gold Coast,2026-03-22,100km Triathlon,100000,Adrian Cox,5:37:42,,,,954,n45-49,AUS,2089,sportstats
T100 Triathlon World Tour - Gold Coast,2026-03-22,100km Triathlon,100000,Eduardo Bozalongo,5:38:04,,,,955,n40-44,ESP,1782,sportstats
T100 Triathlon World Tour - Gold Coast,2026-03-22,100km Triathlon,100000,Doug Seymour,5:38:04,,,,956,n50-54,AUS,2314,sportstats
T100 Triathlon World Tour - Gold Coast,2026-03-22,100km Triathlon,100000,Hannah Kerr,5:38:05,,,,957,f25-29,AUS,1096,sportstats
T100 Triathlon World Tour - Gold Coast,2026-03-22,100km Triathlon,100000,Anne Driscoll,5:38:17,,,,958,f50-54,AUS,2250,sportstats
T100 Triathlon World Tour - Gold Coast,2026-03-22,100km Triathlon,100000,Hannah-Mae Sempf,5:38:29,,,,959,f25-29,AUS,1105,sportstats
T100 Triathlon World Tour - Gold Coast,2026-03-22,100km Triathlon,100000,Mel Anders,5:38:33,,,,960,f45-49,AUS,2040,sportstats
T100 Triathlon World Tour - Gold Coast,2026-03-22,100km Triathlon,100000,Georgina Adams,5:38:38,,,,961,f25-29,AUS,1108,sportstats
T100 Triathlon World Tour - Gold Coast,2026-03-22,100km Triathlon,100000,Andrew Henfrey,5:38:40,,,,962,n50-54,IRL,2357,sportstats
T100 Triathlon World Tour - Gold Coast,2026-03-22,100km Triathlon,100000,James Pearce,5:38:40,,,,963,n40-44,NZL,1832,sportstats
T100 Triathlon World Tour - Gold Coast,2026-03-22,100km Triathlon,100000,Anita Skews,5:38:42,,,,964,f50-54,AUS,2222,sportstats
T100 Triathlon World Tour - Gold Coast,2026-03-22,100km Triathlon,100000,Michael Ohearn,5:38:52,,,,965,n65-69,USA,2676,sportstats
T100 Triathlon World Tour - Gold Coast,2026-03-22,100km Triathlon,100000,Jenni Broad,5:38:54,,,,966,f60-64,AUS,2590,sportstats
T100 Triathlon World Tour - Gold Coast,2026-03-22,100km Triathlon,100000,Esher Townsend,5:39:01,,,,967,f50-54,AUS,2207,sportstats
T100 Triathlon World Tour - Gold Coast,2026-03-22,100km Triathlon,100000,Jeremy Bolt,5:39:12,,,,968,n55-59,AUS,2545,sportstats
T100 Triathlon World Tour - Gold Coast,2026-03-22,100km Triathlon,100000,Caroline Clark,5:39:13,,,,969,f55-59,AUS,2418,sportstats
T100 Triathlon World Tour - Gold Coast,2026-03-22,100km Triathlon,100000,Gavin Mckay,5:39:17,,,,970,n60-64,AUS,2617,sportstats
T100 Triathlon World Tour - Gold Coast,2026-03-22,100km Triathlon,100000,Sean Hutcheon,5:39:26,,,,971,n50-54,AUS,2381,sportstats
T100 Triathlon World Tour - Gold Coast,2026-03-22,100km Triathlon,100000,Darielle Corpuz,5:39:35,,,,972,f25-29,AUS,1088,sportstats
T100 Triathlon World Tour - Gold Coast,2026-03-22,100km Triathlon,100000,Tahlia Halasz-Valverde,5:39:38,,,,973,f25-29,AUS,1098,sportstats
T100 Triathlon World Tour - Gold Coast,2026-03-22,100km Triathlon,100000,Seamus Slattery,5:39:38,,,,974,n20-24,AUS,1050,sportstats
T100 Triathlon World Tour - Gold Coast,2026-03-22,100km Triathlon,100000,Hunter Dodds,5:39:40,,,,975,n45-49,AUS,2195,sportstats
T100 Triathlon World Tour - Gold Coast,2026-03-22,100km Triathlon,100000,Robert Timms,5:39:48,,,,976,n65-69,AUS,2685,sportstats
T100 Triathlon World Tour - Gold Coast,2026-03-22,100km Triathlon,100000,Matt Mcquillen,5:39:51,,,,977,n40-44,AUS,1898,sportstats
T100 Triathlon World Tour - Gold Coast,2026-03-22,100km Triathlon,100000,Eugene Murphy,5:39:52,,,,978,n50-54,AUS,2393,sportstats
T100 Triathlon World Tour - Gold Coast,2026-03-22,100km Triathlon,100000,Chesna You,5:39:53,,,,979,f25-29,SGP,1097,sportstats
T100 Triathlon World Tour - Gold Coast,2026-03-22,100km Triathlon,100000,Julian Skirrow,5:40:03,,,,980,n40-44,AUS,1937,sportstats
T100 Triathlon World Tour - Gold Coast,2026-03-22,100km Triathlon,100000,Shelby Hood,5:40:08,,,,981,f45-49,AUS,1976,sportstats
T100 Triathlon World Tour - Gold Coast,2026-03-22,100km Triathlon,100000,Rasma Ertl,5:41:09,,,,982,f35-39,DEU,1491,sportstats
T100 Triathlon World Tour - Gold Coast,2026-03-22,100km Triathlon,100000,Gini Deakin,5:41:09,,,,983,f25-29,AUS,1084,sportstats
T100 Triathlon World Tour - Gold Coast,2026-03-22,100km Triathlon,100000,Gregory De Kretser,5:41:13,,,,984,n45-49,AUS,2053,sportstats
T100 Triathlon World Tour - Gold Coast,2026-03-22,100km Triathlon,100000,Kelly Soars,5:41:14,,,,985,f50-54,AUS,2200,sportstats
T100 Triathlon World Tour - Gold Coast,2026-03-22,100km Triathlon,100000,Emily Ustariz,5:41:27,,,,986,f30-34,AUS,1231,sportstats
T100 Triathlon World Tour - Gold Coast,2026-03-22,100km Triathlon,100000,Kerry Morris,5:41:28,,,,987,f50-54,AUS,2203,sportstats
T100 Triathlon World Tour - Gold Coast,2026-03-22,100km Triathlon,100000,Kim Fraser,5:41:33,,,,988,f65-69,AUS,2598,sportstats
T100 Triathlon World Tour - Gold Coast,2026-03-22,100km Triathlon,100000,Lisa Gatt,5:41:35,,,,989,f45-49,AUS,2011,sportstats
T100 Triathlon World Tour - Gold Coast,2026-03-22,100km Triathlon,100000,Ralph Mcmillan,5:41:45,,,,990,n50-54,AUS,2317,sportstats
T100 Triathlon World Tour - Gold Coast,2026-03-22,100km Triathlon,100000,Aaron Dekker,5:41:51,,,,991,n40-44,AUS,1914,sportstats
T100 Triathlon World Tour - Gold Coast,2026-03-22,100km Triathlon,100000,Alanah Sinclair,5:41:53,,,,992,f35-39,AUS,1423,sportstats
T100 Triathlon World Tour - Gold Coast,2026-03-22,100km Triathlon,100000,Lee Bradshaw,5:42:02,,,,993,n50-54,AUS,2270,sportstats
T100 Triathlon World Tour - Gold Coast,2026-03-22,100km Triathlon,100000,Jacob Clifton,5:42:12,,,,994,n30-34,AUS,1420,sportstats
T100 Triathlon World Tour - Gold Coast,2026-03-22,100km Triathlon,100000,Robert Lansdowne,5:42:36,,,,995,n45-49,GBR,2071,sportstats
T100 Triathlon World Tour - Gold Coast,2026-03-22,100km Triathlon,100000,Emma Kong,5:42:42,,,,996,f40-44,NZL,1697,sportstats
T100 Triathlon World Tour - Gold Coast,2026-03-22,100km Triathlon,100000,Sarah Collins,5:42:51,,,,997,f65-69,AUS,2597,sportstats
T100 Triathlon World Tour - Gold Coast,2026-03-22,100km Triathlon,100000,Marty Hocknell,5:42:58,,,,998,n60-64,AUS,2644,sportstats
T100 Triathlon World Tour - Gold Coast,2026-03-22,100km Triathlon,100000,Andrew Kirkwood,5:42:58,,,,999,n40-44,GBR,1779,sportstats
T100 Triathlon World Tour - Gold Coast,2026-03-22,100km Triathlon,100000,Rodrigo Novillo Funes,5:43:18,,,,1000,n35-39,ARG,1621,sportstats
T100 Triathlon World Tour - Gold Coast,2026-03-22,100km Triathlon,100000,Thomas Hodgson,5:43:19,,,,1001,n45-49,AUS,2110,sportstats
T100 Triathlon World Tour - Gold Coast,2026-03-22,100km Triathlon,100000,Amy Taylor,5:43:31,,,,1002,f35-39,AUS,1448,sportstats
T100 Triathlon World Tour - Gold Coast,2026-03-22,100km Triathlon,100000,Steven Sutcliffe,5:43:40,,,,1003,n60-64,AUS,2618,sportstats
T100 Triathlon World Tour - Gold Coast,2026-03-22,100km Triathlon,100000,Ke Wang,5:43:44,,,,1004,f55-59,AUS,2421,sportstats
T100 Triathlon World Tour - Gold Coast,2026-03-22,100km Triathlon,100000,Jonathan Traves,5:43:51,,,,1005,n25-29,AUS,1212,sportstats
T100 Triathlon World Tour - Gold Coast,2026-03-22,100km Triathlon,100000,Hee Lim,5:43:52,,,,1006,n45-49,KOR,2130,sportstats
T100 Triathlon World Tour - Gold Coast,2026-03-22,100km Triathlon,100000,Rowan Walker,5:44:23,,,,1007,n40-44,AUS,1830,sportstats
T100 Triathlon World Tour - Gold Coast,2026-03-22,100km Triathlon,100000,Tara Taylor,5:44:36,,,,1008,f40-44,AUS,1696,sportstats
T100 Triathlon World Tour - Gold Coast,2026-03-22,100km Triathlon,100000,Steve Logan,5:45:04,,,,1009,n50-54,AUS,2265,sportstats
T100 Triathlon World Tour - Gold Coast,2026-03-22,100km Triathlon,100000,Emma Ogrady,5:45:14,,,,1010,f35-39,AUS,1459,sportstats
T100 Triathlon World Tour - Gold Coast,2026-03-22,100km Triathlon,100000,Eoghan Pierce,5:45:29,,,,1011,n35-39,AUS,1583,sportstats
T100 Triathlon World Tour - Gold Coast,2026-03-22,100km Triathlon,100000,Simon Fitzgerald,5:45:34,,,,1012,n60-64,AUS,2659,sportstats
T100 Triathlon World Tour - Gold Coast,2026-03-22,100km Triathlon,100000,Simone Waters,5:45:58,,,,1013,f45-49,AUS,2015,sportstats
T100 Triathlon World Tour - Gold Coast,2026-03-22,100km Triathlon,100000,Felipe Romero,5:46:02,,,,1014,n35-39,COL,1690,sportstats
T100 Triathlon World Tour - Gold Coast,2026-03-22,100km Triathlon,100000,Eric Oxenham,5:46:10,,,,1015,n45-49,AUS,2122,sportstats
T100 Triathlon World Tour - Gold Coast,2026-03-22,100km Triathlon,100000,Kylie Bath,5:46:32,,,,1016,f55-59,AUS,2449,sportstats
T100 Triathlon World Tour - Gold Coast,2026-03-22,100km Triathlon,100000,Sophie Dyer,5:46:32,,,,1017,f20-24,GBR,1018,sportstats
T100 Triathlon World Tour - Gold Coast,2026-03-22,100km Triathlon,100000,Amie Mish-Wills,5:46:34,,,,1018,f30-34,AUS,1265,sportstats
T100 Triathlon World Tour - Gold Coast,2026-03-22,100km Triathlon,100000,David Seldon,5:46:50,,,,1019,n55-59,AUS,2487,sportstats
T100 Triathlon World Tour - Gold Coast,2026-03-22,100km Triathlon,100000,Jen Pomphrey,5:47:16,,,,1020,f40-44,AUS,1707,sportstats
T100 Triathlon World Tour - Gold Coast,2026-03-22,100km Triathlon,100000,Roisin Mcgee,5:47:17,,,,1021,f35-39,IRL,1466,sportstats
T100 Triathlon World Tour - Gold Coast,2026-03-22,100km Triathlon,100000,Thomas Wood,5:47:32,,,,1022,n35-39,GBR,1599,sportstats
T100 Triathlon World Tour - Gold Coast,2026-03-22,100km Triathlon,100000,Julian Artavia,5:47:51,,,,1023,n40-44,COL,1828,sportstats
T100 Triathlon World Tour - Gold Coast,2026-03-22,100km Triathlon,100000,Barry Lipp,5:47:52,,,,1024,n65-69,AUS,2686,sportstats
T100 Triathlon World Tour - Gold Coast,2026-03-22,100km Triathlon,100000,Francesco Leo,5:47:54,,,,1025,n45-49,ITA,2083,sportstats
T100 Triathlon World Tour - Gold Coast,2026-03-22,100km Triathlon,100000,Bj Hooper,5:47:58,,,,1026,n55-59,AUS,2537,sportstats
T100 Triathlon World Tour - Gold Coast,2026-03-22,100km Triathlon,100000,Douglas Thomas,5:48:12,,,,1027,n50-54,AUS,2370,sportstats
T100 Triathlon World Tour - Gold Coast,2026-03-22,100km Triathlon,100000,Jaylee Anderson,5:48:22,,,,1028,f30-34,AUS,1263,sportstats
T100 Triathlon World Tour - Gold Coast,2026-03-22,100km Triathlon,100000,Nicholas Williams,5:48:23,,,,1029,n30-34,GBR,1353,sportstats
T100 Triathlon World Tour - Gold Coast,2026-03-22,100km Triathlon,100000,Shane Killiby,5:48:35,,,,1030,n40-44,AUS,1864,sportstats
T100 Triathlon World Tour - Gold Coast,2026-03-22,100km Triathlon,100000,Belinda Donkers,5:48:43,,,,1031,f40-44,AUS,1759,sportstats
T100 Triathlon World Tour - Gold Coast,2026-03-22,100km Triathlon,100000,Cristian Camilo Perilla Restrepo,5:48:48,,,,1032,n35-39,COL,1686,sportstats
T100 Triathlon World Tour - Gold Coast,2026-03-22,100km Triathlon,100000,Rebecca Cheney,5:49:08,,,,1033,f30-34,AUS,1241,sportstats
T100 Triathlon World Tour - Gold Coast,2026-03-22,100km Triathlon,100000,Leonie Pedrazzini,5:49:09,,,,1034,f65-69,AUS,2594,sportstats
T100 Triathlon World Tour - Gold Coast,2026-03-22,100km Triathlon,100000,Alannah James,5:50:07,,,,1035,f25-29,AUS,1083,sportstats
T100 Triathlon World Tour - Gold Coast,2026-03-22,100km Triathlon,100000,Hannah Purvey,5:50:23,,,,1036,f40-44,AUS,1701,sportstats
T100 Triathlon World Tour - Gold Coast,2026-03-22,100km Triathlon,100000,Marcelo Ramirez,5:50:28,,,,1037,n60-64,CHL,2616,sportstats
T100 Triathlon World Tour - Gold Coast,2026-03-22,100km Triathlon,100000,Caleb Burton,5:50:39,,,,1038,n35-39,AUS,1563,sportstats
T100 Triathlon World Tour - Gold Coast,2026-03-22,100km Triathlon,100000,Lisa Todd,5:50:43,,,,1039,f45-49,AUS,2017,sportstats
T100 Triathlon World Tour - Gold Coast,2026-03-22,100km Triathlon,100000,Josh Kluken,5:50:50,,,,1040,n25-29,AUS,1135,sportstats
T100 Triathlon World Tour - Gold Coast,2026-03-22,100km Triathlon,100000,Alisha Tang,5:51:04,,,,1041,f25-29,AUS,1093,sportstats
T100 Triathlon World Tour - Gold Coast,2026-03-22,100km Triathlon,100000,Warren Leitao,5:51:22,,,,1042,n40-44,ZAF,1923,sportstats
T100 Triathlon World Tour - Gold Coast,2026-03-22,100km Triathlon,100000,Ian Auld,5:51:37,,,,1043,n35-39,AUS,1645,sportstats
T100 Triathlon World Tour - Gold Coast,2026-03-22,100km Triathlon,100000,Alana Levingston,5:51:45,,,,1044,f50-54,AUS,2251,sportstats
T100 Triathlon World Tour - Gold Coast,2026-03-22,100km Triathlon,100000,Ash North,5:51:55,,,,1045,f35-39,AUS,1449,sportstats
T100 Triathlon World Tour - Gold Coast,2026-03-22,100km Triathlon,100000,Jacki Drinnen,5:52:20,,,,1046,f35-39,AUS,1425,sportstats
T100 Triathlon World Tour - Gold Coast,2026-03-22,100km Triathlon,100000,Sabrina (Xiaodan) Wang,5:52:46,,,,1047,f50-54,CHN,2226,sportstats
T100 Triathlon World Tour - Gold Coast,2026-03-22,100km Triathlon,100000,Alexander Verhovtsev,5:52:47,,,,1048,n35-39,AUS,1528,sportstats
T100 Triathlon World Tour - Gold Coast,2026-03-22,100km Triathlon,100000,Jade Toomey,5:52:48,,,,1049,f30-34,AUS,1239,sportstats
T100 Triathlon World Tour - Gold Coast,2026-03-22,100km Triathlon,100000,Brendan Dobe,5:52:49,,,,1050,n45-49,AUS,2064,sportstats
T100 Triathlon World Tour - Gold Coast,2026-03-22,100km Triathlon,100000,Andrey Ramkulov,5:53:04,,,,1051,n45-49,AUS,2101,sportstats
T100 Triathlon World Tour - Gold Coast,2026-03-22,100km Triathlon,100000,David Evans,5:53:15,,,,1052,n40-44,AUS,1765,sportstats
T100 Triathlon World Tour - Gold Coast,2026-03-22,100km Triathlon,100000,Cameron Young,5:53:20,,,,1053,n35-39,AUS,1635,sportstats
T100 Triathlon World Tour - Gold Coast,2026-03-22,100km Triathlon,100000,Ben Johnson,5:54:09,,,,1054,n35-39,AUS,1684,sportstats
T100 Triathlon World Tour - Gold Coast,2026-03-22,100km Triathlon,100000,Angie Lorentz,5:54:42,,,,1055,f45-49,AUS,2012,sportstats
T100 Triathlon World Tour - Gold Coast,2026-03-22,100km Triathlon,100000,Ingrid Altena,5:54:48,,,,1056,f60-64,NZL,2584,sportstats
T100 Triathlon World Tour - Gold Coast,2026-03-22,100km Triathlon,100000,Hany Yacoub,5:55:04,,,,1057,n50-54,AUS,2356,sportstats
T100 Triathlon World Tour - Gold Coast,2026-03-22,100km Triathlon,100000,Bree Habner,5:55:11,,,,1058,f50-54,AUS,2243,sportstats
T100 Triathlon World Tour - Gold Coast,2026-03-22,100km Triathlon,100000,Jason Taylor,5:55:27,,,,1059,n35-39,AUS,1525,sportstats
T100 Triathlon World Tour - Gold Coast,2026-03-22,100km Triathlon,100000,Krystle Theodosis,5:56:07,,,,1060,f35-39,AUS,1444,sportstats
T100 Triathlon World Tour - Gold Coast,2026-03-22,100km Triathlon,100000,Lynette Nisbet,5:56:17,,,,1061,f55-59,AUS,2427,sportstats
T100 Triathlon World Tour - Gold Coast,2026-03-22,100km Triathlon,100000,Danny James,5:56:19,,,,1062,n50-54,AUS,2353,sportstats
T100 Triathlon World Tour - Gold Coast,2026-03-22,100km Triathlon,100000,Sheydin Cross,5:56:43,,,,1063,f30-34,AUS,1268,sportstats
T100 Triathlon World Tour - Gold Coast,2026-03-22,100km Triathlon,100000,Peter Knight,5:56:51,,,,1064,n55-59,AUS,2562,sportstats
T100 Triathlon World Tour - Gold Coast,2026-03-22,100km Triathlon,100000,Danila Bigiolli,5:57:12,,,,1065,f60-64,AUS,2577,sportstats
T100 Triathlon World Tour - Gold Coast,2026-03-22,100km Triathlon,100000,Olivia Schwier,5:57:13,,,,1066,f30-34,GBR,1225,sportstats
T100 Triathlon World Tour - Gold Coast,2026-03-22,100km Triathlon,100000,Marcus Trant,5:57:30,,,,1067,n50-54,AUS,2321,sportstats
T100 Triathlon World Tour - Gold Coast,2026-03-22,100km Triathlon,100000,Kim Mcfadden,5:57:35,,,,1068,f55-59,AUS,2432,sportstats
T100 Triathlon World Tour - Gold Coast,2026-03-22,100km Triathlon,100000,Aline Teixeira,5:57:56,,,,1069,f45-49,AUS,1995,sportstats
T100 Triathlon World Tour - Gold Coast,2026-03-22,100km Triathlon,100000,Stephanie Johnston,5:58:20,,,,1070,f65-69,AUS,2599,sportstats
T100 Triathlon World Tour - Gold Coast,2026-03-22,100km Triathlon,100000,Anthony Wesley,5:58:35,,,,1071,n55-59,AUS,2460,sportstats
T100 Triathlon World Tour - Gold Coast,2026-03-22,100km Triathlon,100000,Catherine Mcgregor,5:58:40,,,,1072,f45-49,AUS,2001,sportstats
T100 Triathlon World Tour - Gold Coast,2026-03-22,100km Triathlon,100000,King Juin Chuo,5:58:42,,,,1073,n35-39,MYS,1687,sportstats
T100 Triathlon World Tour - Gold Coast,2026-03-22,100km Triathlon,100000,Sam Thompson,5:58:59,,,,1074,f55-59,AUS,2446,sportstats
T100 Triathlon World Tour - Gold Coast,2026-03-22,100km Triathlon,100000,Lisa Mazlin,5:59:10,,,,1075,f50-54,AUS,2221,sportstats
T100 Triathlon World Tour - Gold Coast,2026-03-22,100km Triathlon,100000,Alexey Semakov,5:59:11,,,,1076,n35-39,RUS,1522,sportstats
T100 Triathlon World Tour - Gold Coast,2026-03-22,100km Triathlon,100000,David Nunn,5:59:19,,,,1077,n40-44,AUS,1945,sportstats
T100 Triathlon World Tour - Gold Coast,2026-03-22,100km Triathlon,100000,Suz Head,5:59:58,,,,1078,f45-49,AUS,2010,sportstats
T100 Triathlon World Tour - Gold Coast,2026-03-22,100km Triathlon,100000,Rafael Aducayen,5:59:59,,,,1079,n45-49,AUS,2155,sportstats
T100 Triathlon World Tour - Gold Coast,2026-03-22,100km Triathlon,100000,Penny Owens,6:00:03,,,,1080,f40-44,AUS,1702,sportstats
T100 Triathlon World Tour - Gold Coast,2026-03-22,100km Triathlon,100000,Jane Trotter,6:00:14,,,,1081,f65-69,AUS,2603,sportstats
T100 Triathlon World Tour - Gold Coast,2026-03-22,100km Triathlon,100000,Rachel Mcculloch,6:00:23,,,,1082,f50-54,NZL,2237,sportstats
T100 Triathlon World Tour - Gold Coast,2026-03-22,100km Triathlon,100000,Ava Van Der Kwast,6:00:31,,,,1083,f25-29,AUS,1062,sportstats
T100 Triathlon World Tour - Gold Coast,2026-03-22,100km Triathlon,100000,Julie-Ann Dillon,6:00:37,,,,1084,f50-54,AUS,2236,sportstats
T100 Triathlon World Tour - Gold Coast,2026-03-22,100km Triathlon,100000,Christina Petz,6:00:37,,,,1085,f50-54,AUS,2254,sportstats
T100 Triathlon World Tour - Gold Coast,2026-03-22,100km Triathlon,100000,Andrew Hough,6:01:30,,,,1086,n40-44,AUS,1841,sportstats
T100 Triathlon World Tour - Gold Coast,2026-03-22,100km Triathlon,100000,Leanne Coghill,6:01:45,,,,1087,f45-49,AUS,2028,sportstats
T100 Triathlon World Tour - Gold Coast,2026-03-22,100km Triathlon,100000,Geoff Oliver,6:01:46,,,,1088,n55-59,AUS,2521,sportstats
T100 Triathlon World Tour - Gold Coast,2026-03-22,100km Triathlon,100000,Harrison Tanke,6:01:58,,,,1089,n35-39,AUS,1527,sportstats
T100 Triathlon World Tour - Gold Coast,2026-03-22,100km Triathlon,100000,Brian Chandler,6:02:13,,,,1090,n70+,AUS,2696,sportstats
T100 Triathlon World Tour - Gold Coast,2026-03-22,100km Triathlon,100000,Evelyn Best,6:02:25,,,,1091,f55-59,GBR,2417,sportstats
T100 Triathlon World Tour - Gold Coast,2026-03-22,100km Triathlon,100000,Jennifer Davies,6:02:26,,,,1092,f50-54,AUS,2228,sportstats
T100 Triathlon World Tour - Gold Coast,2026-03-22,100km Triathlon,100000,Juliet Crawford,6:02:36,,,,1093,f65-69,NZL,2596,sportstats
T100 Triathlon World Tour - Gold Coast,2026-03-22,100km Triathlon,100000,Caroline Smale,6:02:40,,,,1094,f60-64,AUS,2578,sportstats
T100 Triathlon World Tour - Gold Coast,2026-03-22,100km Triathlon,100000,Jared Clarke,6:02:55,,,,1095,n30-34,AUS,1382,sportstats
T100 Triathlon World Tour - Gold Coast,2026-03-22,100km Triathlon,100000,Pauline Pastor,6:03:00,,,,1096,f45-49,PHL,1978,sportstats
T100 Triathlon World Tour - Gold Coast,2026-03-22,100km Triathlon,100000,Andrew Mcculloch,6:03:17,,,,1097,n65-69,NZL,2687,sportstats
T100 Triathlon World Tour - Gold Coast,2026-03-22,100km Triathlon,100000,Rachele Sanderson,6:03:41,,,,1098,f45-49,AUS,2034,sportstats
T100 Triathlon World Tour - Gold Coast,2026-03-22,100km Triathlon,100000,Steve Rinaldi,6:04:04,,,,1099,n35-39,USA,1560,sportstats
T100 Triathlon World Tour - Gold Coast,2026-03-22,100km Triathlon,100000,Samantha Pycroft,6:04:22,,,,1100,f55-59,AUS,2434,sportstats
T100 Triathlon World Tour - Gold Coast,2026-03-22,100km Triathlon,100000,Paula Bellussi,6:04:27,,,,1101,f50-54,AUS,2216,sportstats
T100 Triathlon World Tour - Gold Coast,2026-03-22,100km Triathlon,100000,Melani Hays,6:04:33,,,,1102,f55-59,AUS,2404,sportstats
T100 Triathlon World Tour - Gold Coast,2026-03-22,100km Triathlon,100000,Fiona Pascoe,6:04:39,,,,1103,f60-64,AUS,2587,sportstats
T100 Triathlon World Tour - Gold Coast,2026-03-22,100km Triathlon,100000,Colleen Harisson,6:04:59,,,,1104,f70+,AUS,2605,sportstats
T100 Triathlon World Tour - Gold Coast,2026-03-22,100km Triathlon,100000,Emma Cook,6:05:27,,,,1105,f50-54,AUS,2208,sportstats
T100 Triathlon World Tour - Gold Coast,2026-03-22,100km Triathlon,100000,Glen Bowe,6:05:35,,,,1106,n55-59,AUS,2514,sportstats
T100 Triathlon World Tour - Gold Coast,2026-03-22,100km Triathlon,100000,Jack Ryan,6:05:39,,,,1107,n25-29,AUS,1183,sportstats
T100 Triathlon World Tour - Gold Coast,2026-03-22,100km Triathlon,100000,Tanya Davenport,6:05:44,,,,1108,f45-49,AUS,1975,sportstats
T100 Triathlon World Tour - Gold Coast,2026-03-22,100km Triathlon,100000,Lina F Sanchez,6:05:54,,,,1109,f35-39,COL,1476,sportstats
T100 Triathlon World Tour - Gold Coast,2026-03-22,100km Triathlon,100000,Kenzie Mcpherson,6:06:08,,,,1110,f18-19,AUS,1001,sportstats
T100 Triathlon World Tour - Gold Coast,2026-03-22,100km Triathlon,100000,Saxon James,6:06:48,,,,1111,n20-24,AUS,1059,sportstats
T100 Triathlon World Tour - Gold Coast,2026-03-22,100km Triathlon,100000,Jill Putzolu,6:06:56,,,,1112,f50-54,AUS,2244,sportstats
T100 Triathlon World Tour - Gold Coast,2026-03-22,100km Triathlon,100000,Tim Waggett,6:07:01,,,,1113,n50-54,AUS,2322,sportstats
T100 Triathlon World Tour - Gold Coast,2026-03-22,100km Triathlon,100000,Zoe Hubball,6:07:09,,,,1114,f50-54,AUS,2234,sportstats
T100 Triathlon World Tour - Gold Coast,2026-03-22,100km Triathlon,100000,Ken Crawford,6:07:52,,,,1115,n70+,AUS,2699,sportstats
T100 Triathlon World Tour - Gold Coast,2026-03-22,100km Triathlon,100000,Murray Corles,6:08:01,,,,1116,n45-49,AUS,2096,sportstats
T100 Triathlon World Tour - Gold Coast,2026-03-22,100km Triathlon,100000,Dianne Power,6:08:29,,,,1117,f70+,AUS,2607,sportstats
T100 Triathlon World Tour - Gold Coast,2026-03-22,100km Triathlon,100000,Sophie Gadd,6:08:42,,,,1118,f20-24,AUS,1005,sportstats
T100 Triathlon World Tour - Gold Coast,2026-03-22,100km Triathlon,100000,Paul Stenner,6:09:04,,,,1119,n50-54,GBR,2262,sportstats
T100 Triathlon World Tour - Gold Coast,2026-03-22,100km Triathlon,100000,Charlene Margetts,6:09:04,,,,1120,f40-44,AUS,1738,sportstats
T100 Triathlon World Tour - Gold Coast,2026-03-22,100km Triathlon,100000,Mateus Martins,6:09:48,,,,1121,n45-49,AUS,2047,sportstats
T100 Triathlon World Tour - Gold Coast,2026-03-22,100km Triathlon,100000,Austen Pane,6:10:36,,,,1122,n25-29,AUS,1208,sportstats
T100 Triathlon World Tour - Gold Coast,2026-03-22,100km Triathlon,100000,Erick Artavia,6:10:49,,,,1123,n40-44,COL,1877,sportstats
T100 Triathlon World Tour - Gold Coast,2026-03-22,100km Triathlon,100000,Luke Ibell,6:12:07,,,,1124,n30-34,AUS,1313,sportstats
T100 Triathlon World Tour - Gold Coast,2026-03-22,100km Triathlon,100000,Nicole Phillips,6:12:08,,,,1125,f45-49,USA,2031,sportstats
T100 Triathlon World Tour - Gold Coast,2026-03-22,100km Triathlon,100000,Rebecca Fear,6:12:50,,,,1126,f35-39,AUS,1446,sportstats
T100 Triathlon World Tour - Gold Coast,2026-03-22,100km Triathlon,100000,Rob Brebner,6:13:08,,,,1127,n55-59,NZL,2548,sportstats
T100 Triathlon World Tour - Gold Coast,2026-03-22,100km Triathlon,100000,Jessica Kruger,6:13:30,,,,1128,f35-39,AUS,1434,sportstats
T100 Triathlon World Tour - Gold Coast,2026-03-22,100km Triathlon,100000,Justin Marco Mercado,6:13:49,,,,1129,n30-34,PHL,1419,sportstats
T100 Triathlon World Tour - Gold Coast,2026-03-22,100km Triathlon,100000,Tara Wilson,6:13:52,,,,1130,f50-54,AUS,2213,sportstats
T100 Triathlon World Tour - Gold Coast,2026-03-22,100km Triathlon,100000,Anna Tolhurst,6:14:02,,,,1131,f40-44,GBR,1737,sportstats
T100 Triathlon World Tour - Gold Coast,2026-03-22,100km Triathlon,100000,Carl Buckland,6:14:07,,,,1132,n55-59,AUS,2482,sportstats
T100 Triathlon World Tour - Gold Coast,2026-03-22,100km Triathlon,100000,Mark Forward,6:14:56,,,,1133,n60-64,AUS,2662,sportstats
T100 Triathlon World Tour - Gold Coast,2026-03-22,100km Triathlon,100000,Claire Lynch,6:15:35,,,,1134,f60-64,AUS,2591,sportstats
T100 Triathlon World Tour - Gold Coast,2026-03-22,100km Triathlon,100000,Lainey Thorpe,6:15:45,,,,1135,f25-29,AUS,1070,sportstats
T100 Triathlon World Tour - Gold Coast,2026-03-22,100km Triathlon,100000,Bruce Thorpe,6:15:46,,,,1136,n60-64,AUS,2628,sportstats
T100 Triathlon World Tour - Gold Coast,2026-03-22,100km Triathlon,100000,Amelia Payne,6:15:55,,,,1137,f18-19,AUS,1002,sportstats
T100 Triathlon World Tour - Gold Coast,2026-03-22,100km Triathlon,100000,Emma Hutchinson,6:16:16,,,,1138,f35-39,AUS,1495,sportstats
T100 Triathlon World Tour - Gold Coast,2026-03-22,100km Triathlon,100000,Katrin Buchta,6:16:20,,,,1139,f55-59,DEU,2416,sportstats
T100 Triathlon World Tour - Gold Coast,2026-03-22,100km Triathlon,100000,Khoa Le,6:16:45,,,,1140,n35-39,AUS,1511,sportstats
T100 Triathlon World Tour - Gold Coast,2026-03-22,100km Triathlon,100000,Katherine Delos Santos,6:17:04,,,,1141,f45-49,AUS,2024,sportstats
T100 Triathlon World Tour - Gold Coast,2026-03-22,100km Triathlon,100000,Wendy Chirgwin,6:17:49,,,,1142,f55-59,AUS,2425,sportstats
T100 Triathlon World Tour - Gold Coast,2026-03-22,100km Triathlon,100000,Kylie Mcpherson,6:18:13,,,,1143,f45-49,AUS,1990,sportstats
T100 Triathlon World Tour - Gold Coast,2026-03-22,100km Triathlon,100000,Zohra Mohtat-Nasri,6:18:22,,,,1144,f30-34,AUS,1245,sportstats
T100 Triathlon World Tour - Gold Coast,2026-03-22,100km Triathlon,100000,Colin Cox,6:22:19,,,,1145,n35-39,AUS,1592,sportstats
T100 Triathlon World Tour - Gold Coast,2026-03-22,100km Triathlon,100000,Mia Fragiacomo,6:22:33,,,,1146,f25-29,AUS,1077,sportstats
T100 Triathlon World Tour - Gold Coast,2026-03-22,100km Triathlon,100000,Courtney Splatt,6:22:47,,,,1147,f40-44,AUS,1723,sportstats
T100 Triathlon World Tour - Gold Coast,2026-03-22,100km Triathlon,100000,Eve Miller,6:23:11,,,,1148,f30-34,AUS,1229,sportstats
T100 Triathlon World Tour - Gold Coast,2026-03-22,100km Triathlon,100000,Hayley Sadler,6:24:56,,,,1149,f35-39,AUS,1461,sportstats
T100 Triathlon World Tour - Gold Coast,2026-03-22,100km Triathlon,100000,Karin Schwindack,6:25:43,,,,1150,f50-54,AUS,2217,sportstats
T100 Triathlon World Tour - Gold Coast,2026-03-22,100km Triathlon,100000,Sara Safari,6:26:00,,,,1151,f45-49,AUS,2003,sportstats
T100 Triathlon World Tour - Gold Coast,2026-03-22,100km Triathlon,100000,Andrew Mcorist,6:26:28,,,,1152,n60-64,AUS,2622,sportstats
T100 Triathlon World Tour - Gold Coast,2026-03-22,100km Triathlon,100000,Linda Stockwell,6:27:15,,,,1153,f60-64,AUS,2570,sportstats
T100 Triathlon World Tour - Gold Coast,2026-03-22,100km Triathlon,100000,Emma Peeters,6:27:39,,,,1154,f35-39,AUS,1498,sportstats
T100 Triathlon World Tour - Gold Coast,2026-03-22,100km Triathlon,100000,Stephen Scriven,6:28:46,,,,1155,n30-34,AUS,1389,sportstats
T100 Triathlon World Tour - Gold Coast,2026-03-22,100km Triathlon,100000,Ashlee Taylor,6:28:53,,,,1156,f20-24,AUS,1007,sportstats
T100 Triathlon World Tour - Gold Coast,2026-03-22,100km Triathlon,100000,Marcin Lazinski,6:29:11,,,,1157,n40-44,AUS,1882,sportstats
T100 Triathlon World Tour - Gold Coast,2026-03-22,100km Triathlon,100000,Jo Hurley,6:31:25,,,,1158,f45-49,AUS,2036,sportstats
T100 Triathlon World Tour - Gold Coast,2026-03-22,100km Triathlon,100000,Marion Hamilton,6:31:26,,,,1159,f45-49,AUS,1991,sportstats
T100 Triathlon World Tour - Gold Coast,2026-03-22,100km Triathlon,100000,Michele Sterling,6:31:30,,,,1160,f65-69,AUS,2593,sportstats
T100 Triathlon World Tour - Gold Coast,2026-03-22,100km Triathlon,100000,Cleopatra Jackson,6:31:43,,,,1161,f50-54,AUS,2232,sportstats
T100 Triathlon World Tour - Gold Coast,2026-03-22,100km Triathlon,100000,Sukiman Fakta Rahmat,6:31:47,,,,1162,n50-54,IDN,2280,sportstats
T100 Triathlon World Tour - Gold Coast,2026-03-22,100km Triathlon,100000,Steven Howard,6:31:53,,,,1163,n40-44,AUS,1867,sportstats
T100 Triathlon World Tour - Gold Coast,2026-03-22,100km Triathlon,100000,Minghe Feng,6:32:58,,,,1164,n35-39,CHN,1673,sportstats
T100 Triathlon World Tour - Gold Coast,2026-03-22,100km Triathlon,100000,Jaime Hague,6:35:01,,,,1165,f50-54,AUS,2199,sportstats
T100 Triathlon World Tour - Gold Coast,2026-03-22,100km Triathlon,100000,Nathan Manning,6:35:46,,,,1166,n50-54,AUS,2387,sportstats
T100 Triathlon World Tour - Gold Coast,2026-03-22,100km Triathlon,100000,Alison Jennings,6:36:06,,,,1167,f60-64,AUS,2576,sportstats
T100 Triathlon World Tour - Gold Coast,2026-03-22,100km Triathlon,100000,Steve Williamson,6:37:10,,,,1168,n55-59,AUS,2471,sportstats
T100 Triathlon World Tour - Gold Coast,2026-03-22,100km Triathlon,100000,Simon Phillips,6:37:16,,,,1169,n55-59,AUS,2517,sportstats
T100 Triathlon World Tour - Gold Coast,2026-03-22,100km Triathlon,100000,Nathan Barnard,6:37:18,,,,1170,n45-49,AUS,2140,sportstats
T100 Triathlon World Tour - Gold Coast,2026-03-22,100km Triathlon,100000,Kevin Barker,6:37:24,,,,1171,n60-64,NZL,2666,sportstats
T100 Triathlon World Tour - Gold Coast,2026-03-22,100km Triathlon,100000,Maurice Sheahan,6:38:09,,,,1172,n20-24,AUS,1042,sportstats
T100 Triathlon World Tour - Gold Coast,2026-03-22,100km Triathlon,100000,Jo Boutchard,6:39:03,,,,1173,f60-64,AUS,2589,sportstats
T100 Triathlon World Tour - Gold Coast,2026-03-22,100km Triathlon,100000,Nathalie Garnier,6:39:10,,,,1174,f55-59,FRA,2440,sportstats
T100 Triathlon World Tour - Gold Coast,2026-03-22,100km Triathlon,100000,Rita Yong Gee,6:39:11,,,,1175,f55-59,AUS,2443,sportstats
T100 Triathlon World Tour - Gold Coast,2026-03-22,100km Triathlon,100000,Victoria Cook,6:39:46,,,,1176,f40-44,AUS,1758,sportstats
T100 Triathlon World Tour - Gold Coast,2026-03-22,100km Triathlon,100000,Tammie Qazim,6:39:56,,,,1177,f50-54,AUS,2227,sportstats
T100 Triathlon World Tour - Gold Coast,2026-03-22,100km Triathlon,100000,Keir Garrett,6:40:54,,,,1178,f60-64,AUS,2575,sportstats
T100 Triathlon World Tour - Gold Coast,2026-03-22,100km Triathlon,100000,Apineru Tavita,6:41:06,,,,1179,n45-49,AUS,2124,sportstats
T100 Triathlon World Tour - Gold Coast,2026-03-22,100km Triathlon,100000,Johnny Finnan,6:41:41,,,,1180,n25-29,IRL,1175,sportstats
T100 Triathlon World Tour - Gold Coast,2026-03-22,100km Triathlon,100000,Thomas Whibley,6:42:51,,,,1181,n35-39,AUS,1580,sportstats
T100 Triathlon World Tour - Gold Coast,2026-03-22,100km Triathlon,100000,David Tabernacle,6:43:23,,,,1182,n55-59,AUS,2484,sportstats
T100 Triathlon World Tour - Gold Coast,2026-03-22,100km Triathlon,100000,Lucy Tabernacle,6:43:27,,,,1183,f25-29,AUS,1066,sportstats
T100 Triathlon World Tour - Gold Coast,2026-03-22,100km Triathlon,100000,Casey Malady,6:43:58,,,,1184,f45-49,AUS,1983,sportstats
T100 Triathlon World Tour - Gold Coast,2026-03-22,100km Triathlon,100000,Graham Webb,6:44:41,,,,1185,n70+,AUS,2700,sportstats
T100 Triathlon World Tour - Gold Coast,2026-03-22,100km Triathlon,100000,Wing Hei Leung,6:44:46,,,,1186,n30-34,HKG,1290,sportstats
T100 Triathlon World Tour - Gold Coast,2026-03-22,100km Triathlon,100000,Elin Lloyd-Davies,6:45:44,,,,1187,f25-29,GBR,1112,sportstats
T100 Triathlon World Tour - Gold Coast,2026-03-22,100km Triathlon,100000,Karen Watkin,6:45:49,,,,1188,f60-64,AUS,2582,sportstats
T100 Triathlon World Tour - Gold Coast,2026-03-22,100km Triathlon,100000,James Pointon,6:46:08,,,,1189,n35-39,AUS,1667,sportstats
T100 Triathlon World Tour - Gold Coast,2026-03-22,100km Triathlon,100000,Joanne Rech,6:46:30,,,,1190,f50-54,AUS,2219,sportstats
T100 Triathlon World Tour - Gold Coast,2026-03-22,100km Triathlon,100000,Courtney Mcdonald,6:46:38,,,,1191,f40-44,AUS,1708,sportstats
T100 Triathlon World Tour - Gold Coast,2026-03-22,100km Triathlon,100000,Peter Mccrystal,6:47:49,,,,1192,n45-49,AUS,2153,sportstats
T100 Triathlon World Tour - Gold Coast,2026-03-22,100km Triathlon,100000,Richard Hanson,6:49:16,,,,1193,n55-59,AUS,2461,sportstats
T100 Triathlon World Tour - Gold Coast,2026-03-22,100km Triathlon,100000,Ethan Marston,6:51:51,,,,1194,n25-29,AUS,1129,sportstats
T100 Triathlon World Tour - Gold Coast,2026-03-22,100km Triathlon,100000,Haydn Oneale,6:53:07,,,,1195,n55-59,AUS,2485,sportstats
T100 Triathlon World Tour - Gold Coast,2026-03-22,100km Triathlon,100000,Andrew Trout,6:56:57,,,,1196,n60-64,AUS,2653,sportstats
T100 Triathlon World Tour - Gold Coast,2026-03-22,100km Triathlon,100000,Michelle Fletcher,6:58:51,,,,1197,f45-49,AUS,2005,sportstats
T100 Triathlon World Tour - Gold Coast,2026-03-22,100km Triathlon,100000,Michelle Cooper,6:58:58,,,,1198,f45-49,AUS,2038,sportstats
T100 Triathlon World Tour - Gold Coast,2026-03-22,100km Triathlon,100000,Kristy Richardson,7:05:00,,,,1199,f45-49,AUS,2042,sportstats
T100 Triathlon World Tour - Gold Coast,2026-03-22,100km Triathlon,100000,Peter Easton,7:08:21,,,,1200,n60-64,AUS,2613,sportstats
T100 Triathlon World Tour - Gold Coast,2026-03-22,100km Triathlon,100000,Craig Johnston,7:09:28,,,,1201,n40-44,AUS,1798,sportstats
T100 Triathlon World Tour - Gold Coast,2026-03-22,100km Triathlon,100000,Kay Poletto,7:11:36,,,,1202,f70+,AUS,2604,sportstats
T100 Triathlon World Tour - Gold Coast,2026-03-22,100km Triathlon,100000,Fiona Buckland,7:15:17,,,,1203,f55-59,AUS,2422,sportstats
T100 Triathlon World Tour - Gold Coast,2026-03-22,100km Triathlon,100000,Nadia Maclaren,7:17:41,,,,1204,f45-49,NZL,2029,sportstats
T100 Triathlon World Tour - Gold Coast,2026-03-22,100km Triathlon,100000,Simon Gronow,7:18:53,,,,1205,n55-59,AUS,2478,sportstats
T100 Triathlon World Tour - Gold Coast,2026-03-22,100km Triathlon,100000,Jennifer Mcmillan,7:19:03,,,,1206,f60-64,AUS,2581,sportstats
T100 Triathlon World Tour - Gold Coast,2026-03-22,100km Triathlon,100000,Anna Mcmillan,7:24:59,,,,1207,f30-34,AUS,1267,sportstats
T100 Triathlon World Tour - Gold Coast,2026-03-22,100km Triathlon,100000,Garth Johnson,7:33:33,,,,1208,n55-59,AUS,2536,sportstats
T100 Triathlon World Tour - Gold Coast,2026-03-22,100km Triathlon,100000,Fiona Johnson,7:54:10,,,,1209,f40-44,AUS,1749,sportstats
T100 Triathlon World Tour - Gold Coast,2026-03-22,100km Triathlon,100000,David Pham,4:01:45,,,,1477,n25-29,AUS,1201,sportstats
T100 Triathlon World Tour - Gold Coast,2026-03-22,100km Triathlon,100000,Jane Cole,4:07:03,,,,1478,f60-64,AUS,2565,sportstats
T100 Triathlon World Tour - Gold Coast,2026-03-22,100km Triathlon,100000,Nicolas Ciesielski,4:24:33,,,,1479,n50-54,FRA,2355,sportstats
T100 Triathlon World Tour - Gold Coast,2026-03-22,100km Triathlon,100000,Malcolm Wesener,4:25:05,,,,1480,n50-54,AUS,2343,sportstats
T100 Triathlon World Tour - Gold Coast,2026-03-22,100km Triathlon,100000,Steven Benham,4:39:58,,,,1481,n40-44,AUS,1785,sportstats
T100 Triathlon World Tour - Gold Coast,2026-03-22,100km Triathlon,100000,John Barker,4:42:32,,,,1482,n65-69,AUS,2670,sportstats
T100 Triathlon World Tour - Gold Coast,2026-03-22,100km Triathlon,100000,Nicholas Alexander,4:43:41,,,,1483,n45-49,AUS,2076,sportstats
T100 Triathlon World Tour - Gold Coast,2026-03-22,100km Triathlon,100000,Lee Brett,4:48:23,,,,1484,f50-54,NZL,2204,sportstats
T100 Triathlon World Tour - Gold Coast,2026-03-22,100km Triathlon,100000,Maurice Sheahan,4:49:51,,,,1485,n55-59,AUS,2519,sportstats
T100 Triathlon World Tour - Gold Coast,2026-03-22,100km Triathlon,100000,Ian Furber,4:52:26,,,,1486,n45-49,AUS,2103,sportstats
T100 Triathlon World Tour - Gold Coast,2026-03-22,100km Triathlon,100000,Joao Geraldo Bersi Neto,5:02:50,,,,1487,n30-34,BRA,1332,sportstats
T100 Triathlon World Tour - Gold Coast,2026-03-22,100km Triathlon,100000,Anne-Marie Wesley,5:13:26,,,,1488,f55-59,AUS,2448,sportstats
T100 Triathlon World Tour - Gold Coast,2026-03-22,100km Triathlon,100000,Rebecca Adams,5:14:06,,,,1489,f45-49,AUS,1997,sportstats
T100 Triathlon World Tour - Gold Coast,2026-03-22,100km Triathlon,100000,Kelly Dodd,5:33:20,,,,1490,f45-49,AUS,1979,sportstats
T100 Triathlon World Tour - Gold Coast,2026-03-22,100km Triathlon,100000,Robert Darley,5:42:52,,,,1491,n55-59,AUS,2494,sportstats
T100 Triathlon World Tour - Gold Coast,2026-03-22,100km Triathlon,100000,Adrian Jacobs,6:01:40,,,,1492,n55-59,NZL,2481,sportstats
T100 Triathlon World Tour - Gold Coast,2026-03-22,100km Triathlon,100000,Michael Grove,6:19:19,,,,1493,n50-54,AUS,2341,sportstats
T100 Triathlon World Tour - Gold Coast,2026-03-22,100km Triathlon,100000,Anthony Camilleri,6:57:28,,,,1494,n55-59,AUS,2535,sportstats
