event_name,event_date,race_name,distance_m,athlete_name,finish_time,swim_time,bike_time,run_time,overall_position,category,country,bib,source
T100 Triathlon World Tour - Dubai,2025-11-15,Sprint Triathlon,25750,Gerhard De Bruin,1:02:54,0:10:26,0:32:38,0:19:50,1,male 40-44,ARE,2079,sportstats
T100 Triathlon World Tour - Dubai,2025-11-15,Sprint Triathlon,25750,Jamie Edmunds,1:03:04,0:10:41,0:32:20,0:20:03,2,male 40-44,ARE,1027,sportstats
T100 Triathlon World Tour - Dubai,2025-11-15,Sprint Triathlon,25750,Abdulaziz Abdulla,1:03:21,0:10:22,0:34:23,0:18:37,3,male 18-24,KWT,1019,sportstats
T100 Triathlon World Tour - Dubai,2025-11-15,Sprint Triathlon,25750,Livio Flueler,1:06:16,0:11:00,0:35:24,0:19:53,4,male ---18,CHE,1022,sportstats
T100 Triathlon World Tour - Dubai,2025-11-15,Sprint Triathlon,25750,Phillip Belshaw,1:06:25,0:12:05,0:33:55,0:20:24,5,male 30-34,GBR,1310,sportstats
T100 Triathlon World Tour - Dubai,2025-11-15,Sprint Triathlon,25750,Abdulaziz Alhowaidi,1:07:09,0:11:22,0:35:28,0:20:19,6,male 25-29,KWT,1044,sportstats
T100 Triathlon World Tour - Dubai,2025-11-15,Sprint Triathlon,25750,Mohamed El Akkad,1:07:19,0:10:08,0:34:59,0:22:12,7,male 35-39,ARE,1013,sportstats
T100 Triathlon World Tour - Dubai,2025-11-15,Sprint Triathlon,25750,Ibrahim Alzaidi,1:07:47,0:11:30,0:34:58,0:21:18,8,male 25-29,SAU,1016,sportstats
T100 Triathlon World Tour - Dubai,2025-11-15,Sprint Triathlon,25750,Matthew Green,1:07:47,0:10:10,0:36:23,0:21:14,9,male ---18,ARE,2070,sportstats
T100 Triathlon World Tour - Dubai,2025-11-15,Sprint Triathlon,25750,Adam Tuck,1:07:49,0:11:52,0:36:36,0:19:20,10,male 40-44,ARE,1059,sportstats
T100 Triathlon World Tour - Dubai,2025-11-15,Sprint Triathlon,25750,Dmitrii Rostovtsev,1:08:00,0:11:37,0:34:57,0:21:27,11,male 30-34,QAT,1021,sportstats
T100 Triathlon World Tour - Dubai,2025-11-15,Sprint Triathlon,25750,Dexter Button,1:09:21,0:11:59,0:35:45,0:21:38,12,male ---18,ARE,2080,sportstats
T100 Triathlon World Tour - Dubai,2025-11-15,Sprint Triathlon,25750,Ahmad Hulwe,1:09:47,0:11:07,0:37:06,0:21:35,13,male 18-24,ARE,2073,sportstats
T100 Triathlon World Tour - Dubai,2025-11-15,Sprint Triathlon,25750,Pierre-Luc Pelletier,1:10:07,0:11:42,0:36:06,0:22:19,14,male 35-39,CAN,1030,sportstats
T100 Triathlon World Tour - Dubai,2025-11-15,Sprint Triathlon,25750,Yuriy Rodionov,1:10:22,0:11:38,0:36:00,0:22:43,15,male 35-39,RUS,1035,sportstats
T100 Triathlon World Tour - Dubai,2025-11-15,Sprint Triathlon,25750,Michelle Derron,1:11:39,0:09:52,0:36:42,0:25:05,16,female 30-34,CHE,2069,sportstats
T100 Triathlon World Tour - Dubai,2025-11-15,Sprint Triathlon,25750,Ewan Cameron,1:11:56,0:12:08,0:35:41,0:24:06,17,male 50-54,GBR,2068,sportstats
T100 Triathlon World Tour - Dubai,2025-11-15,Sprint Triathlon,25750,Marcus Denil,1:11:57,0:11:54,0:35:21,0:24:42,18,male ---18,ARE,2076,sportstats
T100 Triathlon World Tour - Dubai,2025-11-15,Sprint Triathlon,25750,Raffaele Polonara,1:12:03,0:11:24,0:38:49,0:21:50,19,male 30-34,ARE,1115,sportstats
T100 Triathlon World Tour - Dubai,2025-11-15,Sprint Triathlon,25750,Mukhtar Hassan,1:12:15,0:11:35,0:38:50,0:21:51,20,male 18-24,SAU,1007,sportstats
T100 Triathlon World Tour - Dubai,2025-11-15,Sprint Triathlon,25750,Maksim Fomenko,1:12:19,0:12:31,0:37:48,0:22:00,21,male 40-44,RUS,1082,sportstats
T100 Triathlon World Tour - Dubai,2025-11-15,Sprint Triathlon,25750,Miguel Pereira,1:12:19,0:10:24,0:38:35,0:23:20,22,male 25-29,PRT,2072,sportstats
T100 Triathlon World Tour - Dubai,2025-11-15,Sprint Triathlon,25750,Mayon Udhwani,1:12:19,0:11:36,0:36:55,0:23:49,23,male ---18,ARE,1052,sportstats
T100 Triathlon World Tour - Dubai,2025-11-15,Sprint Triathlon,25750,Dara Singh Dhesi,1:12:30,0:11:01,0:39:10,0:22:18,24,male ---18,ARE,1023,sportstats
T100 Triathlon World Tour - Dubai,2025-11-15,Sprint Triathlon,25750,Mehdi Benni,1:13:15,0:13:24,0:35:43,0:24:08,25,male 40-44,ARE,1835,sportstats
T100 Triathlon World Tour - Dubai,2025-11-15,Sprint Triathlon,25750,Greg Ware,1:13:19,0:10:49,0:39:57,0:22:34,26,male 40-44,ARE,2146,sportstats
T100 Triathlon World Tour - Dubai,2025-11-15,Sprint Triathlon,25750,Oleg Samokhvalov,1:14:12,0:15:23,0:37:02,0:21:46,27,male 55-59,ARE,2085,sportstats
T100 Triathlon World Tour - Dubai,2025-11-15,Sprint Triathlon,25750,Martin Flueler,1:14:16,0:12:30,0:38:45,0:23:01,28,male 50-54,CHE,1036,sportstats
T100 Triathlon World Tour - Dubai,2025-11-15,Sprint Triathlon,25750,Mark Pentith,1:14:18,0:13:21,0:36:37,0:24:20,29,male 35-39,ARE,1287,sportstats
T100 Triathlon World Tour - Dubai,2025-11-15,Sprint Triathlon,25750,Julian Marquez,1:14:24,0:12:24,0:39:02,0:22:58,30,male 35-39,ARE,1226,sportstats
T100 Triathlon World Tour - Dubai,2025-11-15,Sprint Triathlon,25750,Douglas Cadbury,1:14:34,0:12:59,0:39:45,0:21:50,31,male 35-39,ARE,1249,sportstats
T100 Triathlon World Tour - Dubai,2025-11-15,Sprint Triathlon,25750,Saad El Mandari,1:15:03,0:12:28,0:39:07,0:23:28,32,male 40-44,ARE,1024,sportstats
T100 Triathlon World Tour - Dubai,2025-11-15,Sprint Triathlon,25750,Alex Stoll,1:15:09,0:13:17,0:38:36,0:23:16,33,male 30-34,ARE,1572,sportstats
T100 Triathlon World Tour - Dubai,2025-11-15,Sprint Triathlon,25750,Neil Van Den Broek,1:15:13,0:10:19,0:38:26,0:26:28,34,male 45-49,ARE,1008,sportstats
T100 Triathlon World Tour - Dubai,2025-11-15,Sprint Triathlon,25750,Francis Stevens,1:15:21,0:15:05,0:36:52,0:23:24,35,male 40-44,ARE,1153,sportstats
T100 Triathlon World Tour - Dubai,2025-11-15,Sprint Triathlon,25750,Alexander Semenov,1:15:49,0:14:24,0:37:58,0:23:27,36,male 30-34,ARE,1117,sportstats
T100 Triathlon World Tour - Dubai,2025-11-15,Sprint Triathlon,25750,Alexandra Hunter,1:15:51,0:13:38,0:40:32,0:21:41,37,female 25-29,GBR,1211,sportstats
T100 Triathlon World Tour - Dubai,2025-11-15,Sprint Triathlon,25750,Nouf Alduaij,1:15:59,0:13:46,0:39:39,0:22:34,38,female ---18,KWT,1185,sportstats
T100 Triathlon World Tour - Dubai,2025-11-15,Sprint Triathlon,25750,Mohamed Taymour,1:16:06,0:13:17,0:38:35,0:24:14,39,male 30-34,ARE,2154,sportstats
T100 Triathlon World Tour - Dubai,2025-11-15,Sprint Triathlon,25750,Hamad Ali,1:16:06,0:14:17,0:37:31,0:24:18,40,male 30-34,ARE,1114,sportstats
T100 Triathlon World Tour - Dubai,2025-11-15,Sprint Triathlon,25750,Andrei Kochnev,1:16:09,0:11:40,0:40:26,0:24:04,41,male 30-34,ARE,1067,sportstats
T100 Triathlon World Tour - Dubai,2025-11-15,Sprint Triathlon,25750,Nora Alduaij,1:16:10,0:13:30,0:41:14,0:21:25,42,female ---18,KWT,1241,sportstats
T100 Triathlon World Tour - Dubai,2025-11-15,Sprint Triathlon,25750,Rachel Smylie,1:16:10,0:11:11,0:41:11,0:23:47,43,female 35-39,ARE,1072,sportstats
T100 Triathlon World Tour - Dubai,2025-11-15,Sprint Triathlon,25750,Musaed Alqahtani,1:16:15,0:09:58,0:42:46,0:23:31,44,male ---18,SAU,1018,sportstats
T100 Triathlon World Tour - Dubai,2025-11-15,Sprint Triathlon,25750,Daniel Barrett,1:16:22,0:11:11,0:42:00,0:23:11,45,male 25-29,ARE,1065,sportstats
T100 Triathlon World Tour - Dubai,2025-11-15,Sprint Triathlon,25750,Daniel Kilsby,1:16:32,0:13:00,0:39:25,0:24:07,46,male 35-39,ARE,1094,sportstats
T100 Triathlon World Tour - Dubai,2025-11-15,Sprint Triathlon,25750,Abdul Rahmah Adawi,1:16:49,0:13:27,0:40:01,0:23:21,47,male ---18,SAU,1105,sportstats
T100 Triathlon World Tour - Dubai,2025-11-15,Sprint Triathlon,25750,Davide Binotti,1:16:52,0:13:01,0:38:04,0:25:47,48,male 35-39,ARE,2095,sportstats
T100 Triathlon World Tour - Dubai,2025-11-15,Sprint Triathlon,25750,Ahmad Alfahim,1:17:14,0:12:13,0:38:42,0:26:18,49,male 40-44,ARE,2002,sportstats
T100 Triathlon World Tour - Dubai,2025-11-15,Sprint Triathlon,25750,Iwo Wojcik,1:17:14,0:12:12,0:39:33,0:25:28,50,male ---18,ARE,1050,sportstats
T100 Triathlon World Tour - Dubai,2025-11-15,Sprint Triathlon,25750,Maxine Boyce,1:17:17,0:10:07,0:41:16,0:25:54,51,female 18-24,ZAF,1003,sportstats
T100 Triathlon World Tour - Dubai,2025-11-15,Sprint Triathlon,25750,Suhail Rashed,1:17:20,0:14:58,0:38:35,0:23:48,52,male 35-39,ARE,1356,sportstats
T100 Triathlon World Tour - Dubai,2025-11-15,Sprint Triathlon,25750,Stephane Portier,1:17:22,0:13:38,0:40:08,0:23:37,53,male 30-34,ARE,1080,sportstats
T100 Triathlon World Tour - Dubai,2025-11-15,Sprint Triathlon,25750,Hugo Guedelha,1:17:35,0:15:13,0:39:22,0:23:00,54,male 40-44,ARE,1337,sportstats
T100 Triathlon World Tour - Dubai,2025-11-15,Sprint Triathlon,25750,Joana Moreira,1:17:39,0:14:19,0:40:46,0:22:35,55,female 40-44,QAT,1240,sportstats
T100 Triathlon World Tour - Dubai,2025-11-15,Sprint Triathlon,25750,Adam Millward,1:17:48,0:12:35,0:38:34,0:26:39,56,male 35-39,ARE,1051,sportstats
T100 Triathlon World Tour - Dubai,2025-11-15,Sprint Triathlon,25750,Huda Alsaleh,1:17:51,0:13:59,0:39:20,0:24:32,57,female 18-24,KWT,1098,sportstats
T100 Triathlon World Tour - Dubai,2025-11-15,Sprint Triathlon,25750,Zelmare Viljoen,1:17:58,0:11:49,0:39:54,0:26:15,58,female 35-39,ARE,2077,sportstats
T100 Triathlon World Tour - Dubai,2025-11-15,Sprint Triathlon,25750,Daniel Schwappach,1:18:05,0:13:58,0:39:19,0:24:48,59,male 40-44,ARE,1272,sportstats
T100 Triathlon World Tour - Dubai,2025-11-15,Sprint Triathlon,25750,Remy Ville Marie,1:18:07,0:11:40,0:40:36,0:25:51,60,male 30-34,ARE,1164,sportstats
T100 Triathlon World Tour - Dubai,2025-11-15,Sprint Triathlon,25750,Othmane Elbahjj,1:18:16,0:12:41,0:39:37,0:25:58,61,male 45-49,ARE,1477,sportstats
T100 Triathlon World Tour - Dubai,2025-11-15,Sprint Triathlon,25750,Lee Curtis,1:18:18,0:16:28,0:35:21,0:26:28,62,male 35-39,GBR,1128,sportstats
T100 Triathlon World Tour - Dubai,2025-11-15,Sprint Triathlon,25750,Yashish Dahiya,1:18:19,0:12:32,0:40:24,0:25:23,63,male 50-54,ARE,2078,sportstats
T100 Triathlon World Tour - Dubai,2025-11-15,Sprint Triathlon,25750,Miguel Fragoso,1:18:26,0:13:46,0:40:32,0:24:07,64,male 30-34,ARE,1748,sportstats
T100 Triathlon World Tour - Dubai,2025-11-15,Sprint Triathlon,25750,Bilal Khreiby,1:18:34,0:15:17,0:39:22,0:23:55,65,male 40-44,ARE,1386,sportstats
T100 Triathlon World Tour - Dubai,2025-11-15,Sprint Triathlon,25750,Bader Alhendi,1:18:36,0:12:55,0:41:52,0:23:48,66,male 35-39,KWT,1636,sportstats
T100 Triathlon World Tour - Dubai,2025-11-15,Sprint Triathlon,25750,Joao Gandum Ferreira,1:18:42,0:14:31,0:40:59,0:23:13,67,male 25-29,PRT,2096,sportstats
T100 Triathlon World Tour - Dubai,2025-11-15,Sprint Triathlon,25750,Jillian Clegg,1:18:43,0:13:10,0:40:50,0:24:43,68,female 40-44,ARE,2156,sportstats
T100 Triathlon World Tour - Dubai,2025-11-15,Sprint Triathlon,25750,Marc Schwitter,1:18:53,0:14:30,0:39:36,0:24:47,69,male 25-29,ARE,1834,sportstats
T100 Triathlon World Tour - Dubai,2025-11-15,Sprint Triathlon,25750,Sam Kelway,1:19:01,0:11:44,0:41:35,0:25:42,70,male 30-34,ARE,1039,sportstats
T100 Triathlon World Tour - Dubai,2025-11-15,Sprint Triathlon,25750,Velimor Vesovic,1:19:11,0:16:00,0:39:53,0:23:18,71,male 35-39,ARE,1299,sportstats
T100 Triathlon World Tour - Dubai,2025-11-15,Sprint Triathlon,25750,Borja Sanz,1:19:16,0:14:22,0:37:42,0:27:12,72,male 40-44,ARE,1319,sportstats
T100 Triathlon World Tour - Dubai,2025-11-15,Sprint Triathlon,25750,Adham Salloum,1:19:28,0:11:31,0:39:55,0:28:02,73,male 35-39,ARE,1012,sportstats
T100 Triathlon World Tour - Dubai,2025-11-15,Sprint Triathlon,25750,Spencer Hogg,1:19:29,0:15:43,0:38:55,0:24:51,74,male 50-54,ARE,2099,sportstats
T100 Triathlon World Tour - Dubai,2025-11-15,Sprint Triathlon,25750,Mohammad Buqamber,1:19:29,0:14:43,0:39:57,0:24:49,75,male 35-39,KWT,1754,sportstats
T100 Triathlon World Tour - Dubai,2025-11-15,Sprint Triathlon,25750,Mateusz Kuna,1:19:34,0:13:22,0:39:46,0:26:25,76,male 25-29,ARE,1227,sportstats
T100 Triathlon World Tour - Dubai,2025-11-15,Sprint Triathlon,25750,Arsen Khalilov,1:19:46,0:12:06,0:41:35,0:26:04,77,male 18-24,ARE,2075,sportstats
T100 Triathlon World Tour - Dubai,2025-11-15,Sprint Triathlon,25750,Aleksei Derendiaev,1:19:50,0:13:34,0:41:45,0:24:31,78,male 35-39,RUS,1180,sportstats
T100 Triathlon World Tour - Dubai,2025-11-15,Sprint Triathlon,25750,Tatiana Pisarchik,1:19:53,0:13:25,0:41:40,0:24:48,79,female 40-44,ARE,1077,sportstats
T100 Triathlon World Tour - Dubai,2025-11-15,Sprint Triathlon,25750,Anastasia Zhukova,1:19:53,0:12:10,0:44:03,0:23:41,80,female 40-44,ESP,2171,sportstats
T100 Triathlon World Tour - Dubai,2025-11-15,Sprint Triathlon,25750,Jack Stevenson,1:19:59,0:12:54,0:41:39,0:25:27,81,male 35-39,ARE,1087,sportstats
T100 Triathlon World Tour - Dubai,2025-11-15,Sprint Triathlon,25750,Anthony Baker,1:20:01,0:14:09,0:40:15,0:25:37,82,male 35-39,ARE,1156,sportstats
T100 Triathlon World Tour - Dubai,2025-11-15,Sprint Triathlon,25750,Erik Casagrande,1:20:07,0:12:07,0:40:36,0:27:24,83,male 45-49,ARE,1070,sportstats
T100 Triathlon World Tour - Dubai,2025-11-15,Sprint Triathlon,25750,Fouad Baki,1:20:13,0:10:45,0:41:25,0:28:03,84,male 35-39,ARE,1011,sportstats
T100 Triathlon World Tour - Dubai,2025-11-15,Sprint Triathlon,25750,Rebecca Dallimore,1:20:17,0:14:12,0:39:19,0:26:46,85,female 35-39,ARE,1193,sportstats
T100 Triathlon World Tour - Dubai,2025-11-15,Sprint Triathlon,25750,Aly Eldeeb,1:20:28,0:12:02,0:42:16,0:26:10,86,male 30-34,ARE,1041,sportstats
T100 Triathlon World Tour - Dubai,2025-11-15,Sprint Triathlon,25750,Aldrin Rondon,1:20:40,0:12:24,0:40:22,0:27:54,87,male 55-59,ARE,1015,sportstats
T100 Triathlon World Tour - Dubai,2025-11-15,Sprint Triathlon,25750,Conor McNamee,1:20:50,0:16:15,0:41:57,0:22:38,88,male 25-29,ARE,1867,sportstats
T100 Triathlon World Tour - Dubai,2025-11-15,Sprint Triathlon,25750,Alexander Troitskiy,1:20:51,0:16:15,0:40:33,0:24:04,89,male 30-34,CYP,1152,sportstats
T100 Triathlon World Tour - Dubai,2025-11-15,Sprint Triathlon,25750,Khalid Alshamsi,1:21:11,0:14:55,0:42:42,0:23:33,90,male 45-49,ARE,1547,sportstats
T100 Triathlon World Tour - Dubai,2025-11-15,Sprint Triathlon,25750,Christos Sakizlis,1:21:11,0:11:59,0:42:30,0:26:42,91,male 40-44,ARE,2150,sportstats
T100 Triathlon World Tour - Dubai,2025-11-15,Sprint Triathlon,25750,Andrew Clifford,1:21:20,0:13:52,0:42:04,0:25:24,92,male 35-39,ARE,2082,sportstats
T100 Triathlon World Tour - Dubai,2025-11-15,Sprint Triathlon,25750,Nora Albarrak,1:21:21,0:13:52,0:42:48,0:24:40,93,female 30-34,KWT,1076,sportstats
T100 Triathlon World Tour - Dubai,2025-11-15,Sprint Triathlon,25750,Sam Leighton,1:21:25,0:13:10,0:42:35,0:25:40,94,male 25-29,GBR,1274,sportstats
T100 Triathlon World Tour - Dubai,2025-11-15,Sprint Triathlon,25750,Alya Al-Hamad,1:21:25,0:15:21,0:42:41,0:23:22,95,female 25-29,QAT,1183,sportstats
T100 Triathlon World Tour - Dubai,2025-11-15,Sprint Triathlon,25750,Piero Ladhur,1:21:28,0:13:47,0:43:37,0:24:05,96,male 25-29,ARE,1095,sportstats
T100 Triathlon World Tour - Dubai,2025-11-15,Sprint Triathlon,25750,Julian Montague,1:21:31,0:10:36,0:40:44,0:30:12,97,male ---18,ARE,1345,sportstats
T100 Triathlon World Tour - Dubai,2025-11-15,Sprint Triathlon,25750,Karim Radwan,1:21:32,0:14:29,0:40:16,0:26:47,98,male 45-49,ARE,1157,sportstats
T100 Triathlon World Tour - Dubai,2025-11-15,Sprint Triathlon,25750,Arnaud Bricourt,1:21:42,0:14:28,0:41:43,0:25:31,99,male 30-34,ARE,1175,sportstats
T100 Triathlon World Tour - Dubai,2025-11-15,Sprint Triathlon,25750,Adil Drief,1:21:46,0:13:23,0:43:38,0:24:45,100,male 35-39,ARE,1134,sportstats
T100 Triathlon World Tour - Dubai,2025-11-15,Sprint Triathlon,25750,Stu Harwood,1:21:54,0:11:07,0:43:35,0:27:12,101,male 40-44,ARE,1002,sportstats
T100 Triathlon World Tour - Dubai,2025-11-15,Sprint Triathlon,25750,Antoine Pichery,1:21:59,0:12:38,0:42:25,0:26:56,102,male 30-34,ARE,1078,sportstats
T100 Triathlon World Tour - Dubai,2025-11-15,Sprint Triathlon,25750,Gerhard Boshoff,1:22:02,0:14:12,0:42:57,0:24:53,103,male 40-44,ARE,1014,sportstats
T100 Triathlon World Tour - Dubai,2025-11-15,Sprint Triathlon,25750,James Gee,1:22:05,0:15:05,0:41:54,0:25:05,104,male 30-34,ARE,1385,sportstats
T100 Triathlon World Tour - Dubai,2025-11-15,Sprint Triathlon,25750,Konstantinos Drousiotis,1:22:05,0:13:08,0:40:45,0:28:12,105,male 30-34,ARE,1089,sportstats
T100 Triathlon World Tour - Dubai,2025-11-15,Sprint Triathlon,25750,John McKiernan,1:22:15,0:12:54,0:40:59,0:28:22,106,male 40-44,ARE,2092,sportstats
T100 Triathlon World Tour - Dubai,2025-11-15,Sprint Triathlon,25750,Penny Seldon,1:22:24,0:13:50,0:42:12,0:26:22,107,female 35-39,AUS,1071,sportstats
T100 Triathlon World Tour - Dubai,2025-11-15,Sprint Triathlon,25750,Mathieu Demange,1:22:29,0:14:53,0:43:09,0:24:27,108,male 35-39,ARE,1403,sportstats
T100 Triathlon World Tour - Dubai,2025-11-15,Sprint Triathlon,25750,Alexander Savva,1:22:31,0:14:03,0:44:20,0:24:09,109,male 30-34,ARE,1257,sportstats
T100 Triathlon World Tour - Dubai,2025-11-15,Sprint Triathlon,25750,Frank Edelkraut,1:22:33,0:13:03,0:40:29,0:29:01,110,male 60-64,DEU,1026,sportstats
T100 Triathlon World Tour - Dubai,2025-11-15,Sprint Triathlon,25750,Matthew Beadle,1:22:35,0:14:40,0:44:58,0:22:57,111,male 40-44,GBR,2103,sportstats
T100 Triathlon World Tour - Dubai,2025-11-15,Sprint Triathlon,25750,Jarlath Bell,1:22:44,0:11:59,0:46:00,0:24:45,112,male 25-29,ARE,1745,sportstats
T100 Triathlon World Tour - Dubai,2025-11-15,Sprint Triathlon,25750,Robin Jarry,1:22:45,0:15:22,0:43:38,0:23:45,113,male 30-34,FRA,1169,sportstats
T100 Triathlon World Tour - Dubai,2025-11-15,Sprint Triathlon,25750,Lorenzo Magagnin,1:22:53,0:14:22,0:41:21,0:27:10,114,male 25-29,ARE,2081,sportstats
T100 Triathlon World Tour - Dubai,2025-11-15,Sprint Triathlon,25750,Oleg Proskurin,1:22:57,0:14:03,0:43:41,0:25:13,115,male 30-34,ARE,1324,sportstats
T100 Triathlon World Tour - Dubai,2025-11-15,Sprint Triathlon,25750,Hamish Smylie,1:22:59,0:11:16,0:43:51,0:27:51,116,male 25-29,ARE,1045,sportstats
T100 Triathlon World Tour - Dubai,2025-11-15,Sprint Triathlon,25750,Alberto Velasco,1:23:00,0:12:16,0:43:15,0:27:29,117,male 30-34,ARE,1119,sportstats
T100 Triathlon World Tour - Dubai,2025-11-15,Sprint Triathlon,25750,Shannon MacKie,1:23:02,0:13:32,0:41:59,0:27:31,118,female 25-29,ARE,1725,sportstats
T100 Triathlon World Tour - Dubai,2025-11-15,Sprint Triathlon,25750,Clem Leonard,1:23:10,0:15:21,0:41:48,0:26:01,119,male 45-49,IRL,1145,sportstats
T100 Triathlon World Tour - Dubai,2025-11-15,Sprint Triathlon,25750,Alex MacDonald-Vitale,1:23:16,0:12:57,0:40:26,0:29:53,120,male 50-54,ARE,1900,sportstats
T100 Triathlon World Tour - Dubai,2025-11-15,Sprint Triathlon,25750,Syed R Ahmed,1:23:18,0:13:58,0:41:31,0:27:49,121,male 45-49,ARE,2124,sportstats
T100 Triathlon World Tour - Dubai,2025-11-15,Sprint Triathlon,25750,Karla Diaz,1:23:19,0:16:32,0:41:17,0:25:29,122,female 35-39,QAT,1456,sportstats
T100 Triathlon World Tour - Dubai,2025-11-15,Sprint Triathlon,25750,Abdullah Alhammad,1:23:26,0:15:26,0:41:16,0:26:44,123,male 35-39,KWT,2110,sportstats
T100 Triathlon World Tour - Dubai,2025-11-15,Sprint Triathlon,25750,Peter Pardoe,1:23:35,0:13:59,0:40:19,0:29:17,124,male 60-64,ARE,1253,sportstats
T100 Triathlon World Tour - Dubai,2025-11-15,Sprint Triathlon,25750,Mari Anker,1:23:40,0:14:34,0:40:42,0:28:23,125,female 30-34,ARE,1663,sportstats
T100 Triathlon World Tour - Dubai,2025-11-15,Sprint Triathlon,25750,Leandro Aiub,1:23:43,0:15:27,0:45:14,0:23:02,126,male 40-44,ARE,1314,sportstats
T100 Triathlon World Tour - Dubai,2025-11-15,Sprint Triathlon,25750,David Weir,1:23:43,0:16:22,0:41:39,0:25:42,127,male 45-49,ARE,2016,sportstats
T100 Triathlon World Tour - Dubai,2025-11-15,Sprint Triathlon,25750,Colin McLaughlin,1:23:49,0:13:38,0:45:11,0:25:00,128,male 30-34,ARE,1092,sportstats
T100 Triathlon World Tour - Dubai,2025-11-15,Sprint Triathlon,25750,Luke Gaffney,1:23:51,0:14:12,0:41:46,0:27:53,129,male 40-44,ARE,1042,sportstats
T100 Triathlon World Tour - Dubai,2025-11-15,Sprint Triathlon,25750,James Pugh,1:23:52,0:12:41,0:44:12,0:26:58,130,male 45-49,ARE,2094,sportstats
T100 Triathlon World Tour - Dubai,2025-11-15,Sprint Triathlon,25750,Moshe Vinokurov,1:23:59,0:12:34,0:44:16,0:27:09,131,male 30-34,ARE,1168,sportstats
T100 Triathlon World Tour - Dubai,2025-11-15,Sprint Triathlon,25750,Mark West,1:24:00,0:14:34,0:40:51,0:28:34,132,male 40-44,ARE,1286,sportstats
T100 Triathlon World Tour - Dubai,2025-11-15,Sprint Triathlon,25750,Nikolay Zaytsev,1:24:04,0:15:35,0:40:38,0:27:50,133,male 35-39,ARE,1006,sportstats
T100 Triathlon World Tour - Dubai,2025-11-15,Sprint Triathlon,25750,Natalya Pankina,1:24:05,0:10:30,0:47:01,0:26:34,134,female 40-44,ARE,1020,sportstats
T100 Triathlon World Tour - Dubai,2025-11-15,Sprint Triathlon,25750,Lloyd Hayes,1:24:06,0:14:50,0:44:32,0:24:44,135,male 30-34,ARE,1778,sportstats
T100 Triathlon World Tour - Dubai,2025-11-15,Sprint Triathlon,25750,Oliver Clark,1:24:11,0:16:30,0:41:47,0:25:54,136,male 30-34,ARE,1858,sportstats
T100 Triathlon World Tour - Dubai,2025-11-15,Sprint Triathlon,25750,Ilnur Khalitov,1:24:11,0:12:44,0:43:49,0:27:38,137,male 30-34,RUS,1130,sportstats
T100 Triathlon World Tour - Dubai,2025-11-15,Sprint Triathlon,25750,Theo Breward,1:24:12,0:12:40,0:41:02,0:30:30,138,male 35-39,ARE,1399,sportstats
T100 Triathlon World Tour - Dubai,2025-11-15,Sprint Triathlon,25750,Konstantin Degtiarev,1:24:13,0:16:29,0:42:06,0:25:38,139,male 30-34,ARE,2158,sportstats
T100 Triathlon World Tour - Dubai,2025-11-15,Sprint Triathlon,25750,Jack French,1:24:16,0:13:24,0:44:17,0:26:34,140,male 30-34,ARE,2102,sportstats
T100 Triathlon World Tour - Dubai,2025-11-15,Sprint Triathlon,25750,Nicholas Coats,1:24:16,0:15:43,0:44:44,0:23:49,141,male 35-39,ARE,1848,sportstats
T100 Triathlon World Tour - Dubai,2025-11-15,Sprint Triathlon,25750,Rohit Verma,1:24:19,0:17:02,0:43:06,0:24:11,142,male 45-49,ARE,1465,sportstats
T100 Triathlon World Tour - Dubai,2025-11-15,Sprint Triathlon,25750,Naif Alshawaf,1:24:21,0:16:00,0:42:47,0:25:35,143,male 18-24,SAU,1405,sportstats
T100 Triathlon World Tour - Dubai,2025-11-15,Sprint Triathlon,25750,Jesper Porsmose,1:24:26,0:13:21,0:42:59,0:28:06,144,male 40-44,ARE,1122,sportstats
T100 Triathlon World Tour - Dubai,2025-11-15,Sprint Triathlon,25750,Valeri Pasynkov,1:24:27,0:13:42,0:41:43,0:29:02,145,male 55-59,RUS,1106,sportstats
T100 Triathlon World Tour - Dubai,2025-11-15,Sprint Triathlon,25750,Hendrik Beekman,1:24:38,0:12:17,0:41:00,0:31:21,146,male 30-34,ARE,1116,sportstats
T100 Triathlon World Tour - Dubai,2025-11-15,Sprint Triathlon,25750,Luke Exley,1:24:39,0:15:24,0:45:19,0:23:56,147,male 35-39,ARE,2107,sportstats
T100 Triathlon World Tour - Dubai,2025-11-15,Sprint Triathlon,25750,Paddy Smith,1:24:44,0:15:04,0:41:34,0:28:05,148,male 45-49,ARE,2122,sportstats
T100 Triathlon World Tour - Dubai,2025-11-15,Sprint Triathlon,25750,Steven McCarter,1:24:45,0:14:25,0:42:10,0:28:10,149,male 45-49,ARE,1396,sportstats
T100 Triathlon World Tour - Dubai,2025-11-15,Sprint Triathlon,25750,Francois Oberholzer,1:24:57,0:14:49,0:42:34,0:27:34,150,male 50-54,ARE,1475,sportstats
T100 Triathlon World Tour - Dubai,2025-11-15,Sprint Triathlon,25750,Fabian Guera,1:24:59,0:16:52,0:43:30,0:24:36,151,male 30-34,ARE,1222,sportstats
T100 Triathlon World Tour - Dubai,2025-11-15,Sprint Triathlon,25750,Fadhil Alkhaja,1:25:04,0:15:44,0:42:05,0:27:15,152,male 45-49,ARE,1472,sportstats
T100 Triathlon World Tour - Dubai,2025-11-15,Sprint Triathlon,25750,Francis Porter,1:25:11,0:14:13,0:43:07,0:27:51,153,male 35-39,ARE,1178,sportstats
T100 Triathlon World Tour - Dubai,2025-11-15,Sprint Triathlon,25750,Jamie Harvey,1:25:15,0:14:26,0:44:48,0:26:01,154,male 30-34,ARE,1700,sportstats
T100 Triathlon World Tour - Dubai,2025-11-15,Sprint Triathlon,25750,Daniil Pasynkov,1:25:19,0:09:49,0:46:12,0:29:18,155,male 30-34,ARE,1037,sportstats
T100 Triathlon World Tour - Dubai,2025-11-15,Sprint Triathlon,25750,Maya Le Foulon,1:25:21,0:13:37,0:45:50,0:25:54,156,female ---18,ARE,2088,sportstats
T100 Triathlon World Tour - Dubai,2025-11-15,Sprint Triathlon,25750,Christian Miro Woerdemann,1:25:25,0:15:31,0:44:13,0:25:41,157,male 40-44,ARE,1932,sportstats
T100 Triathlon World Tour - Dubai,2025-11-15,Sprint Triathlon,25750,Jo Murphy,1:25:26,0:13:44,0:44:39,0:27:03,158,female 40-44,ARE,1237,sportstats
T100 Triathlon World Tour - Dubai,2025-11-15,Sprint Triathlon,25750,Jamilya Akmoldayeva,1:25:30,0:15:37,0:42:26,0:27:27,159,female 40-44,KAZ,1232,sportstats
T100 Triathlon World Tour - Dubai,2025-11-15,Sprint Triathlon,25750,Omar Yacoub,1:25:33,0:15:15,0:44:04,0:26:14,160,male 45-49,USA,1066,sportstats
T100 Triathlon World Tour - Dubai,2025-11-15,Sprint Triathlon,25750,Bing Yang Huang,1:25:35,0:13:06,0:44:53,0:27:37,161,female 30-34,NOR,2181,sportstats
T100 Triathlon World Tour - Dubai,2025-11-15,Sprint Triathlon,25750,Richard West,1:25:44,0:13:31,0:45:55,0:26:18,162,male 40-44,ARE,2125,sportstats
T100 Triathlon World Tour - Dubai,2025-11-15,Sprint Triathlon,25750,Jac Downham,1:25:50,0:15:15,0:41:51,0:28:45,163,male 18-24,ARE,1172,sportstats
T100 Triathlon World Tour - Dubai,2025-11-15,Sprint Triathlon,25750,Gordon Wyatt,1:25:57,0:14:11,0:42:37,0:29:09,164,male 40-44,ARE,2151,sportstats
T100 Triathlon World Tour - Dubai,2025-11-15,Sprint Triathlon,25750,Luca Vigliero,1:25:58,0:12:49,0:42:19,0:30:50,165,male 45-49,ARE,1181,sportstats
T100 Triathlon World Tour - Dubai,2025-11-15,Sprint Triathlon,25750,Millie Stevenson,1:26:04,0:12:51,0:42:40,0:30:33,166,female 35-39,ARE,2184,sportstats
T100 Triathlon World Tour - Dubai,2025-11-15,Sprint Triathlon,25750,Ben Tubey,1:26:09,0:15:56,0:41:54,0:28:19,167,male 50-54,GBR,1621,sportstats
T100 Triathlon World Tour - Dubai,2025-11-15,Sprint Triathlon,25750,Ali Khalifeh,1:26:24,0:15:46,0:44:57,0:25:40,168,male 35-39,ARE,1255,sportstats
T100 Triathlon World Tour - Dubai,2025-11-15,Sprint Triathlon,25750,Quentin Feillault,1:26:26,0:14:35,0:44:52,0:26:59,169,male 30-34,ARE,1213,sportstats
T100 Triathlon World Tour - Dubai,2025-11-15,Sprint Triathlon,25750,Maurice Butler,1:26:30,0:13:00,0:46:22,0:27:08,170,male 40-44,ARE,1215,sportstats
T100 Triathlon World Tour - Dubai,2025-11-15,Sprint Triathlon,25750,Ben Fitzgerald,1:26:32,0:16:48,0:42:33,0:27:11,171,male 25-29,ARE,1270,sportstats
T100 Triathlon World Tour - Dubai,2025-11-15,Sprint Triathlon,25750,Joshua Evans,1:26:35,0:15:15,0:43:30,0:27:50,172,male 30-34,ARE,1251,sportstats
T100 Triathlon World Tour - Dubai,2025-11-15,Sprint Triathlon,25750,David Smylie,1:26:39,0:11:50,0:44:56,0:29:53,173,male 35-39,ARE,1131,sportstats
T100 Triathlon World Tour - Dubai,2025-11-15,Sprint Triathlon,25750,Dina Kamal,1:26:44,0:17:07,0:45:57,0:23:40,174,female 40-44,ARE,1536,sportstats
T100 Triathlon World Tour - Dubai,2025-11-15,Sprint Triathlon,25750,Saif Alkaabi,1:26:45,0:20:53,0:39:32,0:26:20,175,male 18-24,ARE,1602,sportstats
T100 Triathlon World Tour - Dubai,2025-11-15,Sprint Triathlon,25750,Sam Middlehurst,1:26:53,0:14:50,0:41:23,0:30:40,176,male 40-44,MYS,2188,sportstats
T100 Triathlon World Tour - Dubai,2025-11-15,Sprint Triathlon,25750,Juanjo Albala,1:26:58,0:14:46,0:42:17,0:29:54,177,male 30-34,ARE,2123,sportstats
T100 Triathlon World Tour - Dubai,2025-11-15,Sprint Triathlon,25750,Paul Stanley,1:26:58,0:14:37,0:40:25,0:31:57,178,male 35-39,ARE,1358,sportstats
T100 Triathlon World Tour - Dubai,2025-11-15,Sprint Triathlon,25750,Mira Al Jallaf,1:26:59,0:13:59,0:45:34,0:27:26,179,female 25-29,ARE,1189,sportstats
T100 Triathlon World Tour - Dubai,2025-11-15,Sprint Triathlon,25750,Fai Almulla,1:27:01,0:14:54,0:43:44,0:28:24,180,female 25-29,KWT,1212,sportstats
T100 Triathlon World Tour - Dubai,2025-11-15,Sprint Triathlon,25750,Jean-Sebastien Boileau,1:27:02,0:15:25,0:45:26,0:26:10,181,male 45-49,ARE,1789,sportstats
T100 Triathlon World Tour - Dubai,2025-11-15,Sprint Triathlon,25750,Jason Coetzee,1:27:04,0:13:42,0:45:13,0:28:09,182,male 50-54,ARE,1146,sportstats
T100 Triathlon World Tour - Dubai,2025-11-15,Sprint Triathlon,25750,Jamie Odgers,1:27:05,0:13:45,0:45:53,0:27:28,183,male 30-34,ARE,2157,sportstats
T100 Triathlon World Tour - Dubai,2025-11-15,Sprint Triathlon,25750,Gareth Pierce,1:27:06,0:13:58,0:45:14,0:27:54,184,male 40-44,ARE,1221,sportstats
T100 Triathlon World Tour - Dubai,2025-11-15,Sprint Triathlon,25750,Mari Nieves Fernandez Candas,1:27:15,0:16:08,0:44:42,0:26:25,185,female 40-44,MEX,1302,sportstats
T100 Triathlon World Tour - Dubai,2025-11-15,Sprint Triathlon,25750,Alexey Lyutikov,1:27:28,0:14:32,0:42:39,0:30:17,186,male 35-39,ARE,1163,sportstats
T100 Triathlon World Tour - Dubai,2025-11-15,Sprint Triathlon,25750,Jeffrey Sanchez Adlaon,1:27:30,0:12:57,0:41:51,0:32:42,187,male 35-39,ARE,1129,sportstats
T100 Triathlon World Tour - Dubai,2025-11-15,Sprint Triathlon,25750,Emily Mangat,1:27:30,0:15:44,0:47:57,0:23:49,188,female 30-34,ARE,1447,sportstats
T100 Triathlon World Tour - Dubai,2025-11-15,Sprint Triathlon,25750,Jean-Paul De Jong,1:27:30,0:15:14,0:43:45,0:28:31,189,male 50-54,ARE,2098,sportstats
T100 Triathlon World Tour - Dubai,2025-11-15,Sprint Triathlon,25750,Fabien Lorent,1:27:31,0:14:35,0:44:34,0:28:22,190,male 35-39,ARE,1231,sportstats
T100 Triathlon World Tour - Dubai,2025-11-15,Sprint Triathlon,25750,Conor Thompson,1:27:34,0:16:13,0:44:02,0:27:19,191,male 30-34,ARE,1148,sportstats
T100 Triathlon World Tour - Dubai,2025-11-15,Sprint Triathlon,25750,Lawrie Walker,1:27:35,0:16:43,0:41:44,0:29:08,192,female 35-39,ARE,1483,sportstats
T100 Triathlon World Tour - Dubai,2025-11-15,Sprint Triathlon,25750,Billy Richmond,1:27:36,0:14:32,0:43:36,0:29:28,193,male 55-59,GBR,1171,sportstats
T100 Triathlon World Tour - Dubai,2025-11-15,Sprint Triathlon,25750,Philip Jaquias Perlas,1:27:36,0:14:23,0:41:06,0:32:07,194,male 45-49,ARE,1608,sportstats
T100 Triathlon World Tour - Dubai,2025-11-15,Sprint Triathlon,25750,Marco Bruni,1:27:40,0:16:23,0:42:53,0:28:25,195,male 60-64,ARE,1464,sportstats
T100 Triathlon World Tour - Dubai,2025-11-15,Sprint Triathlon,25750,Eugenia Leonova,1:27:50,0:11:53,0:45:59,0:29:58,196,female 40-44,RUS,1073,sportstats
T100 Triathlon World Tour - Dubai,2025-11-15,Sprint Triathlon,25750,Simon Griffiths,1:27:53,0:14:10,0:44:10,0:29:33,197,male 35-39,ARE,1394,sportstats
T100 Triathlon World Tour - Dubai,2025-11-15,Sprint Triathlon,25750,Brice Dempster,1:27:56,0:15:50,0:46:44,0:25:22,198,male 30-34,ARE,1933,sportstats
T100 Triathlon World Tour - Dubai,2025-11-15,Sprint Triathlon,25750,Mayed Bin Shabib,1:28:02,0:13:13,0:45:07,0:29:41,199,male 18-24,ARE,1586,sportstats
T100 Triathlon World Tour - Dubai,2025-11-15,Sprint Triathlon,25750,Julia Strengers,1:28:04,0:13:58,0:42:35,0:31:31,200,female 30-34,ARE,1261,sportstats
T100 Triathlon World Tour - Dubai,2025-11-15,Sprint Triathlon,25750,Aqeel Khan,1:28:05,0:14:12,0:45:07,0:28:46,201,male 25-29,ARE,1294,sportstats
T100 Triathlon World Tour - Dubai,2025-11-15,Sprint Triathlon,25750,Abdulla Sulaibeekh,1:28:05,0:18:13,0:44:47,0:25:05,202,male 30-34,ARE,2121,sportstats
T100 Triathlon World Tour - Dubai,2025-11-15,Sprint Triathlon,25750,Roland Charbel,1:28:07,0:15:35,0:43:11,0:29:21,203,male 40-44,ARE,2148,sportstats
T100 Triathlon World Tour - Dubai,2025-11-15,Sprint Triathlon,25750,Kristy Johnson,1:28:23,0:16:20,0:44:49,0:27:14,204,female 35-39,ARE,1679,sportstats
T100 Triathlon World Tour - Dubai,2025-11-15,Sprint Triathlon,25750,Halil Balbey,1:28:24,0:13:33,0:43:42,0:31:08,205,male 35-39,SAU,1564,sportstats
T100 Triathlon World Tour - Dubai,2025-11-15,Sprint Triathlon,25750,Greta Perez,1:28:26,0:15:46,0:44:36,0:28:03,206,female 35-39,ARE,2113,sportstats
T100 Triathlon World Tour - Dubai,2025-11-15,Sprint Triathlon,25750,Alex Maiorov,1:28:31,0:16:36,0:42:47,0:29:08,207,male 30-34,RUS,2141,sportstats
T100 Triathlon World Tour - Dubai,2025-11-15,Sprint Triathlon,25750,Tim Linssen,1:28:32,0:15:59,0:44:54,0:27:38,208,male 35-39,ARE,1733,sportstats
T100 Triathlon World Tour - Dubai,2025-11-15,Sprint Triathlon,25750,William Brockbank,1:28:34,0:15:32,0:42:43,0:30:19,209,male 45-49,ARE,1392,sportstats
T100 Triathlon World Tour - Dubai,2025-11-15,Sprint Triathlon,25750,Gil Olaer,1:28:38,0:17:08,0:43:55,0:27:36,210,male 40-44,QAT,2093,sportstats
T100 Triathlon World Tour - Dubai,2025-11-15,Sprint Triathlon,25750,Pedro Miralles,1:28:42,0:15:58,0:44:09,0:28:36,211,male 40-44,ARE,1557,sportstats
T100 Triathlon World Tour - Dubai,2025-11-15,Sprint Triathlon,25750,Fernando Fantoni,1:28:47,0:15:14,0:44:51,0:28:42,212,male 45-49,ARE,1298,sportstats
T100 Triathlon World Tour - Dubai,2025-11-15,Sprint Triathlon,25750,Taylor Johnson,1:28:47,0:13:50,0:45:58,0:28:59,213,male 30-34,ARE,1309,sportstats
T100 Triathlon World Tour - Dubai,2025-11-15,Sprint Triathlon,25750,James Bell,1:28:51,0:17:04,0:42:11,0:29:36,214,male 35-39,SAU,1764,sportstats
T100 Triathlon World Tour - Dubai,2025-11-15,Sprint Triathlon,25750,Ruanda Oberholzer,1:28:56,0:15:47,0:42:38,0:30:32,215,female 50-54,ARE,1467,sportstats
T100 Triathlon World Tour - Dubai,2025-11-15,Sprint Triathlon,25750,Denis Natopta,1:28:59,0:14:07,0:46:03,0:28:48,216,male 35-39,ARE,1142,sportstats
T100 Triathlon World Tour - Dubai,2025-11-15,Sprint Triathlon,25750,Brian Cleary,1:29:01,0:12:08,0:47:44,0:29:09,217,male 35-39,ARE,1296,sportstats
T100 Triathlon World Tour - Dubai,2025-11-15,Sprint Triathlon,25750,Michael Graham,1:29:05,0:14:23,0:44:16,0:30:26,218,male 30-34,ARE,1312,sportstats
T100 Triathlon World Tour - Dubai,2025-11-15,Sprint Triathlon,25750,Islay De Nil,1:29:06,0:13:51,0:44:37,0:30:38,219,female 50-54,ARE,1195,sportstats
T100 Triathlon World Tour - Dubai,2025-11-15,Sprint Triathlon,25750,Issa Almutaiwee,1:29:07,0:15:04,0:40:45,0:33:18,220,male 25-29,ARE,1881,sportstats
T100 Triathlon World Tour - Dubai,2025-11-15,Sprint Triathlon,25750,Louise Whiles,1:29:10,0:16:39,0:46:08,0:26:24,221,female 30-34,ARE,1515,sportstats
T100 Triathlon World Tour - Dubai,2025-11-15,Sprint Triathlon,25750,Chiara Cappellini,1:29:11,0:11:58,0:45:46,0:31:27,222,female 25-29,ARE,1303,sportstats
T100 Triathlon World Tour - Dubai,2025-11-15,Sprint Triathlon,25750,Claudia Zucchelli,1:29:14,0:11:36,0:43:38,0:34:00,223,female 25-29,ARE,1209,sportstats
T100 Triathlon World Tour - Dubai,2025-11-15,Sprint Triathlon,25750,Oscar Rousseau,1:29:15,0:15:50,0:46:07,0:27:18,224,male 30-34,ARE,1378,sportstats
T100 Triathlon World Tour - Dubai,2025-11-15,Sprint Triathlon,25750,Alfred Jowett-Yorke,1:29:18,0:14:09,0:44:33,0:30:35,225,male ---18,ARE,1409,sportstats
T100 Triathlon World Tour - Dubai,2025-11-15,Sprint Triathlon,25750,Alecia Naicker,1:29:21,0:15:04,0:45:36,0:28:41,226,female 30-34,SAU,1422,sportstats
T100 Triathlon World Tour - Dubai,2025-11-15,Sprint Triathlon,25750,Zsolt Siklodi,1:29:23,0:15:39,0:43:53,0:29:51,227,male 40-44,ARE,1530,sportstats
T100 Triathlon World Tour - Dubai,2025-11-15,Sprint Triathlon,25750,Yakov Dunaevskiy,1:29:30,0:18:19,0:44:05,0:27:06,228,male 40-44,KAZ,1588,sportstats
T100 Triathlon World Tour - Dubai,2025-11-15,Sprint Triathlon,25750,Suood Alkhoori,1:29:35,0:14:47,0:45:50,0:28:58,229,male 18-24,ARE,2100,sportstats
T100 Triathlon World Tour - Dubai,2025-11-15,Sprint Triathlon,25750,George Coogan,1:29:37,0:14:21,0:41:40,0:33:36,230,male 35-39,ARE,1120,sportstats
T100 Triathlon World Tour - Dubai,2025-11-15,Sprint Triathlon,25750,Rafael Burgos,1:29:40,0:12:02,0:38:56,0:38:42,231,male 25-29,ARE,1281,sportstats
T100 Triathlon World Tour - Dubai,2025-11-15,Sprint Triathlon,25750,Adi Ramegowda,1:29:44,0:12:17,0:47:40,0:29:47,232,male 45-49,GBR,1138,sportstats
T100 Triathlon World Tour - Dubai,2025-11-15,Sprint Triathlon,25750,Molly Pritchard,1:29:47,0:14:10,0:45:13,0:30:23,233,female 30-34,ARE,1827,sportstats
T100 Triathlon World Tour - Dubai,2025-11-15,Sprint Triathlon,25750,Rafael Burgos,1:29:55,0:12:53,0:43:18,0:33:43,234,male 55-59,ESP,1139,sportstats
T100 Triathlon World Tour - Dubai,2025-11-15,Sprint Triathlon,25750,Amanda Dodge,1:29:58,0:14:19,0:46:08,0:29:31,235,female 40-44,GBR,1056,sportstats
T100 Triathlon World Tour - Dubai,2025-11-15,Sprint Triathlon,25750,Georgia Bruce Jones,1:30:05,0:14:21,0:48:16,0:27:28,236,female 30-34,ARE,1660,sportstats
T100 Triathlon World Tour - Dubai,2025-11-15,Sprint Triathlon,25750,Sally Hunt,1:30:05,0:17:00,0:44:56,0:28:09,237,female 35-39,GBR,1242,sportstats
T100 Triathlon World Tour - Dubai,2025-11-15,Sprint Triathlon,25750,Robert Tharle,1:30:10,0:16:13,0:47:11,0:26:46,238,male 45-49,ARE,1291,sportstats
T100 Triathlon World Tour - Dubai,2025-11-15,Sprint Triathlon,25750,Arjun Kaur Mittal,1:30:13,0:13:03,0:46:36,0:30:35,239,female ---18,ARE,1057,sportstats
T100 Triathlon World Tour - Dubai,2025-11-15,Sprint Triathlon,25750,Alan Caul,1:30:20,0:20:40,0:42:59,0:26:40,240,male 50-54,IRL,1844,sportstats
T100 Triathlon World Tour - Dubai,2025-11-15,Sprint Triathlon,25750,Vadim Chergov,1:30:25,0:19:28,0:45:39,0:25:18,241,male 30-34,BGR,1929,sportstats
T100 Triathlon World Tour - Dubai,2025-11-15,Sprint Triathlon,25750,Romain Rostagnat,1:30:31,0:16:20,0:46:07,0:28:05,242,male 30-34,ARE,1330,sportstats
T100 Triathlon World Tour - Dubai,2025-11-15,Sprint Triathlon,25750,Tom Gayler,1:30:32,0:12:18,0:46:45,0:31:29,243,male 35-39,ARE,1064,sportstats
T100 Triathlon World Tour - Dubai,2025-11-15,Sprint Triathlon,25750,Alex Evrard,1:30:32,0:14:37,0:45:54,0:30:02,244,male 25-29,ARE,1282,sportstats
T100 Triathlon World Tour - Dubai,2025-11-15,Sprint Triathlon,25750,Geoffrey Chapuis,1:30:37,0:13:46,0:48:43,0:28:07,245,male 30-34,FRA,1395,sportstats
T100 Triathlon World Tour - Dubai,2025-11-15,Sprint Triathlon,25750,Art Julian De Leon,1:30:42,0:16:39,0:44:35,0:29:27,246,male 30-34,PHL,1049,sportstats
T100 Triathlon World Tour - Dubai,2025-11-15,Sprint Triathlon,25750,Cristian Munoz,1:30:42,0:12:02,0:48:25,0:30:16,247,male 35-39,ARE,1137,sportstats
T100 Triathlon World Tour - Dubai,2025-11-15,Sprint Triathlon,25750,Sarah Daher,1:30:47,0:14:49,0:45:35,0:30:24,248,female 25-29,ARE,1940,sportstats
T100 Triathlon World Tour - Dubai,2025-11-15,Sprint Triathlon,25750,Rob McCall,1:30:48,0:16:53,0:46:03,0:27:51,249,male 35-39,ARE,1359,sportstats
T100 Triathlon World Tour - Dubai,2025-11-15,Sprint Triathlon,25750,Tabitha Urban,1:30:49,0:16:07,0:45:10,0:29:32,250,female 25-29,ARE,1982,sportstats
T100 Triathlon World Tour - Dubai,2025-11-15,Sprint Triathlon,25750,Saud Alhasawi,1:30:54,0:16:51,0:47:13,0:26:50,251,male 40-44,KWT,1259,sportstats
T100 Triathlon World Tour - Dubai,2025-11-15,Sprint Triathlon,25750,Alinﾐｵ Ayash,1:30:56,0:15:51,0:44:25,0:30:40,252,female 25-29,ARE,2024,sportstats
T100 Triathlon World Tour - Dubai,2025-11-15,Sprint Triathlon,25750,Gabrielle Robinson,1:31:02,0:15:09,0:45:52,0:30:02,253,female 50-54,ARE,1305,sportstats
T100 Triathlon World Tour - Dubai,2025-11-15,Sprint Triathlon,25750,Mathias Buch,1:31:02,0:16:49,0:46:54,0:27:20,254,male 25-29,ARE,2129,sportstats
T100 Triathlon World Tour - Dubai,2025-11-15,Sprint Triathlon,25750,Margaux Caron,1:31:08,0:16:19,0:47:35,0:27:14,255,female 30-34,ARE,1440,sportstats
T100 Triathlon World Tour - Dubai,2025-11-15,Sprint Triathlon,25750,Alexandra Tetushkina,1:31:13,0:15:40,0:45:43,0:29:50,256,female 35-39,ARE,1724,sportstats
T100 Triathlon World Tour - Dubai,2025-11-15,Sprint Triathlon,25750,Shehan Carrim,1:31:13,0:17:56,0:45:17,0:28:00,257,male 25-29,LKA,1917,sportstats
T100 Triathlon World Tour - Dubai,2025-11-15,Sprint Triathlon,25750,Jacquis Ricus Tolsma,1:31:13,0:15:30,0:47:18,0:28:25,258,male 35-39,ARE,1364,sportstats
T100 Triathlon World Tour - Dubai,2025-11-15,Sprint Triathlon,25750,Alexandre Assaad,1:31:15,0:14:55,0:49:59,0:26:22,259,male 30-34,GBR,2165,sportstats
T100 Triathlon World Tour - Dubai,2025-11-15,Sprint Triathlon,25750,Christian Seifart,1:31:19,0:15:06,0:45:10,0:31:04,260,male 35-39,ARE,2186,sportstats
T100 Triathlon World Tour - Dubai,2025-11-15,Sprint Triathlon,25750,Sergey Lebedev,1:31:20,0:13:51,0:48:11,0:29:18,261,male 40-44,ARE,2149,sportstats
T100 Triathlon World Tour - Dubai,2025-11-15,Sprint Triathlon,25750,Sergei Speshilov,1:31:22,0:16:09,0:42:42,0:32:32,262,male 50-54,RUS,1225,sportstats
T100 Triathlon World Tour - Dubai,2025-11-15,Sprint Triathlon,25750,Pierre Anton,1:31:25,0:16:06,0:47:29,0:27:50,263,male 35-39,ARE,1924,sportstats
T100 Triathlon World Tour - Dubai,2025-11-15,Sprint Triathlon,25750,Tammer Qaddumi,1:31:27,0:14:39,0:46:57,0:29:51,264,male 40-44,ARE,1220,sportstats
T100 Triathlon World Tour - Dubai,2025-11-15,Sprint Triathlon,25750,Nashat Helal,1:31:35,0:16:12,0:45:07,0:30:16,265,male 45-49,ARE,1334,sportstats
T100 Triathlon World Tour - Dubai,2025-11-15,Sprint Triathlon,25750,Ricardo Gomes,1:31:44,0:14:54,0:45:35,0:31:15,266,male 45-49,ARE,1124,sportstats
T100 Triathlon World Tour - Dubai,2025-11-15,Sprint Triathlon,25750,Rachel Le Guillou,1:31:50,0:14:39,0:48:58,0:28:13,267,female 40-44,FRA,1058,sportstats
T100 Triathlon World Tour - Dubai,2025-11-15,Sprint Triathlon,25750,Annabelle Morris,1:31:50,0:16:40,0:45:48,0:29:22,268,female 30-34,ARE,1201,sportstats
T100 Triathlon World Tour - Dubai,2025-11-15,Sprint Triathlon,25750,Johanna Munira Rupp,1:31:56,0:15:48,0:46:46,0:29:22,269,female 18-24,CHE,1479,sportstats
T100 Triathlon World Tour - Dubai,2025-11-15,Sprint Triathlon,25750,Karin Buerger,1:31:57,0:15:04,0:45:44,0:31:09,270,female 55-59,ARE,1316,sportstats
T100 Triathlon World Tour - Dubai,2025-11-15,Sprint Triathlon,25750,Ana Ramirez,1:31:58,0:14:56,0:45:16,0:31:46,271,female 35-39,ARE,2097,sportstats
T100 Triathlon World Tour - Dubai,2025-11-15,Sprint Triathlon,25750,Louay Mohaisen,1:32:03,0:14:16,0:44:45,0:33:02,272,male 18-24,ARE,1894,sportstats
T100 Triathlon World Tour - Dubai,2025-11-15,Sprint Triathlon,25750,Sasha Coughlan,1:32:03,0:16:39,0:45:18,0:30:05,273,female 45-49,ARE,1457,sportstats
T100 Triathlon World Tour - Dubai,2025-11-15,Sprint Triathlon,25750,Celeste Gibbens,1:32:03,0:17:26,0:44:31,0:30:07,274,female 35-39,ARE,2084,sportstats
T100 Triathlon World Tour - Dubai,2025-11-15,Sprint Triathlon,25750,Andrew Wood,1:32:04,0:14:55,0:44:54,0:32:15,275,male 40-44,ARE,2026,sportstats
T100 Triathlon World Tour - Dubai,2025-11-15,Sprint Triathlon,25750,Egor Kliusov,1:32:05,0:12:18,0:47:08,0:32:38,276,male 25-29,RUS,1162,sportstats
T100 Triathlon World Tour - Dubai,2025-11-15,Sprint Triathlon,25750,Benjamin Furneaux,1:32:06,0:14:58,0:44:58,0:32:10,277,male 40-44,ARE,1957,sportstats
T100 Triathlon World Tour - Dubai,2025-11-15,Sprint Triathlon,25750,Isabelle Maitre,1:32:07,0:17:40,0:45:29,0:28:57,278,female 30-34,ARE,1454,sportstats
T100 Triathlon World Tour - Dubai,2025-11-15,Sprint Triathlon,25750,Keegan Fourie,1:32:10,0:12:18,0:45:42,0:34:10,279,male 35-39,GBR,1151,sportstats
T100 Triathlon World Tour - Dubai,2025-11-15,Sprint Triathlon,25750,Amorie Jordaan,1:32:12,0:14:56,0:46:54,0:30:22,280,female 35-39,SAU,1300,sportstats
T100 Triathlon World Tour - Dubai,2025-11-15,Sprint Triathlon,25750,Pauline Emaure,1:32:30,0:15:20,0:45:19,0:31:50,281,female 40-44,ARE,2017,sportstats
T100 Triathlon World Tour - Dubai,2025-11-15,Sprint Triathlon,25750,Abdoh Aseeri,1:32:30,0:19:47,0:42:22,0:30:20,282,male 40-44,SAU,1372,sportstats
T100 Triathlon World Tour - Dubai,2025-11-15,Sprint Triathlon,25750,Mazen Kassar,1:32:31,0:13:35,0:47:26,0:31:30,283,male 25-29,ARE,1473,sportstats
T100 Triathlon World Tour - Dubai,2025-11-15,Sprint Triathlon,25750,Michael Liptrot,1:32:31,0:18:13,0:44:56,0:29:21,284,male 35-39,ARE,1740,sportstats
T100 Triathlon World Tour - Dubai,2025-11-15,Sprint Triathlon,25750,Maksim Orlov,1:32:37,0:15:39,0:48:25,0:28:33,285,male 35-39,ARE,1388,sportstats
T100 Triathlon World Tour - Dubai,2025-11-15,Sprint Triathlon,25750,Mark McKenna,1:32:38,0:15:19,0:48:53,0:28:25,286,male 35-39,ARE,1353,sportstats
T100 Triathlon World Tour - Dubai,2025-11-15,Sprint Triathlon,25750,Fiona Darby,1:32:40,0:15:53,0:48:13,0:28:34,287,female 40-44,ARE,1994,sportstats
T100 Triathlon World Tour - Dubai,2025-11-15,Sprint Triathlon,25750,Sean O'Leary,1:32:42,0:17:12,0:47:10,0:28:20,288,male 45-49,ARE,1726,sportstats
T100 Triathlon World Tour - Dubai,2025-11-15,Sprint Triathlon,25750,Ricky Petzer,1:32:42,0:15:46,0:42:56,0:34:00,289,male 35-39,ARE,1382,sportstats
T100 Triathlon World Tour - Dubai,2025-11-15,Sprint Triathlon,25750,Abdulla Hindash,1:32:50,0:18:21,0:48:13,0:26:17,290,male 25-29,ARE,1322,sportstats
T100 Triathlon World Tour - Dubai,2025-11-15,Sprint Triathlon,25750,Michael Khalifa,1:32:53,0:12:22,0:53:36,0:26:54,291,male 30-34,ARE,2128,sportstats
T100 Triathlon World Tour - Dubai,2025-11-15,Sprint Triathlon,25750,Leonardo Savarese,1:32:58,0:15:00,0:47:19,0:30:39,292,male ---18,ARE,2106,sportstats
T100 Triathlon World Tour - Dubai,2025-11-15,Sprint Triathlon,25750,Pavel Bragin,1:33:02,0:14:44,0:46:38,0:31:40,293,male 30-34,ARE,2087,sportstats
T100 Triathlon World Tour - Dubai,2025-11-15,Sprint Triathlon,25750,Amir Sayatkhan,1:33:03,0:16:46,0:45:02,0:31:15,294,male 35-39,ARE,1576,sportstats
T100 Triathlon World Tour - Dubai,2025-11-15,Sprint Triathlon,25750,Steven Edwards,1:33:04,0:18:13,0:49:53,0:24:58,295,male 30-34,ARE,1775,sportstats
T100 Triathlon World Tour - Dubai,2025-11-15,Sprint Triathlon,25750,Paul Crawford,1:33:06,0:18:15,0:46:54,0:27:58,296,male 35-39,ARE,2033,sportstats
T100 Triathlon World Tour - Dubai,2025-11-15,Sprint Triathlon,25750,Luigi Bologna,1:33:11,0:13:13,0:48:00,0:31:59,297,male 45-49,ARE,1325,sportstats
T100 Triathlon World Tour - Dubai,2025-11-15,Sprint Triathlon,25750,Emilio Mazzotta,1:33:12,0:15:12,0:42:10,0:35:50,298,male 60-64,GBR,1091,sportstats
T100 Triathlon World Tour - Dubai,2025-11-15,Sprint Triathlon,25750,Fahd Mukhtar,1:33:14,0:14:07,0:50:36,0:28:31,299,male 35-39,ARE,2179,sportstats
T100 Triathlon World Tour - Dubai,2025-11-15,Sprint Triathlon,25750,Christopher Henry,1:33:18,0:17:10,0:46:49,0:29:19,300,male 30-34,ARE,1871,sportstats
T100 Triathlon World Tour - Dubai,2025-11-15,Sprint Triathlon,25750,Jennifer Schaefer,1:33:18,0:16:42,0:45:16,0:31:19,301,female 30-34,DEU,1262,sportstats
T100 Triathlon World Tour - Dubai,2025-11-15,Sprint Triathlon,25750,Mark Gurtler,1:33:24,0:15:07,0:45:08,0:33:09,302,male 45-49,ARE,1732,sportstats
T100 Triathlon World Tour - Dubai,2025-11-15,Sprint Triathlon,25750,Callum May,1:33:31,0:14:26,0:45:20,0:33:45,303,male 30-34,ARE,1738,sportstats
T100 Triathlon World Tour - Dubai,2025-11-15,Sprint Triathlon,25750,Sezer Dastan,1:33:31,0:15:34,0:48:00,0:29:57,304,male 40-44,ARE,1410,sportstats
T100 Triathlon World Tour - Dubai,2025-11-15,Sprint Triathlon,25750,Andrew James Brown,1:33:33,0:15:45,0:49:12,0:28:36,305,male 40-44,ARE,1339,sportstats
T100 Triathlon World Tour - Dubai,2025-11-15,Sprint Triathlon,25750,Petr Balabin,1:33:42,0:15:38,0:46:20,0:31:44,306,male 30-34,ARE,1965,sportstats
T100 Triathlon World Tour - Dubai,2025-11-15,Sprint Triathlon,25750,Moritz Matzke,1:33:47,0:14:35,0:47:05,0:32:07,307,male 25-29,ARE,1854,sportstats
T100 Triathlon World Tour - Dubai,2025-11-15,Sprint Triathlon,25750,Yashica Hikel,1:33:48,0:19:18,0:45:11,0:29:19,308,female 35-39,ARE,1810,sportstats
T100 Triathlon World Tour - Dubai,2025-11-15,Sprint Triathlon,25750,Abigail Cast,1:34:02,0:15:24,0:47:18,0:31:19,309,female 45-49,GBR,2091,sportstats
T100 Triathlon World Tour - Dubai,2025-11-15,Sprint Triathlon,25750,Guillaume Arcache,1:34:02,0:15:51,0:47:26,0:30:45,310,male 35-39,ARE,2045,sportstats
T100 Triathlon World Tour - Dubai,2025-11-15,Sprint Triathlon,25750,Anna Brunken,1:34:16,0:14:23,0:44:41,0:35:13,311,female 35-39,DEU,1244,sportstats
T100 Triathlon World Tour - Dubai,2025-11-15,Sprint Triathlon,25750,Tatiana Noskova,1:34:26,0:16:04,0:45:58,0:32:25,312,female 35-39,ARE,1993,sportstats
T100 Triathlon World Tour - Dubai,2025-11-15,Sprint Triathlon,25750,Wayne Du Plessis,1:34:26,0:16:50,0:50:09,0:27:28,313,male 25-29,ARE,1005,sportstats
T100 Triathlon World Tour - Dubai,2025-11-15,Sprint Triathlon,25750,Edwin Ramos Rojas,1:34:28,0:19:59,0:45:15,0:29:14,314,male 40-44,ARE,1930,sportstats
T100 Triathlon World Tour - Dubai,2025-11-15,Sprint Triathlon,25750,Alannah White,1:34:30,0:12:19,0:47:34,0:34:36,315,female 30-34,ARE,1267,sportstats
T100 Triathlon World Tour - Dubai,2025-11-15,Sprint Triathlon,25750,Ken Laurent,1:34:32,0:13:47,0:46:35,0:34:10,316,male 45-49,ARE,1566,sportstats
T100 Triathlon World Tour - Dubai,2025-11-15,Sprint Triathlon,25750,Alex Salobir,1:34:39,0:15:32,0:48:23,0:30:45,317,male 30-34,ARE,1361,sportstats
T100 Triathlon World Tour - Dubai,2025-11-15,Sprint Triathlon,25750,Amine El Khalfet,1:34:39,0:16:37,0:49:40,0:28:22,318,male 25-29,ARE,1335,sportstats
T100 Triathlon World Tour - Dubai,2025-11-15,Sprint Triathlon,25750,Mungid Ali,1:34:40,0:18:21,0:46:57,0:29:22,319,male 35-39,ARE,1690,sportstats
T100 Triathlon World Tour - Dubai,2025-11-15,Sprint Triathlon,25750,Kelly Guy,1:34:43,0:20:08,0:47:38,0:26:56,320,female 30-34,ARE,1946,sportstats
T100 Triathlon World Tour - Dubai,2025-11-15,Sprint Triathlon,25750,Christian Reinau,1:34:43,0:13:31,0:44:49,0:36:24,321,male 50-54,SGP,2083,sportstats
T100 Triathlon World Tour - Dubai,2025-11-15,Sprint Triathlon,25750,Tatiana Lagutina,1:34:44,0:13:46,0:49:55,0:31:03,322,female 40-44,RUS,1097,sportstats
T100 Triathlon World Tour - Dubai,2025-11-15,Sprint Triathlon,25750,Damien McKenna,1:34:45,0:14:59,0:52:19,0:27:27,323,male 45-49,GBR,1875,sportstats
T100 Triathlon World Tour - Dubai,2025-11-15,Sprint Triathlon,25750,Dian Reynecke,1:34:45,0:14:46,0:48:19,0:31:39,324,male 18-24,BHR,1511,sportstats
T100 Triathlon World Tour - Dubai,2025-11-15,Sprint Triathlon,25750,Saul Keens,1:34:49,0:18:45,0:45:53,0:30:11,325,male 55-59,ARE,2185,sportstats
T100 Triathlon World Tour - Dubai,2025-11-15,Sprint Triathlon,25750,Boris Carreau,1:34:51,0:15:21,0:50:51,0:28:40,326,male 40-44,ARE,2032,sportstats
T100 Triathlon World Tour - Dubai,2025-11-15,Sprint Triathlon,25750,Hamad Alblooshi,1:34:56,0:23:38,0:46:21,0:24:57,327,male 25-29,ARE,1174,sportstats
T100 Triathlon World Tour - Dubai,2025-11-15,Sprint Triathlon,25750,Ben Hopper,1:34:57,0:17:15,0:43:35,0:34:08,328,male 40-44,ARE,1898,sportstats
T100 Triathlon World Tour - Dubai,2025-11-15,Sprint Triathlon,25750,Wilfredo JR Badoy,1:34:58,0:15:12,0:44:48,0:34:58,329,male 50-54,ARE,1460,sportstats
T100 Triathlon World Tour - Dubai,2025-11-15,Sprint Triathlon,25750,Kayleigh Green,1:34:58,0:14:39,0:52:49,0:27:30,330,female 35-39,ARE,1537,sportstats
T100 Triathlon World Tour - Dubai,2025-11-15,Sprint Triathlon,25750,Airida Diktanaite,1:35:00,0:15:27,0:46:24,0:33:09,331,female 35-39,ARE,1263,sportstats
T100 Triathlon World Tour - Dubai,2025-11-15,Sprint Triathlon,25750,Linda Colombaro,1:35:00,0:15:43,0:46:31,0:32:46,332,female 30-34,ARE,2109,sportstats
T100 Triathlon World Tour - Dubai,2025-11-15,Sprint Triathlon,25750,Mufaddal Abbas,1:35:04,0:17:00,0:45:31,0:32:33,333,male 40-44,ARE,1470,sportstats
T100 Triathlon World Tour - Dubai,2025-11-15,Sprint Triathlon,25750,Stephanie Weller,1:35:11,0:14:59,0:45:56,0:34:15,334,female 35-39,ARE,1264,sportstats
T100 Triathlon World Tour - Dubai,2025-11-15,Sprint Triathlon,25750,Vasily Lukin,1:35:11,0:16:49,0:46:58,0:31:24,335,male 35-39,ARE,2143,sportstats
T100 Triathlon World Tour - Dubai,2025-11-15,Sprint Triathlon,25750,Rashed Alfahim,1:35:14,0:16:22,0:47:06,0:31:46,336,male 25-29,ARE,1841,sportstats
T100 Triathlon World Tour - Dubai,2025-11-15,Sprint Triathlon,25750,Ilya Romanov,1:35:18,0:17:11,0:47:43,0:30:24,337,male 35-39,ARE,1617,sportstats
T100 Triathlon World Tour - Dubai,2025-11-15,Sprint Triathlon,25750,Casie Keynes-Philip,1:35:27,0:13:41,0:48:12,0:33:35,338,female 40-44,ARE,1197,sportstats
T100 Triathlon World Tour - Dubai,2025-11-15,Sprint Triathlon,25750,Caterina Bernal,1:35:33,0:24:13,0:43:51,0:27:29,339,female 25-29,ARE,2191,sportstats
T100 Triathlon World Tour - Dubai,2025-11-15,Sprint Triathlon,25750,Will Simpson,1:35:36,0:15:26,0:48:59,0:31:11,340,male 35-39,ARE,1248,sportstats
T100 Triathlon World Tour - Dubai,2025-11-15,Sprint Triathlon,25750,Renata Cintra,1:35:36,0:17:05,0:44:24,0:34:06,341,female 40-44,ARE,1423,sportstats
T100 Triathlon World Tour - Dubai,2025-11-15,Sprint Triathlon,25750,Ali Jaffal,1:35:36,0:20:12,0:48:25,0:26:59,342,male 25-29,ARE,1691,sportstats
T100 Triathlon World Tour - Dubai,2025-11-15,Sprint Triathlon,25750,Dalal Alrayes,1:35:42,0:17:35,0:45:48,0:32:20,343,female 40-44,KWT,1265,sportstats
T100 Triathlon World Tour - Dubai,2025-11-15,Sprint Triathlon,25750,Frank Mc Carthy,1:35:43,0:15:28,0:50:05,0:30:10,344,male 35-39,ARE,1160,sportstats
T100 Triathlon World Tour - Dubai,2025-11-15,Sprint Triathlon,25750,Enric Pascal,1:35:44,0:15:28,0:50:16,0:30:00,345,male 25-29,ARE,1771,sportstats
T100 Triathlon World Tour - Dubai,2025-11-15,Sprint Triathlon,25750,Tegan Skinner,1:35:48,0:15:26,0:48:30,0:31:52,346,female 25-29,ARE,1945,sportstats
T100 Triathlon World Tour - Dubai,2025-11-15,Sprint Triathlon,25750,Suliman Radwan,1:35:49,0:18:38,0:47:23,0:29:48,347,male 35-39,SAU,1615,sportstats
T100 Triathlon World Tour - Dubai,2025-11-15,Sprint Triathlon,25750,Brenton Sharp,1:35:50,0:15:26,0:46:10,0:34:15,348,male 30-34,ARE,1780,sportstats
T100 Triathlon World Tour - Dubai,2025-11-15,Sprint Triathlon,25750,Sergio Carvajal,1:35:53,0:15:18,0:48:31,0:32:04,349,male 25-29,ARE,1546,sportstats
T100 Triathlon World Tour - Dubai,2025-11-15,Sprint Triathlon,25750,Isabel Olley,1:35:58,0:16:05,0:50:20,0:29:33,350,female 30-34,ARE,1414,sportstats
T100 Triathlon World Tour - Dubai,2025-11-15,Sprint Triathlon,25750,Alexander Morriss,1:35:58,0:18:12,0:46:08,0:31:38,351,male 40-44,ARE,1763,sportstats
T100 Triathlon World Tour - Dubai,2025-11-15,Sprint Triathlon,25750,Roupina Maalouf,1:35:59,0:16:53,0:48:59,0:30:06,352,female 18-24,ARE,2134,sportstats
T100 Triathlon World Tour - Dubai,2025-11-15,Sprint Triathlon,25750,Ross Horton,1:36:04,0:17:37,0:45:16,0:33:10,353,male 40-44,ARE,2066,sportstats
T100 Triathlon World Tour - Dubai,2025-11-15,Sprint Triathlon,25750,Noura Kattan,1:36:07,0:17:29,0:50:55,0:27:43,354,female 25-29,ARE,1989,sportstats
T100 Triathlon World Tour - Dubai,2025-11-15,Sprint Triathlon,25750,Ahmad Karaky,1:36:09,0:16:56,0:52:17,0:26:55,355,male 35-39,ARE,1872,sportstats
T100 Triathlon World Tour - Dubai,2025-11-15,Sprint Triathlon,25750,Chester Jed Uson,1:36:13,0:19:14,0:47:13,0:29:47,356,male 18-24,ARE,1589,sportstats
T100 Triathlon World Tour - Dubai,2025-11-15,Sprint Triathlon,25750,Samantha Bruni,1:36:15,0:17:17,0:47:26,0:31:32,357,female 50-54,ARE,1839,sportstats
T100 Triathlon World Tour - Dubai,2025-11-15,Sprint Triathlon,25750,John Whiteoak,1:36:20,0:17:51,0:47:13,0:31:17,358,male 55-59,AUS,1290,sportstats
T100 Triathlon World Tour - Dubai,2025-11-15,Sprint Triathlon,25750,Borja Lopez,1:36:22,0:15:07,0:45:44,0:35:31,359,male 45-49,ARE,1673,sportstats
T100 Triathlon World Tour - Dubai,2025-11-15,Sprint Triathlon,25750,Hamza Mohamed,1:36:31,0:13:25,0:57:10,0:25:56,360,male ---18,BHR,1126,sportstats
T100 Triathlon World Tour - Dubai,2025-11-15,Sprint Triathlon,25750,Donagh Murphy,1:36:38,0:19:25,0:51:31,0:25:42,361,male 25-29,ARE,1753,sportstats
T100 Triathlon World Tour - Dubai,2025-11-15,Sprint Triathlon,25750,Gemma Binotti,1:36:39,0:16:14,0:50:41,0:29:44,362,female 40-44,ARE,2104,sportstats
T100 Triathlon World Tour - Dubai,2025-11-15,Sprint Triathlon,25750,Abdulrahman Almamari,1:36:41,0:26:03,0:43:49,0:26:49,363,male 40-44,ARE,2153,sportstats
T100 Triathlon World Tour - Dubai,2025-11-15,Sprint Triathlon,25750,Amaury Rostagnat,1:36:44,0:16:59,0:47:54,0:31:52,364,male 40-44,ARE,1323,sportstats
T100 Triathlon World Tour - Dubai,2025-11-15,Sprint Triathlon,25750,Jessica Vowles,1:36:49,0:13:39,0:47:12,0:35:57,365,female 30-34,ARE,1991,sportstats
T100 Triathlon World Tour - Dubai,2025-11-15,Sprint Triathlon,25750,Ronan Corro,1:36:50,0:20:50,0:44:00,0:32:00,366,male 35-39,ARE,1747,sportstats
T100 Triathlon World Tour - Dubai,2025-11-15,Sprint Triathlon,25750,Bart Kamya,1:36:58,0:15:21,0:47:22,0:34:15,367,male 45-49,ARE,1084,sportstats
T100 Triathlon World Tour - Dubai,2025-11-15,Sprint Triathlon,25750,Alex Chehade,1:36:59,0:18:00,0:49:59,0:28:59,368,male 40-44,ARE,1368,sportstats
T100 Triathlon World Tour - Dubai,2025-11-15,Sprint Triathlon,25750,Kerr Logan,1:37:03,0:14:32,0:49:32,0:32:59,369,male 45-49,ARE,1132,sportstats
T100 Triathlon World Tour - Dubai,2025-11-15,Sprint Triathlon,25750,Virgel Donn Roxas,1:37:05,0:18:00,0:45:59,0:33:06,370,male 30-34,ARE,1885,sportstats
T100 Triathlon World Tour - Dubai,2025-11-15,Sprint Triathlon,25750,Kate Horsley,1:37:05,0:15:33,0:47:01,0:34:31,371,female 35-39,ARE,2126,sportstats
T100 Triathlon World Tour - Dubai,2025-11-15,Sprint Triathlon,25750,Iyad Alajdad,1:37:06,0:18:20,0:48:35,0:30:11,372,male 45-49,ARE,1752,sportstats
T100 Triathlon World Tour - Dubai,2025-11-15,Sprint Triathlon,25750,Matthew Caswell,1:37:09,0:17:35,0:49:20,0:30:14,373,male 40-44,ARE,1728,sportstats
T100 Triathlon World Tour - Dubai,2025-11-15,Sprint Triathlon,25750,Antonio Fernandez Arimany,1:37:12,0:16:47,0:46:50,0:33:35,374,male 55-59,ESP,2180,sportstats
T100 Triathlon World Tour - Dubai,2025-11-15,Sprint Triathlon,25750,Paul Fisher,1:37:15,0:15:20,0:48:52,0:33:03,375,male 35-39,ARE,1297,sportstats
T100 Triathlon World Tour - Dubai,2025-11-15,Sprint Triathlon,25750,Ana Hudson,1:37:22,0:16:36,0:52:05,0:28:41,376,female 50-54,SAU,1974,sportstats
T100 Triathlon World Tour - Dubai,2025-11-15,Sprint Triathlon,25750,Andrew Dennant,1:37:22,0:14:43,0:47:49,0:34:50,377,male 50-54,ARE,2183,sportstats
T100 Triathlon World Tour - Dubai,2025-11-15,Sprint Triathlon,25750,Anuj Dhoot,1:37:28,0:17:05,0:49:24,0:31:00,378,male 35-39,ARE,1604,sportstats
T100 Triathlon World Tour - Dubai,2025-11-15,Sprint Triathlon,25750,Paulo Silva,1:37:29,0:16:29,0:46:29,0:34:31,379,male 40-44,NLD,2147,sportstats
T100 Triathlon World Tour - Dubai,2025-11-15,Sprint Triathlon,25750,Soloveva Svetlana,1:37:32,0:16:08,0:44:35,0:36:49,380,female 40-44,ARE,1484,sportstats
T100 Triathlon World Tour - Dubai,2025-11-15,Sprint Triathlon,25750,Kabir Walker,1:37:33,0:16:14,0:47:35,0:33:44,381,male 40-44,CHN,1720,sportstats
T100 Triathlon World Tour - Dubai,2025-11-15,Sprint Triathlon,25750,Zak Hynes,1:37:38,0:16:42,0:49:40,0:31:17,382,male 25-29,ARE,1342,sportstats
T100 Triathlon World Tour - Dubai,2025-11-15,Sprint Triathlon,25750,Enrique Diaz,1:37:43,0:14:02,0:48:28,0:35:13,383,male 40-44,ARE,1173,sportstats
T100 Triathlon World Tour - Dubai,2025-11-15,Sprint Triathlon,25750,Ciara O'Sullivan,1:37:44,0:16:50,0:52:18,0:28:36,384,female 25-29,ARE,1519,sportstats
T100 Triathlon World Tour - Dubai,2025-11-15,Sprint Triathlon,25750,Julien Fisch,1:37:54,0:17:41,0:47:23,0:32:51,385,male 45-49,CHE,1719,sportstats
T100 Triathlon World Tour - Dubai,2025-11-15,Sprint Triathlon,25750,Philippa Blunden,1:37:54,0:16:42,0:49:17,0:31:55,386,female 30-34,ARE,1956,sportstats
T100 Triathlon World Tour - Dubai,2025-11-15,Sprint Triathlon,25750,Nelvin Tesoro,1:37:57,0:19:19,0:45:43,0:32:55,387,male 40-44,ARE,1561,sportstats
T100 Triathlon World Tour - Dubai,2025-11-15,Sprint Triathlon,25750,Conor Scanlon,1:37:58,0:16:04,0:51:26,0:30:28,388,male 30-34,ARE,2051,sportstats
T100 Triathlon World Tour - Dubai,2025-11-15,Sprint Triathlon,25750,Carl Ghanem,1:37:58,0:17:59,0:54:39,0:25:20,389,male 30-34,ARE,1934,sportstats
T100 Triathlon World Tour - Dubai,2025-11-15,Sprint Triathlon,25750,Pierre Carnet,1:38:07,0:20:35,0:49:11,0:28:20,390,male 25-29,ARE,2145,sportstats
T100 Triathlon World Tour - Dubai,2025-11-15,Sprint Triathlon,25750,Sam Slater,1:38:09,0:16:02,0:49:05,0:33:01,391,male 25-29,ARE,1781,sportstats
T100 Triathlon World Tour - Dubai,2025-11-15,Sprint Triathlon,25750,Charles Dhaussy,1:38:11,0:16:27,0:49:05,0:32:40,392,male 45-49,ARE,1498,sportstats
T100 Triathlon World Tour - Dubai,2025-11-15,Sprint Triathlon,25750,Jaana Fanucci,1:38:20,0:15:00,0:48:12,0:35:08,393,female 40-44,ARE,1234,sportstats
T100 Triathlon World Tour - Dubai,2025-11-15,Sprint Triathlon,25750,Vladimir Milosevic,1:38:21,0:17:09,0:48:46,0:32:26,394,male 50-54,ARE,1398,sportstats
T100 Triathlon World Tour - Dubai,2025-11-15,Sprint Triathlon,25750,Harriet Shephard,1:38:28,0:18:03,0:51:14,0:29:11,395,female 35-39,ARE,2117,sportstats
T100 Triathlon World Tour - Dubai,2025-11-15,Sprint Triathlon,25750,Stuart MacKay,1:38:29,0:21:26,0:47:18,0:29:45,396,male 40-44,ARE,2028,sportstats
T100 Triathlon World Tour - Dubai,2025-11-15,Sprint Triathlon,25750,David Clifton,1:38:33,0:18:49,0:48:23,0:31:21,397,male 40-44,GBR,1553,sportstats
T100 Triathlon World Tour - Dubai,2025-11-15,Sprint Triathlon,25750,Thomas Clifton,1:38:34,0:19:09,0:47:23,0:32:02,398,male 35-39,ARE,2029,sportstats
T100 Triathlon World Tour - Dubai,2025-11-15,Sprint Triathlon,25750,Ian Maravilla,1:38:37,0:15:32,0:47:40,0:35:25,399,male 35-39,ARE,1603,sportstats
T100 Triathlon World Tour - Dubai,2025-11-15,Sprint Triathlon,25750,George Smith,1:38:53,0:16:46,0:50:00,0:32:07,400,male 45-49,ARE,1140,sportstats
T100 Triathlon World Tour - Dubai,2025-11-15,Sprint Triathlon,25750,Wesley Pestana,1:39:00,0:13:12,0:46:25,0:39:23,401,male 30-34,ARE,1179,sportstats
T100 Triathlon World Tour - Dubai,2025-11-15,Sprint Triathlon,25750,Moyu Wang,1:39:00,0:19:15,0:49:21,0:30:24,402,female 30-34,CHE,1269,sportstats
T100 Triathlon World Tour - Dubai,2025-11-15,Sprint Triathlon,25750,Safeer Khan,1:39:00,0:17:03,0:50:49,0:31:09,403,male 18-24,ARE,1772,sportstats
T100 Triathlon World Tour - Dubai,2025-11-15,Sprint Triathlon,25750,Tommy Bishop,1:39:03,0:22:45,0:50:34,0:25:44,404,male 30-34,GBR,2166,sportstats
T100 Triathlon World Tour - Dubai,2025-11-15,Sprint Triathlon,25750,John Kelly,1:39:11,0:17:43,0:49:01,0:32:26,405,male 40-44,ARE,1762,sportstats
T100 Triathlon World Tour - Dubai,2025-11-15,Sprint Triathlon,25750,Tiffany Pilard,1:39:15,0:17:06,0:51:30,0:30:40,406,female 30-34,ARE,1432,sportstats
T100 Triathlon World Tour - Dubai,2025-11-15,Sprint Triathlon,25750,Ahmed Mohamed,1:39:16,0:24:14,0:45:48,0:29:15,407,male 30-34,ARE,2031,sportstats
T100 Triathlon World Tour - Dubai,2025-11-15,Sprint Triathlon,25750,Raymond Cimafranca,1:39:22,0:17:27,0:46:47,0:35:07,408,male 40-44,ARE,1412,sportstats
T100 Triathlon World Tour - Dubai,2025-11-15,Sprint Triathlon,25750,John Galani,1:39:25,0:14:57,0:48:30,0:35:57,409,male 50-54,GBR,2152,sportstats
T100 Triathlon World Tour - Dubai,2025-11-15,Sprint Triathlon,25750,Sophia Price,1:39:30,0:16:25,0:48:04,0:35:01,410,female 35-39,ARE,1829,sportstats
T100 Triathlon World Tour - Dubai,2025-11-15,Sprint Triathlon,25750,Emily Griffiths,1:39:33,0:15:05,0:50:34,0:33:54,411,female 35-39,ARE,1200,sportstats
T100 Triathlon World Tour - Dubai,2025-11-15,Sprint Triathlon,25750,Jennifer Bishopp,1:39:37,0:14:48,0:48:56,0:35:54,412,female 40-44,ARE,1207,sportstats
T100 Triathlon World Tour - Dubai,2025-11-15,Sprint Triathlon,25750,Patrick O'Brien,1:39:43,0:18:16,0:47:38,0:33:49,413,male 50-54,ARE,1607,sportstats
T100 Triathlon World Tour - Dubai,2025-11-15,Sprint Triathlon,25750,Eric Caron,1:39:45,0:14:37,0:49:02,0:36:06,414,male 40-44,ARE,1909,sportstats
T100 Triathlon World Tour - Dubai,2025-11-15,Sprint Triathlon,25750,Kris Olarte,1:39:49,0:20:27,0:46:58,0:32:24,415,female 35-39,ARE,1977,sportstats
T100 Triathlon World Tour - Dubai,2025-11-15,Sprint Triathlon,25750,Jorge Rodriguez R,1:39:50,0:19:15,0:47:22,0:33:13,416,male 45-49,ARE,1469,sportstats
T100 Triathlon World Tour - Dubai,2025-11-15,Sprint Triathlon,25750,Claire Barker,1:39:58,0:19:09,0:48:07,0:32:42,417,female 40-44,ARE,1950,sportstats
T100 Triathlon World Tour - Dubai,2025-11-15,Sprint Triathlon,25750,Faisal Abdulshakour,1:40:02,0:16:33,0:52:30,0:31:00,418,male 30-34,SAU,1562,sportstats
T100 Triathlon World Tour - Dubai,2025-11-15,Sprint Triathlon,25750,Victor Andrades,1:40:11,0:17:07,0:48:20,0:34:45,419,male 45-49,ARE,1320,sportstats
T100 Triathlon World Tour - Dubai,2025-11-15,Sprint Triathlon,25750,Sharon James,1:40:11,0:16:31,0:48:42,0:34:58,420,female 50-54,ARE,1450,sportstats
T100 Triathlon World Tour - Dubai,2025-11-15,Sprint Triathlon,25750,Mohammed Alneyadi,1:40:13,0:25:02,0:44:19,0:30:52,421,male 45-49,ARE,1635,sportstats
T100 Triathlon World Tour - Dubai,2025-11-15,Sprint Triathlon,25750,Oksana Aleksandrova,1:40:15,0:19:13,0:52:41,0:28:21,422,female 40-44,ARE,1466,sportstats
T100 Triathlon World Tour - Dubai,2025-11-15,Sprint Triathlon,25750,Nathan Hanslip,1:40:16,0:18:04,0:45:11,0:37:01,423,male 30-34,ARE,1371,sportstats
T100 Triathlon World Tour - Dubai,2025-11-15,Sprint Triathlon,25750,Petros Nearchou,1:40:17,0:17:33,0:51:21,0:31:22,424,male 30-34,ARE,1474,sportstats
T100 Triathlon World Tour - Dubai,2025-11-15,Sprint Triathlon,25750,Tamim Abadi,1:40:18,0:18:01,0:49:39,0:32:38,425,male 30-34,ARE,1009,sportstats
T100 Triathlon World Tour - Dubai,2025-11-15,Sprint Triathlon,25750,Vinesh Mistry,1:40:23,0:16:53,0:44:53,0:38:37,426,male 40-44,ARE,2015,sportstats
T100 Triathlon World Tour - Dubai,2025-11-15,Sprint Triathlon,25750,Dario Rubio,1:40:27,0:21:36,0:43:00,0:35:50,427,male 40-44,ARE,1628,sportstats
T100 Triathlon World Tour - Dubai,2025-11-15,Sprint Triathlon,25750,Ona Anilionyte,1:40:28,0:14:29,0:50:56,0:35:03,428,female 30-34,ARE,1198,sportstats
T100 Triathlon World Tour - Dubai,2025-11-15,Sprint Triathlon,25750,Carl Peaple,1:40:37,0:18:41,0:45:10,0:36:46,429,male 50-54,ARE,1176,sportstats
T100 Triathlon World Tour - Dubai,2025-11-15,Sprint Triathlon,25750,Vanessa White,1:40:44,0:16:19,0:48:57,0:35:28,430,female 40-44,ARE,1268,sportstats
T100 Triathlon World Tour - Dubai,2025-11-15,Sprint Triathlon,25750,Xavi Ruiz Esparza,1:40:45,0:14:00,0:45:13,0:41:32,431,male 25-29,MEX,1751,sportstats
T100 Triathlon World Tour - Dubai,2025-11-15,Sprint Triathlon,25750,Federico Angel,1:40:47,0:17:55,0:49:03,0:33:48,432,male 40-44,ARE,1632,sportstats
T100 Triathlon World Tour - Dubai,2025-11-15,Sprint Triathlon,25750,Hani Seif,1:40:55,0:13:39,0:56:19,0:30:57,433,male 25-29,ARE,1230,sportstats
T100 Triathlon World Tour - Dubai,2025-11-15,Sprint Triathlon,25750,Nick Hudson,1:41:00,0:17:27,0:49:01,0:34:32,434,male 45-49,ARE,2120,sportstats
T100 Triathlon World Tour - Dubai,2025-11-15,Sprint Triathlon,25750,Freya Brown,1:41:01,0:14:54,0:54:30,0:31:36,435,female 30-34,GBR,1818,sportstats
T100 Triathlon World Tour - Dubai,2025-11-15,Sprint Triathlon,25750,Abdul Rahman Dankar,1:41:02,0:19:01,0:48:52,0:33:10,436,male 25-29,ARE,1786,sportstats
T100 Triathlon World Tour - Dubai,2025-11-15,Sprint Triathlon,25750,Marco Palau,1:41:03,0:20:36,0:48:33,0:31:55,437,male 30-34,ARE,1348,sportstats
T100 Triathlon World Tour - Dubai,2025-11-15,Sprint Triathlon,25750,Jonathan Jicquello,1:41:15,0:19:03,0:52:01,0:30:11,438,male 40-44,ARE,1891,sportstats
T100 Triathlon World Tour - Dubai,2025-11-15,Sprint Triathlon,25750,Harvey Pinder,1:41:16,0:19:37,0:47:35,0:34:05,439,male 25-29,GBR,1397,sportstats
T100 Triathlon World Tour - Dubai,2025-11-15,Sprint Triathlon,25750,Jared Le Roux,1:41:20,0:16:54,0:52:05,0:32:20,440,male 35-39,ARE,1284,sportstats
T100 Triathlon World Tour - Dubai,2025-11-15,Sprint Triathlon,25750,Joshua Rix,1:41:20,0:20:11,0:49:12,0:31:57,441,male 30-34,ARE,1869,sportstats
T100 Triathlon World Tour - Dubai,2025-11-15,Sprint Triathlon,25750,Maha Yacout,1:41:24,0:17:21,0:52:27,0:31:36,442,female 30-34,EGY,1196,sportstats
T100 Triathlon World Tour - Dubai,2025-11-15,Sprint Triathlon,25750,Marides Laminato,1:41:24,0:18:17,0:50:46,0:32:22,443,female 40-44,ARE,1990,sportstats
T100 Triathlon World Tour - Dubai,2025-11-15,Sprint Triathlon,25750,Agnieszka Zachariasz,1:41:25,0:16:34,0:49:22,0:35:30,444,female 30-34,ARE,1654,sportstats
T100 Triathlon World Tour - Dubai,2025-11-15,Sprint Triathlon,25750,Luv Pahlajani,1:41:29,0:20:13,0:50:05,0:31:11,445,male 35-39,ARE,2105,sportstats
T100 Triathlon World Tour - Dubai,2025-11-15,Sprint Triathlon,25750,Mark Chim,1:41:29,0:19:49,0:50:26,0:31:15,446,no age,SGP,1907,sportstats
T100 Triathlon World Tour - Dubai,2025-11-15,Sprint Triathlon,25750,Jason Cook,1:41:31,0:15:22,0:50:11,0:35:58,447,male 40-44,ARE,1920,sportstats
T100 Triathlon World Tour - Dubai,2025-11-15,Sprint Triathlon,25750,Catarina Marcelino,1:41:33,0:17:23,0:49:06,0:35:04,448,female 30-34,NLD,1816,sportstats
T100 Triathlon World Tour - Dubai,2025-11-15,Sprint Triathlon,25750,Katie O Sullivan,1:41:39,0:19:43,0:53:08,0:28:47,449,female 30-34,ARE,1480,sportstats
T100 Triathlon World Tour - Dubai,2025-11-15,Sprint Triathlon,25750,Christoph Putz,1:41:41,0:15:22,0:52:35,0:33:43,450,male 35-39,ARE,1141,sportstats
T100 Triathlon World Tour - Dubai,2025-11-15,Sprint Triathlon,25750,Aleksandr Malinin,1:41:46,0:12:29,0:48:21,0:40:55,451,male 40-44,AND,1127,sportstats
T100 Triathlon World Tour - Dubai,2025-11-15,Sprint Triathlon,25750,Johann Adjovi,1:41:47,0:17:03,0:49:17,0:35:27,452,male 40-44,ARE,1840,sportstats
T100 Triathlon World Tour - Dubai,2025-11-15,Sprint Triathlon,25750,Jessica Kilmartin,1:41:47,0:17:17,0:52:59,0:31:30,453,female 30-34,ARE,1802,sportstats
T100 Triathlon World Tour - Dubai,2025-11-15,Sprint Triathlon,25750,Sara Boomsma,1:41:51,0:16:26,0:52:34,0:32:51,454,female 35-39,ARE,1416,sportstats
T100 Triathlon World Tour - Dubai,2025-11-15,Sprint Triathlon,25750,Yassine Berrada,1:41:51,0:16:50,0:52:37,0:32:24,455,male 30-34,ARE,1922,sportstats
T100 Triathlon World Tour - Dubai,2025-11-15,Sprint Triathlon,25750,Cameron Thomas,1:42:01,0:16:54,0:46:32,0:38:35,456,male 55-59,ARE,1731,sportstats
T100 Triathlon World Tour - Dubai,2025-11-15,Sprint Triathlon,25750,Simon Constant,1:42:03,0:18:28,0:51:52,0:31:43,457,male 40-44,ARE,1880,sportstats
T100 Triathlon World Tour - Dubai,2025-11-15,Sprint Triathlon,25750,Ghanshyam Periwal,1:42:05,0:19:39,0:48:39,0:33:47,458,male 40-44,ARE,2177,sportstats
T100 Triathlon World Tour - Dubai,2025-11-15,Sprint Triathlon,25750,Elena Klezovich,1:42:07,0:16:33,0:48:14,0:37:21,459,female 35-39,ARE,1438,sportstats
T100 Triathlon World Tour - Dubai,2025-11-15,Sprint Triathlon,25750,Essa Aljassmi,1:42:16,0:17:34,0:51:15,0:33:28,460,male 25-29,ARE,1400,sportstats
T100 Triathlon World Tour - Dubai,2025-11-15,Sprint Triathlon,25750,Arnaud De Parseval,1:42:23,0:17:38,0:51:28,0:33:17,461,male 45-49,ARE,1552,sportstats
T100 Triathlon World Tour - Dubai,2025-11-15,Sprint Triathlon,25750,Jad Chamaa,1:42:26,0:16:57,0:49:08,0:36:21,462,male 30-34,ARE,1853,sportstats
T100 Triathlon World Tour - Dubai,2025-11-15,Sprint Triathlon,25750,Fabrice Panza,1:42:27,0:16:12,0:51:56,0:34:18,463,male 50-54,ARE,1258,sportstats
T100 Triathlon World Tour - Dubai,2025-11-15,Sprint Triathlon,25750,Joe Curran,1:42:27,0:20:56,0:49:45,0:31:46,464,male 25-29,ARE,1671,sportstats
T100 Triathlon World Tour - Dubai,2025-11-15,Sprint Triathlon,25750,Mastourah Alzahrani,1:42:29,0:19:00,0:48:51,0:34:38,465,female 40-44,SAU,1446,sportstats
T100 Triathlon World Tour - Dubai,2025-11-15,Sprint Triathlon,25750,Roxanne Scott-Williams,1:42:41,0:12:51,0:53:06,0:36:44,466,female 30-34,ARE,1204,sportstats
T100 Triathlon World Tour - Dubai,2025-11-15,Sprint Triathlon,25750,Aya Kalou,1:42:41,0:16:49,0:55:48,0:30:04,467,female 30-34,ARE,1523,sportstats
T100 Triathlon World Tour - Dubai,2025-11-15,Sprint Triathlon,25750,Knut Hansen,1:42:44,0:17:51,0:48:16,0:36:38,468,male 60-64,GBR,1921,sportstats
T100 Triathlon World Tour - Dubai,2025-11-15,Sprint Triathlon,25750,Cagri Aydogan,1:42:46,0:19:53,0:52:47,0:30:06,469,male 35-39,ARE,1879,sportstats
T100 Triathlon World Tour - Dubai,2025-11-15,Sprint Triathlon,25750,Justine Dampt,1:42:47,0:15:24,0:53:43,0:33:39,470,female 35-39,ARE,1238,sportstats
T100 Triathlon World Tour - Dubai,2025-11-15,Sprint Triathlon,25750,Kenan Gorucu,1:42:47,0:21:31,0:48:02,0:33:15,471,male 35-39,ARE,1696,sportstats
T100 Triathlon World Tour - Dubai,2025-11-15,Sprint Triathlon,25750,Eli Dubnov,1:42:54,0:15:58,0:54:43,0:32:13,472,male 35-39,ISR,1352,sportstats
T100 Triathlon World Tour - Dubai,2025-11-15,Sprint Triathlon,25750,Aya Sadder,1:42:57,0:16:43,0:47:23,0:38:50,473,female 30-34,ARE,1304,sportstats
T100 Triathlon World Tour - Dubai,2025-11-15,Sprint Triathlon,25750,Konstantinos Daskalakis,1:42:58,0:19:27,0:51:54,0:31:37,474,male 30-34,ARE,1756,sportstats
T100 Triathlon World Tour - Dubai,2025-11-15,Sprint Triathlon,25750,Richard Alexander,1:43:07,0:16:29,0:55:41,0:30:57,475,male 40-44,ARE,1729,sportstats
T100 Triathlon World Tour - Dubai,2025-11-15,Sprint Triathlon,25750,Emily Gallone,1:43:08,0:20:47,0:52:02,0:30:19,476,female 30-34,ARE,1538,sportstats
T100 Triathlon World Tour - Dubai,2025-11-15,Sprint Triathlon,25750,Lauren Hill,1:43:08,0:20:10,0:53:43,0:29:15,477,female 30-34,ARE,1951,sportstats
T100 Triathlon World Tour - Dubai,2025-11-15,Sprint Triathlon,25750,Zaakir Ziyard,1:43:13,0:18:12,0:50:13,0:34:48,478,male 25-29,ARE,1855,sportstats
T100 Triathlon World Tour - Dubai,2025-11-15,Sprint Triathlon,25750,Anis Balla,1:43:18,0:16:23,0:57:20,0:29:34,479,male 35-39,ARE,1357,sportstats
T100 Triathlon World Tour - Dubai,2025-11-15,Sprint Triathlon,25750,Matt John,1:43:18,0:21:03,0:50:20,0:31:55,480,female 30-34,ARE,1925,sportstats
T100 Triathlon World Tour - Dubai,2025-11-15,Sprint Triathlon,25750,Abdulla Falaknaz,1:43:22,0:18:04,0:49:09,0:36:09,481,male 30-34,ARE,1331,sportstats
T100 Triathlon World Tour - Dubai,2025-11-15,Sprint Triathlon,25750,Jirong Huang,1:43:23,0:18:33,0:52:41,0:32:09,482,male 35-39,SGP,1256,sportstats
T100 Triathlon World Tour - Dubai,2025-11-15,Sprint Triathlon,25750,Maurice Wingo,1:43:26,0:18:37,0:51:17,0:33:33,483,male 65-69,ARE,1783,sportstats
T100 Triathlon World Tour - Dubai,2025-11-15,Sprint Triathlon,25750,Gems Evardo,1:43:30,0:22:18,0:47:04,0:34:08,484,female 40-44,ARE,1458,sportstats
T100 Triathlon World Tour - Dubai,2025-11-15,Sprint Triathlon,25750,Fiona Passant,1:43:32,0:15:03,0:51:45,0:36:43,485,female 45-49,ARE,1430,sportstats
T100 Triathlon World Tour - Dubai,2025-11-15,Sprint Triathlon,25750,Emerald Ladjimi,1:43:44,0:17:36,0:54:46,0:31:22,486,female 25-29,ARE,2063,sportstats
T100 Triathlon World Tour - Dubai,2025-11-15,Sprint Triathlon,25750,Emily Grant,1:43:45,0:17:28,0:51:46,0:34:30,487,female 40-44,ARE,1452,sportstats
T100 Triathlon World Tour - Dubai,2025-11-15,Sprint Triathlon,25750,Daniel Cabral,1:43:52,0:17:03,0:49:43,0:37:06,488,male 40-44,ARE,2040,sportstats
T100 Triathlon World Tour - Dubai,2025-11-15,Sprint Triathlon,25750,Shivam Pattni,1:43:57,0:20:08,0:51:20,0:32:30,489,male 18-24,ARE,1693,sportstats
T100 Triathlon World Tour - Dubai,2025-11-15,Sprint Triathlon,25750,Khalid Belhaj,1:44:00,0:18:07,0:55:14,0:30:40,490,male 45-49,ARE,2119,sportstats
T100 Triathlon World Tour - Dubai,2025-11-15,Sprint Triathlon,25750,Naia Rico,1:44:04,0:16:34,0:51:48,0:35:42,491,female 40-44,ARE,1823,sportstats
T100 Triathlon World Tour - Dubai,2025-11-15,Sprint Triathlon,25750,Hiroki Nagatomo,1:44:11,0:19:18,0:49:55,0:34:57,492,male 35-39,ARE,1379,sportstats
T100 Triathlon World Tour - Dubai,2025-11-15,Sprint Triathlon,25750,Mikele Ugarte,1:44:17,0:16:03,0:52:32,0:35:41,493,female 40-44,ARE,1650,sportstats
T100 Triathlon World Tour - Dubai,2025-11-15,Sprint Triathlon,25750,Ramzi Taybah,1:44:23,0:25:20,0:47:15,0:31:48,494,male 30-34,ARE,1289,sportstats
T100 Triathlon World Tour - Dubai,2025-11-15,Sprint Triathlon,25750,Nicole Kass,1:44:30,0:15:03,0:50:48,0:38:39,495,female 25-29,ARE,1800,sportstats
T100 Triathlon World Tour - Dubai,2025-11-15,Sprint Triathlon,25750,Tarik Sofian Tory,1:44:37,0:18:44,0:52:36,0:33:17,496,male 30-34,ARE,1847,sportstats
T100 Triathlon World Tour - Dubai,2025-11-15,Sprint Triathlon,25750,Kara Bello,1:44:41,0:22:35,0:51:26,0:30:39,497,female 35-39,ARE,2053,sportstats
T100 Triathlon World Tour - Dubai,2025-11-15,Sprint Triathlon,25750,Nicola Harris,1:44:50,0:16:55,0:54:20,0:33:35,498,female 45-49,ARE,1809,sportstats
T100 Triathlon World Tour - Dubai,2025-11-15,Sprint Triathlon,25750,Anastasiia Stupina,1:44:51,0:16:40,0:53:05,0:35:06,499,female 35-39,ARE,1112,sportstats
T100 Triathlon World Tour - Dubai,2025-11-15,Sprint Triathlon,25750,Valbona Shehaj,1:44:55,0:18:04,0:55:42,0:31:09,500,female 30-34,ARE,1645,sportstats
T100 Triathlon World Tour - Dubai,2025-11-15,Sprint Triathlon,25750,Gustavo Stein,1:44:57,0:23:17,0:49:06,0:32:34,501,male 35-39,ARE,1926,sportstats
T100 Triathlon World Tour - Dubai,2025-11-15,Sprint Triathlon,25750,Andrew Charles Adams,1:44:59,0:18:41,0:50:28,0:35:49,502,male 55-59,GBR,1311,sportstats
T100 Triathlon World Tour - Dubai,2025-11-15,Sprint Triathlon,25750,Joanne Horton,1:45:00,0:17:01,0:49:09,0:38:51,503,female 40-44,ARE,2067,sportstats
T100 Triathlon World Tour - Dubai,2025-11-15,Sprint Triathlon,25750,Alexandra Hubbard,1:45:13,0:19:07,0:54:00,0:32:06,504,female 30-34,ARE,2054,sportstats
T100 Triathlon World Tour - Dubai,2025-11-15,Sprint Triathlon,25750,Mohsin Al Salim,1:45:15,0:20:39,0:49:50,0:34:46,505,male 35-39,SAU,2027,sportstats
T100 Triathlon World Tour - Dubai,2025-11-15,Sprint Triathlon,25750,Brendan Gow,1:45:24,0:15:03,0:49:39,0:40:42,506,male 35-39,ARE,1667,sportstats
T100 Triathlon World Tour - Dubai,2025-11-15,Sprint Triathlon,25750,Duarte Cordeiro,1:45:33,0:17:38,0:50:35,0:37:19,507,male 50-54,ARE,1852,sportstats
T100 Triathlon World Tour - Dubai,2025-11-15,Sprint Triathlon,25750,Artem Rylnikov,1:45:36,0:22:28,0:48:56,0:34:12,508,male 35-39,ARE,1573,sportstats
T100 Triathlon World Tour - Dubai,2025-11-15,Sprint Triathlon,25750,Jasmine Lum,1:45:38,0:18:52,0:51:01,0:35:44,509,female 30-34,SGP,1960,sportstats
T100 Triathlon World Tour - Dubai,2025-11-15,Sprint Triathlon,25750,Bruno Wiley,1:45:39,0:16:52,0:49:04,0:39:43,510,male 50-54,ARE,1905,sportstats
T100 Triathlon World Tour - Dubai,2025-11-15,Sprint Triathlon,25750,Alannah Crowley,1:45:45,0:14:23,0:59:26,0:31:56,511,female 25-29,ARE,1420,sportstats
T100 Triathlon World Tour - Dubai,2025-11-15,Sprint Triathlon,25750,Corentin Royer,1:45:48,0:21:55,0:53:39,0:30:15,512,male 25-29,ARE,1782,sportstats
T100 Triathlon World Tour - Dubai,2025-11-15,Sprint Triathlon,25750,Mustafa Catikkas,1:45:52,0:18:43,0:48:12,0:38:56,513,male 40-44,ARE,1768,sportstats
T100 Triathlon World Tour - Dubai,2025-11-15,Sprint Triathlon,25750,Ghady Ghanem,1:45:54,0:23:16,0:48:14,0:34:24,514,male 35-39,ARE,1093,sportstats
T100 Triathlon World Tour - Dubai,2025-11-15,Sprint Triathlon,25750,Callum Neil,1:46:11,0:20:13,0:52:45,0:33:13,515,male 35-39,ARE,1495,sportstats
T100 Triathlon World Tour - Dubai,2025-11-15,Sprint Triathlon,25750,Bryan Sanchez,1:46:17,0:17:12,0:53:31,0:35:34,516,male 30-34,ARE,2118,sportstats
T100 Triathlon World Tour - Dubai,2025-11-15,Sprint Triathlon,25750,Fatma Hafiz,1:46:26,0:18:05,0:49:02,0:39:20,517,female 35-39,SAU,2178,sportstats
T100 Triathlon World Tour - Dubai,2025-11-15,Sprint Triathlon,25750,Amy Jones,1:46:29,0:14:58,0:54:43,0:36:47,518,female 35-39,ARE,1817,sportstats
T100 Triathlon World Tour - Dubai,2025-11-15,Sprint Triathlon,25750,Leena Vesterinen,1:46:30,0:18:31,0:53:13,0:34:45,519,female 45-49,ARE,1717,sportstats
T100 Triathlon World Tour - Dubai,2025-11-15,Sprint Triathlon,25750,Sergej Andronov,1:46:30,0:19:29,0:53:30,0:33:32,520,male 40-44,ARE,2114,sportstats
T100 Triathlon World Tour - Dubai,2025-11-15,Sprint Triathlon,25750,Nicholas Watson,1:46:37,0:19:02,0:55:08,0:32:27,521,male 50-54,ARE,1360,sportstats
T100 Triathlon World Tour - Dubai,2025-11-15,Sprint Triathlon,25750,Dana Baki,1:46:38,0:17:01,1:00:57,0:28:41,522,female 40-44,ARE,1266,sportstats
T100 Triathlon World Tour - Dubai,2025-11-15,Sprint Triathlon,25750,Siddhartha Chakraborty,1:46:46,0:07:42,0:57:08,0:41:56,523,male 40-44,ARE,1910,sportstats
T100 Triathlon World Tour - Dubai,2025-11-15,Sprint Triathlon,25750,Dushyanth Rajeevan,1:46:47,0:15:04,0:52:48,0:38:55,524,male 40-44,ARE,1343,sportstats
T100 Triathlon World Tour - Dubai,2025-11-15,Sprint Triathlon,25750,Elizabeth Villar,1:46:48,0:14:35,0:55:08,0:37:05,525,female 35-39,ARE,1308,sportstats
T100 Triathlon World Tour - Dubai,2025-11-15,Sprint Triathlon,25750,Abdulla Belshalat,1:46:48,0:20:21,0:56:47,0:29:39,526,male 18-24,ARE,2074,sportstats
T100 Triathlon World Tour - Dubai,2025-11-15,Sprint Triathlon,25750,Vassily Yasmine,1:46:53,0:21:30,0:48:31,0:36:51,527,male 25-29,ARE,1313,sportstats
T100 Triathlon World Tour - Dubai,2025-11-15,Sprint Triathlon,25750,Ahmed Tawfik,1:46:55,0:18:18,0:50:05,0:38:32,528,male 35-39,ARE,1864,sportstats
T100 Triathlon World Tour - Dubai,2025-11-15,Sprint Triathlon,25750,Javier Marina,1:46:55,0:16:18,1:01:04,0:29:33,529,male 18-24,ARE,2004,sportstats
T100 Triathlon World Tour - Dubai,2025-11-15,Sprint Triathlon,25750,Thomas Meakin,1:46:57,0:24:18,0:48:25,0:34:13,530,male 40-44,ARE,1489,sportstats
T100 Triathlon World Tour - Dubai,2025-11-15,Sprint Triathlon,25750,Seif Sammakieh,1:47:14,0:16:50,0:53:21,0:37:03,531,male 40-44,ARE,1623,sportstats
T100 Triathlon World Tour - Dubai,2025-11-15,Sprint Triathlon,25750,Albino Fernandes,1:47:14,0:17:19,0:53:08,0:36:48,532,male 50-54,ARE,1777,sportstats
T100 Triathlon World Tour - Dubai,2025-11-15,Sprint Triathlon,25750,Mohamed Reda,1:47:15,0:19:18,0:50:14,0:37:43,533,male 35-39,ARE,1512,sportstats
T100 Triathlon World Tour - Dubai,2025-11-15,Sprint Triathlon,25750,Sarah Kay Pieterse,1:47:22,0:16:26,0:51:59,0:38:57,534,female 35-39,ARE,2058,sportstats
T100 Triathlon World Tour - Dubai,2025-11-15,Sprint Triathlon,25750,Matt Redfearn,1:47:24,0:21:37,0:54:26,0:31:21,535,male 25-29,ARE,1674,sportstats
T100 Triathlon World Tour - Dubai,2025-11-15,Sprint Triathlon,25750,George Rahhal,1:47:35,0:21:14,0:48:54,0:37:27,536,male 35-39,ARE,1737,sportstats
T100 Triathlon World Tour - Dubai,2025-11-15,Sprint Triathlon,25750,Jamal Hussain,1:47:49,0:25:50,0:48:15,0:33:44,537,male 50-54,ARE,2037,sportstats
T100 Triathlon World Tour - Dubai,2025-11-15,Sprint Triathlon,25750,Vicky Gkikopoulou,1:47:50,0:18:24,0:51:02,0:38:24,538,female 50-54,ARE,1822,sportstats
T100 Triathlon World Tour - Dubai,2025-11-15,Sprint Triathlon,25750,Faisal Alatel,1:47:59,0:16:57,0:51:14,0:39:48,539,male 30-34,KWT,1888,sportstats
T100 Triathlon World Tour - Dubai,2025-11-15,Sprint Triathlon,25750,Bjorn Van Der Horst,1:48:03,0:16:17,0:50:18,0:41:29,540,male 50-54,ARE,1402,sportstats
T100 Triathlon World Tour - Dubai,2025-11-15,Sprint Triathlon,25750,Vladimir Iurtaev,1:48:05,0:18:12,0:49:14,0:40:39,541,male 35-39,RUS,1277,sportstats
T100 Triathlon World Tour - Dubai,2025-11-15,Sprint Triathlon,25750,Sleiman Smaili,1:48:11,0:19:06,0:54:13,0:34:52,542,male 50-54,ARE,1271,sportstats
T100 Triathlon World Tour - Dubai,2025-11-15,Sprint Triathlon,25750,Wael Ganem,1:48:13,0:18:59,0:43:13,0:46:01,543,male 50-54,ARE,1534,sportstats
T100 Triathlon World Tour - Dubai,2025-11-15,Sprint Triathlon,25750,Imane Kassouar,1:48:23,0:18:16,0:55:25,0:34:42,544,female 35-39,ARE,2003,sportstats
T100 Triathlon World Tour - Dubai,2025-11-15,Sprint Triathlon,25750,Bruno Devinck,1:48:24,0:17:39,0:39:05,0:51:41,545,male 45-49,ARE,1682,sportstats
T100 Triathlon World Tour - Dubai,2025-11-15,Sprint Triathlon,25750,Bridget Cullen,1:48:25,0:16:12,0:51:13,0:41:00,546,female 40-44,ARE,1184,sportstats
T100 Triathlon World Tour - Dubai,2025-11-15,Sprint Triathlon,25750,Nishish Saxena,1:48:27,0:18:51,0:58:12,0:31:23,547,male 40-44,ARE,2132,sportstats
T100 Triathlon World Tour - Dubai,2025-11-15,Sprint Triathlon,25750,Elizaveta Vasileva,1:48:27,0:16:59,0:52:28,0:39:00,548,female 40-44,ARE,1192,sportstats
T100 Triathlon World Tour - Dubai,2025-11-15,Sprint Triathlon,25750,Iulia Shcherbakova,1:48:29,0:26:31,0:47:37,0:34:21,549,female 18-24,RUS,2127,sportstats
T100 Triathlon World Tour - Dubai,2025-11-15,Sprint Triathlon,25750,Ashrafunissa Cloete,1:48:33,0:19:07,0:55:09,0:34:17,550,female 30-34,ARE,1692,sportstats
T100 Triathlon World Tour - Dubai,2025-11-15,Sprint Triathlon,25750,Ahmed Alsuwaidi,1:48:35,0:30:05,0:42:50,0:35:40,551,male 25-29,ARE,2116,sportstats
T100 Triathlon World Tour - Dubai,2025-11-15,Sprint Triathlon,25750,Dimitrios Kalapotharakos,1:48:39,0:15:51,0:51:42,0:41:05,552,male 45-49,GRC,1760,sportstats
T100 Triathlon World Tour - Dubai,2025-11-15,Sprint Triathlon,25750,Henriette Maravilla,1:48:43,0:16:47,0:50:54,0:41:03,553,female 35-39,ARE,1649,sportstats
T100 Triathlon World Tour - Dubai,2025-11-15,Sprint Triathlon,25750,Abdullah Alsuwaidi,1:48:47,0:18:57,0:54:31,0:35:19,554,male 18-24,ARE,1614,sportstats
T100 Triathlon World Tour - Dubai,2025-11-15,Sprint Triathlon,25750,Ciaran Dixon,1:49:00,0:19:49,0:54:42,0:34:29,555,male 40-44,ARE,1001,sportstats
T100 Triathlon World Tour - Dubai,2025-11-15,Sprint Triathlon,25750,Lauren Blackwell,1:49:03,0:14:58,0:56:50,0:37:14,556,female 30-34,ARE,1794,sportstats
T100 Triathlon World Tour - Dubai,2025-11-15,Sprint Triathlon,25750,Sonia Haboub,1:49:03,0:24:36,0:55:22,0:29:05,557,female 30-34,ARE,2164,sportstats
T100 Triathlon World Tour - Dubai,2025-11-15,Sprint Triathlon,25750,Hasan Behram Sarialioglu,1:49:21,0:13:48,0:56:54,0:38:39,558,male 35-39,ARE,1761,sportstats
T100 Triathlon World Tour - Dubai,2025-11-15,Sprint Triathlon,25750,Abdurahman Medallah,1:49:23,0:17:30,0:49:33,0:42:20,559,male 40-44,SAU,2161,sportstats
T100 Triathlon World Tour - Dubai,2025-11-15,Sprint Triathlon,25750,Stefanos Constantinides,1:49:25,0:19:59,0:54:15,0:35:12,560,male 30-34,ARE,1486,sportstats
T100 Triathlon World Tour - Dubai,2025-11-15,Sprint Triathlon,25750,Tales Coelho,1:49:26,0:21:47,0:55:27,0:32:12,561,male 40-44,ARE,1706,sportstats
T100 Triathlon World Tour - Dubai,2025-11-15,Sprint Triathlon,25750,Althea Merced Clamohoy,1:49:29,0:21:06,0:53:20,0:35:03,562,female 35-39,ARE,1710,sportstats
T100 Triathlon World Tour - Dubai,2025-11-15,Sprint Triathlon,25750,Nick Darlington,1:49:32,0:17:37,0:51:49,0:40:07,563,male 40-44,ARE,1295,sportstats
T100 Triathlon World Tour - Dubai,2025-11-15,Sprint Triathlon,25750,Saleh Lootah,1:49:34,0:20:17,0:54:26,0:34:51,564,male 25-29,ARE,1638,sportstats
T100 Triathlon World Tour - Dubai,2025-11-15,Sprint Triathlon,25750,Kseniia Poltavskaia,1:49:37,0:15:35,1:00:05,0:33:57,565,female 40-44,RUS,1812,sportstats
T100 Triathlon World Tour - Dubai,2025-11-15,Sprint Triathlon,25750,Kate Taylor,1:49:38,0:20:58,0:52:02,0:36:38,566,female 55-59,PRT,1981,sportstats
T100 Triathlon World Tour - Dubai,2025-11-15,Sprint Triathlon,25750,Ksenia Martynova,1:49:46,0:19:29,0:55:30,0:34:47,567,female 35-39,QAT,1433,sportstats
T100 Triathlon World Tour - Dubai,2025-11-15,Sprint Triathlon,25750,Juliette Desnos,1:50:12,0:21:08,0:50:59,0:38:06,568,female 30-34,ARE,1793,sportstats
T100 Triathlon World Tour - Dubai,2025-11-15,Sprint Triathlon,25750,Thalyta Alves De Oliveira,1:50:15,0:17:41,0:59:49,0:32:45,569,female 35-39,ARE,1718,sportstats
T100 Triathlon World Tour - Dubai,2025-11-15,Sprint Triathlon,25750,Katarzyna Gawinska,1:50:15,0:18:29,0:56:38,0:35:08,570,female 40-44,POL,1971,sportstats
T100 Triathlon World Tour - Dubai,2025-11-15,Sprint Triathlon,25750,Nancy Collins Ryan,1:50:21,0:16:44,0:57:20,0:36:17,571,female 45-49,ARE,1100,sportstats
T100 Triathlon World Tour - Dubai,2025-11-15,Sprint Triathlon,25750,Faye Ann Paz,1:50:22,0:21:02,0:56:53,0:32:27,572,female 40-44,ARE,1711,sportstats
T100 Triathlon World Tour - Dubai,2025-11-15,Sprint Triathlon,25750,James Savagar,1:50:25,0:21:41,0:53:00,0:35:44,573,male 45-49,ARE,1742,sportstats
T100 Triathlon World Tour - Dubai,2025-11-15,Sprint Triathlon,25750,Sanghwan Moon,1:50:28,0:23:57,0:56:31,0:30:00,574,male 45-49,ARE,1785,sportstats
T100 Triathlon World Tour - Dubai,2025-11-15,Sprint Triathlon,25750,Maher Mouminah,1:50:36,0:19:00,0:59:34,0:32:01,575,male 40-44,SAU,1102,sportstats
T100 Triathlon World Tour - Dubai,2025-11-15,Sprint Triathlon,25750,Kenneth Ornales,1:50:40,0:22:01,0:53:57,0:34:42,576,male 35-39,ARE,1333,sportstats
T100 Triathlon World Tour - Dubai,2025-11-15,Sprint Triathlon,25750,Mary-Alison Irvine,1:50:45,0:18:19,0:54:48,0:37:38,577,female 40-44,ARE,1419,sportstats
T100 Triathlon World Tour - Dubai,2025-11-15,Sprint Triathlon,25750,Camilie Quiaoit,1:50:47,0:20:08,0:53:49,0:36:50,578,female 30-34,ARE,1820,sportstats
T100 Triathlon World Tour - Dubai,2025-11-15,Sprint Triathlon,25750,Aimee Warren,1:50:47,0:17:24,0:51:50,0:41:33,579,female 40-44,ARE,1208,sportstats
T100 Triathlon World Tour - Dubai,2025-11-15,Sprint Triathlon,25750,Sarah Webber,1:50:47,0:15:22,0:58:09,0:37:16,580,female 30-34,ARE,1434,sportstats
T100 Triathlon World Tour - Dubai,2025-11-15,Sprint Triathlon,25750,Manuga Jayawardena,1:50:48,0:19:29,0:47:33,0:43:45,581,male 18-24,LKA,2192,sportstats
T100 Triathlon World Tour - Dubai,2025-11-15,Sprint Triathlon,25750,Yvette Barrett,1:50:58,0:17:49,0:51:12,0:41:57,582,female 40-44,ARE,1527,sportstats
T100 Triathlon World Tour - Dubai,2025-11-15,Sprint Triathlon,25750,Francisca Munoz Chamy,1:51:03,0:19:43,0:55:19,0:36:00,583,female 35-39,ARE,1969,sportstats
T100 Triathlon World Tour - Dubai,2025-11-15,Sprint Triathlon,25750,Orlaith Karia,1:51:03,0:18:46,0:58:36,0:33:41,584,female 30-34,ARE,1481,sportstats
T100 Triathlon World Tour - Dubai,2025-11-15,Sprint Triathlon,25750,Alexandros Kosmas,1:51:12,0:21:24,0:57:23,0:32:24,585,male 50-54,ARE,1832,sportstats
T100 Triathlon World Tour - Dubai,2025-11-15,Sprint Triathlon,25750,Joanne Yan,1:51:31,0:17:34,0:52:50,0:41:07,586,no age,SGP,2000,sportstats
T100 Triathlon World Tour - Dubai,2025-11-15,Sprint Triathlon,25750,Karim Yousry,1:51:38,0:17:18,0:54:34,0:39:47,587,male 35-39,ARE,1845,sportstats
T100 Triathlon World Tour - Dubai,2025-11-15,Sprint Triathlon,25750,2163 Al-Suwaidi,1:51:41,0:21:07,0:54:10,0:36:24,588,male 25-29,ARE,2163,sportstats
T100 Triathlon World Tour - Dubai,2025-11-15,Sprint Triathlon,25750,Saeed Mohammed,1:51:45,0:21:01,0:54:30,0:36:14,589,female 35-39,ARE,1545,sportstats
T100 Triathlon World Tour - Dubai,2025-11-15,Sprint Triathlon,25750,Chantel Matheson,1:51:45,0:15:15,0:55:30,0:41:00,590,female 35-39,ARE,1958,sportstats
T100 Triathlon World Tour - Dubai,2025-11-15,Sprint Triathlon,25750,Hikmat Dardari,1:51:49,0:20:51,0:57:38,0:33:20,591,male 25-29,ARE,1758,sportstats
T100 Triathlon World Tour - Dubai,2025-11-15,Sprint Triathlon,25750,Susan Sagal,1:51:49,0:19:40,0:56:08,0:36:01,592,female 60-64,ARE,1307,sportstats
T100 Triathlon World Tour - Dubai,2025-11-15,Sprint Triathlon,25750,Henry Salvador,1:51:51,0:26:22,0:49:23,0:36:06,593,male 50-54,ARE,1542,sportstats
T100 Triathlon World Tour - Dubai,2025-11-15,Sprint Triathlon,25750,Lisa Carreau,1:52:02,0:17:02,0:55:52,0:39:08,594,female 35-39,ARE,1205,sportstats
T100 Triathlon World Tour - Dubai,2025-11-15,Sprint Triathlon,25750,Alhamza Alsadr,1:52:05,0:25:09,0:54:09,0:32:46,595,male 30-34,ARE,1580,sportstats
T100 Triathlon World Tour - Dubai,2025-11-15,Sprint Triathlon,25750,Stephen Edwards,1:52:14,0:18:58,0:50:57,0:42:18,596,male 30-34,ARE,1558,sportstats
T100 Triathlon World Tour - Dubai,2025-11-15,Sprint Triathlon,25750,Joanne Coles,1:52:15,0:21:11,0:52:20,0:38:45,597,female 60-64,ARE,1485,sportstats
T100 Triathlon World Tour - Dubai,2025-11-15,Sprint Triathlon,25750,Abdelkader El-Chgar,1:52:16,0:16:37,1:04:48,0:30:50,598,male 50-54,ARE,1362,sportstats
T100 Triathlon World Tour - Dubai,2025-11-15,Sprint Triathlon,25750,Paz Maldonado,1:52:16,0:20:36,0:58:33,0:33:08,599,female 35-39,ARE,1797,sportstats
T100 Triathlon World Tour - Dubai,2025-11-15,Sprint Triathlon,25750,Joanne Schofield,1:52:27,0:17:50,0:55:53,0:38:44,600,female 40-44,ARE,1936,sportstats
T100 Triathlon World Tour - Dubai,2025-11-15,Sprint Triathlon,25750,Majed Alshamsi,1:52:33,0:20:03,0:49:04,0:43:26,601,male 40-44,ARE,1699,sportstats
T100 Triathlon World Tour - Dubai,2025-11-15,Sprint Triathlon,25750,Taran Uppal,1:52:37,0:27:11,0:52:24,0:33:03,602,male 35-39,ARE,1716,sportstats
T100 Triathlon World Tour - Dubai,2025-11-15,Sprint Triathlon,25750,Anna Melnova,1:52:43,0:24:14,0:51:10,0:37:19,603,female 35-39,RUS,1641,sportstats
T100 Triathlon World Tour - Dubai,2025-11-15,Sprint Triathlon,25750,Youngchi Lee,1:52:43,0:17:12,0:55:32,0:40:00,604,female 45-49,ARE,1770,sportstats
T100 Triathlon World Tour - Dubai,2025-11-15,Sprint Triathlon,25750,Mack Nonxuba,1:52:46,0:23:26,0:49:42,0:39:39,605,male 50-54,ARE,1563,sportstats
T100 Triathlon World Tour - Dubai,2025-11-15,Sprint Triathlon,25750,Vladimir Sukhodoev,1:53:03,0:15:02,0:53:30,0:44:31,606,male 35-39,ARE,1569,sportstats
T100 Triathlon World Tour - Dubai,2025-11-15,Sprint Triathlon,25750,Jens Hoppe,1:53:05,0:14:17,0:50:42,0:48:05,607,male 50-54,CHE,1170,sportstats
T100 Triathlon World Tour - Dubai,2025-11-15,Sprint Triathlon,25750,Kathryn Sheppard,1:53:09,0:18:53,0:59:21,0:34:54,608,female 35-39,ARE,1482,sportstats
T100 Triathlon World Tour - Dubai,2025-11-15,Sprint Triathlon,25750,Michael Christopher Bautista,1:53:09,0:18:11,0:51:51,0:43:07,609,male 35-39,ARE,1928,sportstats
T100 Triathlon World Tour - Dubai,2025-11-15,Sprint Triathlon,25750,Tala Bakhsh,1:53:11,0:16:43,1:01:37,0:34:51,610,female 30-34,SAU,1306,sportstats
T100 Triathlon World Tour - Dubai,2025-11-15,Sprint Triathlon,25750,Ibrahim Naji,1:53:14,0:23:59,0:54:20,0:34:56,611,male 45-49,ARE,1321,sportstats
T100 Triathlon World Tour - Dubai,2025-11-15,Sprint Triathlon,25750,Julie Hansen,1:53:25,0:25:19,0:54:49,0:33:17,612,female 55-59,GBR,2062,sportstats
T100 Triathlon World Tour - Dubai,2025-11-15,Sprint Triathlon,25750,Abdullah Almutairi,1:53:26,0:20:27,0:55:38,0:37:21,613,male 18-24,SAU,1404,sportstats
T100 Triathlon World Tour - Dubai,2025-11-15,Sprint Triathlon,25750,Sandra Hage,1:53:34,0:18:16,0:55:26,0:39:52,614,female 40-44,ARE,1677,sportstats
T100 Triathlon World Tour - Dubai,2025-11-15,Sprint Triathlon,25750,Jean Baptiste Plagne,1:53:35,0:19:13,0:51:18,0:43:04,615,male 45-49,ARE,1878,sportstats
T100 Triathlon World Tour - Dubai,2025-11-15,Sprint Triathlon,25750,Khaled Abdelgawad,1:53:40,0:20:24,0:53:52,0:39:25,616,male 35-39,ARE,1496,sportstats
T100 Triathlon World Tour - Dubai,2025-11-15,Sprint Triathlon,25750,Mauricio Yanez Touzet,1:53:42,0:17:13,0:56:55,0:39:34,617,male 25-29,ARE,1575,sportstats
T100 Triathlon World Tour - Dubai,2025-11-15,Sprint Triathlon,25750,Marlyn Armamento,1:53:48,0:19:35,0:51:32,0:42:41,618,female 30-34,ARE,1651,sportstats
T100 Triathlon World Tour - Dubai,2025-11-15,Sprint Triathlon,25750,Divine Badilla,1:53:54,0:23:56,0:55:43,0:34:15,619,male 40-44,ARE,2135,sportstats
T100 Triathlon World Tour - Dubai,2025-11-15,Sprint Triathlon,25750,Ana Robertson,1:53:59,0:18:53,0:57:00,0:38:06,620,female 50-54,ARE,1415,sportstats
T100 Triathlon World Tour - Dubai,2025-11-15,Sprint Triathlon,25750,Florent Talidec,1:54:07,0:17:14,0:55:32,0:41:21,621,male 40-44,ARE,2030,sportstats
T100 Triathlon World Tour - Dubai,2025-11-15,Sprint Triathlon,25750,Paula Benzal,1:54:11,0:19:59,0:58:10,0:36:01,622,female 25-29,ESP,1992,sportstats
T100 Triathlon World Tour - Dubai,2025-11-15,Sprint Triathlon,25750,Magdalena Jaworska-Baranowska,1:54:14,0:17:52,0:57:23,0:38:59,623,female 40-44,POL,2101,sportstats
T100 Triathlon World Tour - Dubai,2025-11-15,Sprint Triathlon,25750,Michael Serebryanikov,1:54:18,0:14:49,0:52:01,0:47:28,624,male 50-54,ARE,1411,sportstats
T100 Triathlon World Tour - Dubai,2025-11-15,Sprint Triathlon,25750,Laith Dawood,1:54:20,0:14:56,1:04:13,0:35:11,625,male 30-34,ARE,2138,sportstats
T100 Triathlon World Tour - Dubai,2025-11-15,Sprint Triathlon,25750,Joanna Ramsey,1:54:20,0:17:26,1:00:40,0:36:15,626,female 30-34,ARE,1815,sportstats
T100 Triathlon World Tour - Dubai,2025-11-15,Sprint Triathlon,25750,Daniel Havekes,1:54:23,0:15:26,0:57:21,0:41:37,627,male 40-44,ARE,1285,sportstats
T100 Triathlon World Tour - Dubai,2025-11-15,Sprint Triathlon,25750,Emilia Oprea,1:54:32,0:23:03,0:57:49,0:33:40,628,female 30-34,ARE,1955,sportstats
T100 Triathlon World Tour - Dubai,2025-11-15,Sprint Triathlon,25750,Sumati Menda,1:54:34,0:17:10,0:58:25,0:38:59,629,female 40-44,ARE,1318,sportstats
T100 Triathlon World Tour - Dubai,2025-11-15,Sprint Triathlon,25750,Sarah Barber,1:54:36,0:22:39,0:51:19,0:40:39,630,female 40-44,ARE,2022,sportstats
T100 Triathlon World Tour - Dubai,2025-11-15,Sprint Triathlon,25750,Dianna Fernandez,1:54:48,0:23:03,0:52:14,0:39:31,631,female 40-44,ARE,1514,sportstats
T100 Triathlon World Tour - Dubai,2025-11-15,Sprint Triathlon,25750,Maricel Acot Acot,1:54:59,0:23:45,0:56:33,0:34:41,632,female 40-44,ARE,1429,sportstats
T100 Triathlon World Tour - Dubai,2025-11-15,Sprint Triathlon,25750,Gregory Yasmine,1:55:00,0:21:35,1:03:33,0:29:51,633,male 18-24,ARE,1380,sportstats
T100 Triathlon World Tour - Dubai,2025-11-15,Sprint Triathlon,25750,Fatima Asprec,1:55:04,0:21:51,0:51:08,0:42:06,634,female 25-29,ARE,1107,sportstats
T100 Triathlon World Tour - Dubai,2025-11-15,Sprint Triathlon,25750,Abdulrahman Makkawi,1:55:25,0:23:59,0:54:52,0:36:34,635,male 35-39,ARE,2007,sportstats
T100 Triathlon World Tour - Dubai,2025-11-15,Sprint Triathlon,25750,Andrew Dennant,1:55:39,0:22:35,0:47:53,0:45:11,636,male 50-54,ARE,2953,sportstats
T100 Triathlon World Tour - Dubai,2025-11-15,Sprint Triathlon,25750,Carlos Castro,1:55:49,0:22:59,0:56:35,0:36:16,637,male 50-54,ARE,1876,sportstats
T100 Triathlon World Tour - Dubai,2025-11-15,Sprint Triathlon,25750,Paris Morgan,1:55:51,0:19:24,0:55:58,0:40:30,638,female 30-34,ARE,1790,sportstats
T100 Triathlon World Tour - Dubai,2025-11-15,Sprint Triathlon,25750,Angelique Geyer,1:55:59,0:14:42,1:01:08,0:40:09,639,female 35-39,ARE,1421,sportstats
T100 Triathlon World Tour - Dubai,2025-11-15,Sprint Triathlon,25750,Cristiana Jurgensen,1:56:04,0:18:35,0:59:57,0:37:33,640,female 50-54,USA,1707,sportstats
T100 Triathlon World Tour - Dubai,2025-11-15,Sprint Triathlon,25750,Tarek Sakka,1:56:05,0:18:23,0:54:29,0:43:13,641,male 55-59,ARE,1600,sportstats
T100 Triathlon World Tour - Dubai,2025-11-15,Sprint Triathlon,25750,Jocelyne Bacud,1:56:12,0:27:49,0:53:43,0:34:40,642,female 35-39,ARE,1949,sportstats
T100 Triathlon World Tour - Dubai,2025-11-15,Sprint Triathlon,25750,Maricel Esposo,1:56:20,0:16:10,0:54:59,0:45:11,643,female 40-44,ARE,1449,sportstats
T100 Triathlon World Tour - Dubai,2025-11-15,Sprint Triathlon,25750,Cartia Mazzoni,1:56:29,0:20:57,0:56:23,0:39:10,644,female 35-39,ARE,1970,sportstats
T100 Triathlon World Tour - Dubai,2025-11-15,Sprint Triathlon,25750,Maria Doumit,1:56:45,0:18:57,1:00:27,0:37:21,645,female 18-24,ARE,2133,sportstats
T100 Triathlon World Tour - Dubai,2025-11-15,Sprint Triathlon,25750,Farah Alabdullah,1:56:45,0:21:44,0:54:12,0:40:49,646,female 30-34,KWT,2057,sportstats
T100 Triathlon World Tour - Dubai,2025-11-15,Sprint Triathlon,25750,Daniel Bowers,1:56:51,0:25:20,1:00:05,0:31:26,647,male 30-34,ARE,1672,sportstats
T100 Triathlon World Tour - Dubai,2025-11-15,Sprint Triathlon,25750,Saptarshi Bandopadhyay,1:56:52,0:20:59,0:59:37,0:36:16,648,male 40-44,ARE,1889,sportstats
T100 Triathlon World Tour - Dubai,2025-11-15,Sprint Triathlon,25750,John Paul,1:57:13,0:16:02,1:01:54,0:39:16,649,male 55-59,ARE,2043,sportstats
T100 Triathlon World Tour - Dubai,2025-11-15,Sprint Triathlon,25750,Elle-May Searle,1:57:13,0:19:33,0:59:01,0:38:38,650,female 25-29,ARE,1954,sportstats
T100 Triathlon World Tour - Dubai,2025-11-15,Sprint Triathlon,25750,Monika Kalowska,1:57:27,0:18:10,0:46:15,0:53:02,651,female 40-44,ARE,2020,sportstats
T100 Triathlon World Tour - Dubai,2025-11-15,Sprint Triathlon,25750,Kai Burger,1:57:27,0:21:29,0:51:51,0:44:07,652,male 55-59,ARE,1590,sportstats
T100 Triathlon World Tour - Dubai,2025-11-15,Sprint Triathlon,25750,Neil Bhattacharya,1:57:27,0:14:02,1:03:15,0:40:10,653,male 18-24,ARE,1063,sportstats
T100 Triathlon World Tour - Dubai,2025-11-15,Sprint Triathlon,25750,Marivic David Macaraeg,1:57:34,0:18:41,0:56:06,0:42:48,654,female 40-44,ARE,1658,sportstats
T100 Triathlon World Tour - Dubai,2025-11-15,Sprint Triathlon,25750,Ossama Banaja,1:57:38,0:18:33,0:56:47,0:42:18,655,male 40-44,SAU,1874,sportstats
T100 Triathlon World Tour - Dubai,2025-11-15,Sprint Triathlon,25750,Chris Laghoutis,1:57:49,0:15:17,0:54:21,0:48:11,656,male 50-54,ARE,1892,sportstats
T100 Triathlon World Tour - Dubai,2025-11-15,Sprint Triathlon,25750,Kevin Zoleyn,1:57:56,0:19:59,0:59:47,0:38:10,657,male 25-29,ARE,2174,sportstats
T100 Triathlon World Tour - Dubai,2025-11-15,Sprint Triathlon,25750,Uraidah Arratia Becker,1:58:01,0:21:21,0:58:36,0:38:04,658,female 35-39,ARE,1941,sportstats
T100 Triathlon World Tour - Dubai,2025-11-15,Sprint Triathlon,25750,Rhea Carandang,1:58:02,0:21:35,0:59:56,0:36:30,659,female 35-39,ARE,1976,sportstats
T100 Triathlon World Tour - Dubai,2025-11-15,Sprint Triathlon,25750,Mariah Virtudazo,1:58:04,0:19:13,0:58:49,0:40:02,660,female 25-29,ARE,1714,sportstats
T100 Triathlon World Tour - Dubai,2025-11-15,Sprint Triathlon,25750,Maria Paz Torres,1:58:09,0:21:11,1:01:27,0:35:30,661,female 40-44,ARE,1983,sportstats
T100 Triathlon World Tour - Dubai,2025-11-15,Sprint Triathlon,25750,Anastassiya Siner,1:58:11,0:22:21,0:56:44,0:39:05,662,female 40-44,ARE,1518,sportstats
T100 Triathlon World Tour - Dubai,2025-11-15,Sprint Triathlon,25750,Rafaela Barreiro,1:58:13,0:19:36,0:56:53,0:41:44,663,female 25-29,ARE,1678,sportstats
T100 Triathlon World Tour - Dubai,2025-11-15,Sprint Triathlon,25750,Mohammed Fayad,1:58:18,0:16:37,1:00:17,0:41:25,664,male 40-44,ARE,1964,sportstats
T100 Triathlon World Tour - Dubai,2025-11-15,Sprint Triathlon,25750,Abdullah Jawzi,1:58:24,0:23:38,0:53:00,0:41:46,665,male 25-29,ARE,1886,sportstats
T100 Triathlon World Tour - Dubai,2025-11-15,Sprint Triathlon,25750,Ana Lais Goncalves,1:58:30,0:13:46,1:09:33,0:35:11,666,female 18-24,ARE,1806,sportstats
T100 Triathlon World Tour - Dubai,2025-11-15,Sprint Triathlon,25750,Tyla Moores,1:58:32,0:17:50,0:59:53,0:40:49,667,female 30-34,ARE,1943,sportstats
T100 Triathlon World Tour - Dubai,2025-11-15,Sprint Triathlon,25750,Raphael Carlo Vallado,1:58:57,0:17:24,0:57:58,0:43:35,668,male 35-39,QAT,1861,sportstats
T100 Triathlon World Tour - Dubai,2025-11-15,Sprint Triathlon,25750,Dinarti Paramita,1:59:01,0:23:15,0:58:49,0:36:57,669,female 40-44,ARE,1995,sportstats
T100 Triathlon World Tour - Dubai,2025-11-15,Sprint Triathlon,25750,Michelle Enslin,1:59:02,0:17:44,0:58:26,0:42:52,670,female 35-39,ARE,1830,sportstats
T100 Triathlon World Tour - Dubai,2025-11-15,Sprint Triathlon,25750,Hugues Besnier,1:59:06,0:19:15,1:04:55,0:34:56,671,male 50-54,ARE,2008,sportstats
T100 Triathlon World Tour - Dubai,2025-11-15,Sprint Triathlon,25750,Kay Moran,1:59:09,0:22:02,0:56:22,0:40:44,672,female 35-39,ARE,1838,sportstats
T100 Triathlon World Tour - Dubai,2025-11-15,Sprint Triathlon,25750,Nicolas Abdelmassih,1:59:09,0:24:55,0:48:42,0:45:32,673,male 45-49,USA,1599,sportstats
T100 Triathlon World Tour - Dubai,2025-11-15,Sprint Triathlon,25750,Dushyanti Zainal Abidin,1:59:10,0:17:36,0:53:04,0:48:30,674,female 40-44,SGP,1317,sportstats
T100 Triathlon World Tour - Dubai,2025-11-15,Sprint Triathlon,25750,Ronak Shah,1:59:41,0:26:28,0:52:15,0:40:58,675,male 35-39,ARE,2172,sportstats
T100 Triathlon World Tour - Dubai,2025-11-15,Sprint Triathlon,25750,Nicola Commons,1:59:49,0:14:48,0:57:14,0:47:46,676,female 35-39,ARE,1437,sportstats
T100 Triathlon World Tour - Dubai,2025-11-15,Sprint Triathlon,25750,Nikolay Belorusov,1:59:51,0:18:01,1:07:04,0:34:46,677,male 30-34,SAU,1683,sportstats
T100 Triathlon World Tour - Dubai,2025-11-15,Sprint Triathlon,25750,Valentina Watt,2:00:08,0:21:32,1:01:01,0:37:34,678,female 40-44,QAT,1792,sportstats
T100 Triathlon World Tour - Dubai,2025-11-15,Sprint Triathlon,25750,Rolf Janke,2:00:11,0:21:37,0:51:33,0:47:00,679,male 70-74,ARE,1882,sportstats
T100 Triathlon World Tour - Dubai,2025-11-15,Sprint Triathlon,25750,Sebastian Fuchs,2:00:23,0:20:18,1:01:50,0:38:15,680,male 45-49,ARE,1743,sportstats
T100 Triathlon World Tour - Dubai,2025-11-15,Sprint Triathlon,25750,Daniela Moro,2:00:28,0:20:22,1:02:15,0:37:50,681,female 40-44,ARE,1975,sportstats
T100 Triathlon World Tour - Dubai,2025-11-15,Sprint Triathlon,25750,Katherine Anne Ayento,2:00:40,0:17:24,0:58:09,0:45:06,682,female 25-29,QAT,1967,sportstats
T100 Triathlon World Tour - Dubai,2025-11-15,Sprint Triathlon,25750,Onyinyechi Emuwa,2:00:50,0:20:22,1:00:04,0:40:23,683,female 30-34,ARE,1962,sportstats
T100 Triathlon World Tour - Dubai,2025-11-15,Sprint Triathlon,25750,Jana Azar,2:00:55,0:20:30,1:00:46,0:39:39,684,female 40-44,ARE,1517,sportstats
T100 Triathlon World Tour - Dubai,2025-11-15,Sprint Triathlon,25750,Christine Ann Novabos,2:01:13,0:19:41,0:58:50,0:42:42,685,female 30-34,ARE,1801,sportstats
T100 Triathlon World Tour - Dubai,2025-11-15,Sprint Triathlon,25750,Rebecca Way,2:01:21,0:16:44,0:56:42,0:47:54,686,female 25-29,ARE,1833,sportstats
T100 Triathlon World Tour - Dubai,2025-11-15,Sprint Triathlon,25750,Hoi Ki Eva Lau,2:01:25,0:24:24,0:56:04,0:40:57,687,female 40-44,ARE,1661,sportstats
T100 Triathlon World Tour - Dubai,2025-11-15,Sprint Triathlon,25750,Yousif Alkhafaji,2:01:25,0:22:52,1:02:18,0:36:15,688,male 25-29,ARE,1350,sportstats
T100 Triathlon World Tour - Dubai,2025-11-15,Sprint Triathlon,25750,Kim Crossley,2:01:28,0:19:38,0:54:12,0:47:38,689,male 65-69,ARE,2006,sportstats
T100 Triathlon World Tour - Dubai,2025-11-15,Sprint Triathlon,25750,Ozhan Davasligil,2:01:31,0:23:20,0:57:47,0:40:24,690,male 40-44,ARE,1918,sportstats
T100 Triathlon World Tour - Dubai,2025-11-15,Sprint Triathlon,25750,Michela Lo Valvo,2:01:38,0:12:34,1:03:49,0:45:15,691,female 18-24,ARE,1804,sportstats
T100 Triathlon World Tour - Dubai,2025-11-15,Sprint Triathlon,25750,Ryan Sprott,2:02:06,0:22:14,0:54:27,0:45:26,692,male 35-39,ARE,1577,sportstats
T100 Triathlon World Tour - Dubai,2025-11-15,Sprint Triathlon,25750,Tasha Sawchuk,2:02:12,0:28:08,0:52:59,0:41:05,693,female 40-44,ARE,1828,sportstats
T100 Triathlon World Tour - Dubai,2025-11-15,Sprint Triathlon,25750,Pacome Waterlot,2:02:18,0:18:24,1:05:10,0:38:44,694,male 35-39,ARE,1904,sportstats
T100 Triathlon World Tour - Dubai,2025-11-15,Sprint Triathlon,25750,Faisal Aljihayem,2:02:36,0:21:51,0:58:19,0:42:26,695,male 45-49,KWT,1503,sportstats
T100 Triathlon World Tour - Dubai,2025-11-15,Sprint Triathlon,25750,Tristan Brouard,2:02:52,0:25:27,0:52:48,0:44:37,696,male 30-34,ARE,1625,sportstats
T100 Triathlon World Tour - Dubai,2025-11-15,Sprint Triathlon,25750,Abdullah Taha,2:02:54,0:22:25,0:57:53,0:42:36,697,male 45-49,SAU,1275,sportstats
T100 Triathlon World Tour - Dubai,2025-11-15,Sprint Triathlon,25750,Yasmine Bensabri,2:03:18,0:21:44,1:02:23,0:39:11,698,female 40-44,ARE,1961,sportstats
T100 Triathlon World Tour - Dubai,2025-11-15,Sprint Triathlon,25750,Rizalyn Nicolas,2:03:23,0:26:28,1:00:31,0:36:24,699,female 50-54,ARE,2155,sportstats
T100 Triathlon World Tour - Dubai,2025-11-15,Sprint Triathlon,25750,Rhys Headley,2:03:45,0:20:02,1:00:35,0:43:07,700,male 35-39,ARE,1721,sportstats
T100 Triathlon World Tour - Dubai,2025-11-15,Sprint Triathlon,25750,Bakhtiyar Rakhmatullayev,2:04:02,0:21:09,1:03:49,0:39:04,701,male 30-34,ARE,1746,sportstats
T100 Triathlon World Tour - Dubai,2025-11-15,Sprint Triathlon,25750,Sally Ibe,2:04:04,0:27:47,0:56:04,0:40:12,702,female 40-44,ARE,1985,sportstats
T100 Triathlon World Tour - Dubai,2025-11-15,Sprint Triathlon,25750,Thomas Garmier,2:04:11,0:21:17,1:07:56,0:34:58,703,male 45-49,ARE,1916,sportstats
T100 Triathlon World Tour - Dubai,2025-11-15,Sprint Triathlon,25750,Lilian Mitchell,2:04:38,0:17:12,1:03:52,0:43:34,704,female 25-29,ARE,1455,sportstats
T100 Triathlon World Tour - Dubai,2025-11-15,Sprint Triathlon,25750,Aaron Haniff,2:04:53,0:26:51,1:03:20,0:34:42,705,male 25-29,ARE,1637,sportstats
T100 Triathlon World Tour - Dubai,2025-11-15,Sprint Triathlon,25750,Anurag Saigal,2:04:54,0:20:30,0:58:42,0:45:42,706,male 50-54,ARE,1633,sportstats
T100 Triathlon World Tour - Dubai,2025-11-15,Sprint Triathlon,25750,Khalifa Jamali,2:04:58,0:24:05,0:57:45,0:43:07,707,male 18-24,ARE,1104,sportstats
T100 Triathlon World Tour - Dubai,2025-11-15,Sprint Triathlon,25750,Dinah Sarmiento,2:05:58,0:24:04,1:02:16,0:39:38,708,female 50-54,ARE,2142,sportstats
T100 Triathlon World Tour - Dubai,2025-11-15,Sprint Triathlon,25750,Stuart Elder,2:06:09,0:15:26,0:59:06,0:51:37,709,male 55-59,ARE,1387,sportstats
T100 Triathlon World Tour - Dubai,2025-11-15,Sprint Triathlon,25750,Ali Farooq,2:06:22,0:19:05,1:01:17,0:46:00,710,male 25-29,BHR,1749,sportstats
T100 Triathlon World Tour - Dubai,2025-11-15,Sprint Triathlon,25750,Hassan Shahid Sheikh,2:06:38,0:27:46,1:09:02,0:29:50,711,male 30-34,ARE,1842,sportstats
T100 Triathlon World Tour - Dubai,2025-11-15,Sprint Triathlon,25750,Islam Atef,2:07:23,0:22:03,1:00:20,0:45:00,712,male 35-39,ARE,2168,sportstats
T100 Triathlon World Tour - Dubai,2025-11-15,Sprint Triathlon,25750,Elena Sias,2:07:29,0:20:31,1:06:51,0:40:07,713,female 40-44,ARE,1657,sportstats
T100 Triathlon World Tour - Dubai,2025-11-15,Sprint Triathlon,25750,Ramzi Sleiman,2:07:30,0:20:29,1:01:49,0:45:11,714,male 40-44,ARE,1533,sportstats
T100 Triathlon World Tour - Dubai,2025-11-15,Sprint Triathlon,25750,Ella Ramos,2:07:32,0:28:01,0:58:13,0:41:17,715,female 25-29,ARE,1966,sportstats
T100 Triathlon World Tour - Dubai,2025-11-15,Sprint Triathlon,25750,Jassim Al-Thani,2:07:32,0:27:08,1:02:05,0:38:20,716,male 18-24,QAT,1504,sportstats
T100 Triathlon World Tour - Dubai,2025-11-15,Sprint Triathlon,25750,Brian Hendy,2:07:40,0:17:08,0:52:46,0:57:46,717,male 60-64,ARE,2115,sportstats
T100 Triathlon World Tour - Dubai,2025-11-15,Sprint Triathlon,25750,Mariam Al Ali,2:07:52,0:19:34,0:59:30,0:48:48,718,female 30-34,ARE,1642,sportstats
T100 Triathlon World Tour - Dubai,2025-11-15,Sprint Triathlon,25750,Aiya Kanafina,2:07:55,0:20:32,1:03:40,0:43:43,719,female 25-29,ARE,1988,sportstats
T100 Triathlon World Tour - Dubai,2025-11-15,Sprint Triathlon,25750,Daniyar Kurishbayev,2:08:02,0:18:33,0:58:03,0:51:26,720,male 35-39,ARE,1565,sportstats
T100 Triathlon World Tour - Dubai,2025-11-15,Sprint Triathlon,25750,Monica Rumbea,2:08:08,0:22:30,1:00:37,0:45:01,721,female 35-39,ARE,2021,sportstats
T100 Triathlon World Tour - Dubai,2025-11-15,Sprint Triathlon,25750,Farah Andrews,2:08:31,0:20:15,1:04:39,0:43:36,722,female 35-39,ARE,1524,sportstats
T100 Triathlon World Tour - Dubai,2025-11-15,Sprint Triathlon,25750,Ailene Gay Perolino,2:09:08,0:18:05,1:13:00,0:38:03,723,female 35-39,ARE,1653,sportstats
T100 Triathlon World Tour - Dubai,2025-11-15,Sprint Triathlon,25750,Shvetank Saxena,2:09:11,0:24:25,0:55:48,0:48:57,724,male 45-49,ARE,1704,sportstats
T100 Triathlon World Tour - Dubai,2025-11-15,Sprint Triathlon,25750,Essam Adam,2:09:29,0:27:03,1:03:01,0:39:24,725,male 55-59,ARE,1367,sportstats
T100 Triathlon World Tour - Dubai,2025-11-15,Sprint Triathlon,25750,Brence Sochayseng,2:09:40,0:21:33,1:01:18,0:46:49,726,female 25-29,ARE,1659,sportstats
T100 Triathlon World Tour - Dubai,2025-11-15,Sprint Triathlon,25750,Aya Adib,2:10:12,0:21:23,1:05:35,0:43:14,727,female 18-24,ARE,1648,sportstats
T100 Triathlon World Tour - Dubai,2025-11-15,Sprint Triathlon,25750,James Capper,2:10:27,0:21:50,1:02:58,0:45:40,728,male 45-49,ARE,1863,sportstats
T100 Triathlon World Tour - Dubai,2025-11-15,Sprint Triathlon,25750,Robert Farrow,2:11:20,0:21:35,1:02:44,0:47:02,729,male 65-69,ARE,1347,sportstats
T100 Triathlon World Tour - Dubai,2025-11-15,Sprint Triathlon,25750,Daniel Hewitt,2:12:09,0:22:21,1:09:42,0:40:06,730,male 35-39,ARE,1375,sportstats
T100 Triathlon World Tour - Dubai,2025-11-15,Sprint Triathlon,25750,Akbar Thumbay,2:12:51,0:19:46,1:06:07,0:46:59,731,male 40-44,ARE,1574,sportstats
T100 Triathlon World Tour - Dubai,2025-11-15,Sprint Triathlon,25750,Benazir Ameer Ali,2:12:56,0:19:52,1:06:12,0:46:52,732,female 35-39,ARE,1708,sportstats
T100 Triathlon World Tour - Dubai,2025-11-15,Sprint Triathlon,25750,Isaac Juan Bosco Adam Rios,2:13:16,0:25:23,1:10:39,0:37:14,733,male 50-54,ARE,1083,sportstats
T100 Triathlon World Tour - Dubai,2025-11-15,Sprint Triathlon,25750,Rajesh Sajnani,2:13:37,0:30:41,0:57:29,0:45:26,734,male 55-59,ARE,1500,sportstats
T100 Triathlon World Tour - Dubai,2025-11-15,Sprint Triathlon,25750,Joy Intal,2:13:43,0:24:13,0:59:35,0:49:55,735,female 40-44,ARE,1819,sportstats
T100 Triathlon World Tour - Dubai,2025-11-15,Sprint Triathlon,25750,Iman Dawoud,2:14:13,0:20:48,1:14:58,0:38:27,736,female 35-39,ARE,1684,sportstats
T100 Triathlon World Tour - Dubai,2025-11-15,Sprint Triathlon,25750,Tanya Sleiman,2:14:14,0:20:47,1:08:39,0:44:48,737,female 45-49,ARE,1952,sportstats
T100 Triathlon World Tour - Dubai,2025-11-15,Sprint Triathlon,25750,Arun Kumar,2:14:27,0:26:36,1:04:48,0:43:03,738,male 60-64,ARE,2130,sportstats
T100 Triathlon World Tour - Dubai,2025-11-15,Sprint Triathlon,25750,Adel Noueihed,2:14:33,0:24:28,1:09:54,0:40:11,739,male 40-44,ARE,1502,sportstats
T100 Triathlon World Tour - Dubai,2025-11-15,Sprint Triathlon,25750,Tarek Ghobar,2:15:16,0:23:43,1:12:59,0:38:34,740,male 40-44,ARE,1870,sportstats
T100 Triathlon World Tour - Dubai,2025-11-15,Sprint Triathlon,25750,Eva Shtreys,2:15:34,0:20:59,1:08:56,0:45:40,741,female 18-24,ARE,2064,sportstats
T100 Triathlon World Tour - Dubai,2025-11-15,Sprint Triathlon,25750,Leonila Rosal,2:15:53,0:19:16,1:17:37,0:39:01,742,female 50-54,ARE,1643,sportstats
T100 Triathlon World Tour - Dubai,2025-11-15,Sprint Triathlon,25750,Atefeh Nowi-Asgarnia,2:16:04,0:24:22,1:12:17,0:39:26,743,female 40-44,ARE,1963,sportstats
T100 Triathlon World Tour - Dubai,2025-11-15,Sprint Triathlon,25750,Abir Aly,2:16:12,0:17:05,1:09:18,0:49:49,744,female 40-44,ARE,2060,sportstats
T100 Triathlon World Tour - Dubai,2025-11-15,Sprint Triathlon,25750,Ahmed Alshamsi,2:17:29,0:53:48,0:56:10,0:27:30,745,male 30-34,ARE,1535,sportstats
T100 Triathlon World Tour - Dubai,2025-11-15,Sprint Triathlon,25750,Penelope Bacchialoni,2:19:05,0:20:54,1:06:14,0:51:56,746,female 70-74,ZAF,2951,sportstats
T100 Triathlon World Tour - Dubai,2025-11-15,Sprint Triathlon,25750,Shaifali Mishra,2:21:00,0:17:55,1:11:14,0:51:51,747,female 40-44,ARE,1986,sportstats
T100 Triathlon World Tour - Dubai,2025-11-15,Sprint Triathlon,25750,Paul Collins,2:22:33,0:24:48,1:04:19,0:53:26,748,male 45-49,ARE,1705,sportstats
T100 Triathlon World Tour - Dubai,2025-11-15,Sprint Triathlon,25750,Alessia Bellon,2:25:43,0:27:41,1:10:23,0:47:38,749,female 40-44,ARE,1516,sportstats
T100 Triathlon World Tour - Dubai,2025-11-15,Sprint Triathlon,25750,Hazem Elzayat,2:26:27,0:18:40,1:28:46,0:39:01,750,male 40-44,ARE,2187,sportstats
T100 Triathlon World Tour - Dubai,2025-11-15,Sprint Triathlon,25750,Aricio Fortes,2:26:36,0:22:43,1:13:49,0:50:04,751,male 40-44,ARE,1351,sportstats
T100 Triathlon World Tour - Dubai,2025-11-15,Sprint Triathlon,25750,Britt Ludvigsen,2:27:37,0:25:05,1:09:47,0:52:45,752,female 55-59,ARE,1712,sportstats
T100 Triathlon World Tour - Dubai,2025-11-15,Sprint Triathlon,25750,Ryan Dean,2:28:27,0:20:15,1:24:30,0:43:42,753,male 25-29,ARE,2010,sportstats
T100 Triathlon World Tour - Dubai,2025-11-15,Sprint Triathlon,25750,Jessica Woolnough,2:28:36,0:18:05,1:26:48,0:43:42,754,female 25-29,ARE,2018,sportstats
T100 Triathlon World Tour - Dubai,2025-11-15,Sprint Triathlon,25750,Hayleigh MacKay,2:30:35,0:20:37,1:07:25,1:02:33,755,female 35-39,ARE,1453,sportstats
T100 Triathlon World Tour - Dubai,2025-11-15,Sprint Triathlon,25750,Tyler Jacobs,2:30:35,0:20:35,1:07:26,1:02:35,756,female 35-39,GBR,1811,sportstats
T100 Triathlon World Tour - Dubai,2025-11-15,Sprint Triathlon,25750,Darryl Jacobs,2:30:51,0:20:53,1:07:24,1:02:34,757,male 70-74,ZAF,2012,sportstats
T100 Triathlon World Tour - Dubai,2025-11-15,Sprint Triathlon,25750,Jana Alanati,2:37:58,0:24:57,1:15:12,0:57:49,758,female 25-29,ARE,1814,sportstats
T100 Triathlon World Tour - Dubai,2025-11-15,Sprint Triathlon,25750,Hazel Mngomezulu,2:45:35,0:25:42,1:08:16,1:11:36,759,female 40-44,ARE,1664,sportstats
T100 Triathlon World Tour - Dubai,2025-11-15,Sprint Triathlon,25750,Sarah Thomas,1:09:24,0:11:15,0:36:45,0:21:25,1134,female 40-44,AUS,2090,sportstats
T100 Triathlon World Tour - Dubai,2025-11-15,Sprint Triathlon,25750,Ayoub Elhamji,1:11:24,0:14:16,0:32:20,0:24:48,1135,male 30-34,ARE,1919,sportstats
T100 Triathlon World Tour - Dubai,2025-11-15,Sprint Triathlon,25750,Tarek Shaar,1:13:34,0:14:25,0:33:40,0:25:29,1136,male 25-29,ARE,2089,sportstats
T100 Triathlon World Tour - Dubai,2025-11-15,Sprint Triathlon,25750,Anna Bavykina,1:15:07,0:17:14,0:31:13,0:26:40,1137,female 35-39,ARE,1435,sportstats
T100 Triathlon World Tour - Dubai,2025-11-15,Sprint Triathlon,25750,Grace Baker,1:17:45,0:11:46,0:35:24,0:30:35,1138,female 25-29,ARE,1194,sportstats
T100 Triathlon World Tour - Dubai,2025-11-15,Sprint Triathlon,25750,Alan Knight,1:17:48,0:15:51,0:30:41,0:31:16,1139,male 40-44,ARE,1669,sportstats
T100 Triathlon World Tour - Dubai,2025-11-15,Sprint Triathlon,25750,Melanie Lopez,1:20:28,0:17:36,0:33:28,0:29:24,1140,female 35-39,ARE,1451,sportstats
T100 Triathlon World Tour - Dubai,2025-11-15,Sprint Triathlon,25750,Jassem Buqamber,1:20:36,0:18:34,0:32:05,0:29:57,1141,male 60-64,KWT,1843,sportstats
T100 Triathlon World Tour - Dubai,2025-11-15,Sprint Triathlon,25750,Gregory Lefebvre,1:20:49,0:16:02,0:36:31,0:28:15,1142,male 40-44,ARE,1826,sportstats
T100 Triathlon World Tour - Dubai,2025-11-15,Sprint Triathlon,25750,Yannick Palacio,1:21:07,0:14:12,0:40:39,0:26:16,1143,male 40-44,ARE,1913,sportstats
T100 Triathlon World Tour - Dubai,2025-11-15,Sprint Triathlon,25750,Eva Kathrin Genovese Delwing,1:22:08,0:16:44,0:33:19,0:32:05,1144,female 60-64,CHE,1245,sportstats
T100 Triathlon World Tour - Dubai,2025-11-15,Sprint Triathlon,25750,Barbara Fenaux,1:22:15,0:20:35,0:33:22,0:28:19,1145,female 40-44,ARE,1668,sportstats
T100 Triathlon World Tour - Dubai,2025-11-15,Sprint Triathlon,25750,Angela Sanchez,1:22:31,0:14:55,0:33:25,0:34:11,1146,female 40-44,ARE,2086,sportstats
T100 Triathlon World Tour - Dubai,2025-11-15,Sprint Triathlon,25750,Jessica Muriu,1:26:00,0:17:17,0:36:36,0:32:07,1147,female 25-29,ARE,1520,sportstats
T100 Triathlon World Tour - Dubai,2025-11-15,Sprint Triathlon,25750,Meryam Alaoui M,1:26:22,0:17:36,0:35:40,0:33:06,1148,female 45-49,ARE,1968,sportstats
T100 Triathlon World Tour - Dubai,2025-11-15,Sprint Triathlon,25750,Omar Khalaf,1:26:33,0:20:29,0:36:28,0:29:36,1149,male 25-29,CAN,1613,sportstats
T100 Triathlon World Tour - Dubai,2025-11-15,Sprint Triathlon,25750,Padraig Kirby,1:29:24,0:21:28,0:39:30,0:28:26,1150,male 30-34,ARE,1491,sportstats
T100 Triathlon World Tour - Dubai,2025-11-15,Sprint Triathlon,25750,Laura Nurse,1:29:49,0:17:41,0:41:57,0:30:10,1151,female 30-34,ARE,1824,sportstats
T100 Triathlon World Tour - Dubai,2025-11-15,Sprint Triathlon,25750,Advait Bhat,1:29:57,0:17:32,0:38:57,0:33:28,1152,male ---18,ARE,1890,sportstats
T100 Triathlon World Tour - Dubai,2025-11-15,Sprint Triathlon,25750,James Bourne,1:30:12,0:16:46,0:34:12,0:39:14,1153,male 50-54,ARE,1413,sportstats
T100 Triathlon World Tour - Dubai,2025-11-15,Sprint Triathlon,25750,Ali Tazi,1:33:15,0:17:17,0:39:19,0:36:39,1154,male 35-39,ARE,1722,sportstats
T100 Triathlon World Tour - Dubai,2025-11-15,Sprint Triathlon,25750,Laura French,1:36:43,0:22:28,0:37:30,0:36:44,1155,female 35-39,ARE,1972,sportstats
T100 Triathlon World Tour - Dubai,2025-11-15,Sprint Triathlon,25750,Ali Irfan,1:38:52,0:23:55,0:38:22,0:36:36,1156,male 40-44,ARE,1585,sportstats
T100 Triathlon World Tour - Dubai,2025-11-15,Sprint Triathlon,25750,Innah Mercader,1:41:36,0:16:38,0:39:46,0:45:12,1157,female 30-34,ARE,1647,sportstats
T100 Triathlon World Tour - Dubai,2025-11-15,Sprint Triathlon,25750,Mujassum Butt,1:41:57,0:19:05,0:47:01,0:35:51,1158,male 45-49,ARE,1555,sportstats
T100 Triathlon World Tour - Dubai,2025-11-15,Sprint Triathlon,25750,Tina Mohsenzadeh,1:43:30,0:23:00,0:52:14,0:28:15,1159,female 30-34,ARE,2136,sportstats
T100 Triathlon World Tour - Dubai,2025-11-15,Sprint Triathlon,25750,Lara Carnevale,1:43:56,,,0:30:38,1160,female 40-44,ESP,2190,sportstats
T100 Triathlon World Tour - Dubai,2025-11-15,Sprint Triathlon,25750,Gaukhar Zhakyp,1:48:56,0:31:42,0:38:58,0:38:16,1161,female 40-44,KAZ,1791,sportstats
T100 Triathlon World Tour - Dubai,2025-11-15,Sprint Triathlon,25750,David Nascimento,1:49:17,0:16:33,0:56:48,0:35:57,1162,male 40-44,ARE,1459,sportstats
T100 Triathlon World Tour - Dubai,2025-11-15,Sprint Triathlon,25750,Ghaith Alfalfa,1:51:27,0:29:58,0:46:42,0:34:47,1163,male 35-39,ARE,1567,sportstats
T100 Triathlon World Tour - Dubai,2025-11-15,Sprint Triathlon,25750,Majed Altamimi,1:52:36,0:23:16,0:43:07,0:46:13,1164,male 25-29,ARE,1365,sportstats
T100 Triathlon World Tour - Dubai,2025-11-15,Sprint Triathlon,25750,Ebadur Rahman,1:53:33,0:33:54,0:49:08,0:30:31,1165,male 30-34,ARE,1501,sportstats
T100 Triathlon World Tour - Dubai,2025-11-15,Sprint Triathlon,25750,Ana Carolina Mason Da Silva,1:54:02,0:17:19,1:03:03,0:33:40,1166,female 35-39,ARE,1713,sportstats
T100 Triathlon World Tour - Dubai,2025-11-15,Sprint Triathlon,25750,Tarik Fadil,1:54:06,0:19:35,1:00:32,0:33:59,1167,male 35-39,ARE,2014,sportstats
T100 Triathlon World Tour - Dubai,2025-11-15,Sprint Triathlon,25750,Prashant Patel,2:03:11,0:16:25,0:59:28,0:47:18,1168,male 45-49,ARE,1499,sportstats
T100 Triathlon World Tour - Dubai,2025-11-15,Sprint Triathlon,25750,Abdulla Balfaqeeh,2:08:42,0:22:20,0:50:53,0:55:30,1169,male 25-29,ARE,2041,sportstats
T100 Triathlon World Tour - Dubai,2025-11-15,Sprint Triathlon,25750,Nada Almarhoon,2:13:11,0:36:19,1:00:02,0:36:50,1170,female 50-54,SAU,1644,sportstats
T100 Triathlon World Tour - Dubai,2025-11-15,Sprint Triathlon,25750,Mayetta Ave,2:14:40,0:22:25,1:11:58,0:40:17,1171,female 35-39,ARE,1942,sportstats
T100 Triathlon World Tour - Dubai,2025-11-15,Sprint Triathlon,25750,Kritika Gupta Nagar,2:17:50,0:38:16,0:51:14,0:48:21,1172,female 35-39,ARE,1662,sportstats
T100 Triathlon World Tour - Dubai,2025-11-15,Sprint Triathlon,25750,Matilde Handal Rabaj,2:18:35,0:21:57,0:56:15,1:00:23,1173,female 25-29,ARE,1441,sportstats
