event_name,event_date,race_name,distance_m,athlete_name,finish_time,swim_time,bike_time,run_time,overall_position,category,country,bib,source
T100 Triathlon World Tour - London,2025-08-09,Age Group,100000,Raoul Metcalfe,3:33:12,0:29:52,1:49:34,1:06:14,1,n25-29,GBR,1108,sportstats
T100 Triathlon World Tour - London,2025-08-09,Age Group,100000,Neil Eddy,3:33:35,0:26:50,1:57:46,1:02:24,2,n35-39,GBR,1092,sportstats
T100 Triathlon World Tour - London,2025-08-09,Age Group,100000,David Higgins,3:36:06,0:29:34,1:53:06,1:06:50,3,n25-29,IRL,1022,sportstats
T100 Triathlon World Tour - London,2025-08-09,Age Group,100000,Alexander Jones,3:36:52,0:28:33,1:55:10,1:05:28,4,n30-34,GBR,1132,sportstats
T100 Triathlon World Tour - London,2025-08-09,Age Group,100000,Cormac Nisbet,3:39:06,0:29:55,1:49:25,1:12:12,5,n20-24,GBR,1031,sportstats
T100 Triathlon World Tour - London,2025-08-09,Age Group,100000,Thomas Wood,3:41:58,0:26:53,1:59:00,1:09:28,6,n25-29,GBR,1142,sportstats
T100 Triathlon World Tour - London,2025-08-09,Age Group,100000,Chris Fennell,3:42:20,0:35:12,1:50:27,1:08:49,7,n30-34,GBR,1013,sportstats
T100 Triathlon World Tour - London,2025-08-09,Age Group,100000,Johnny Mcbeth,3:44:06,0:32:33,2:00:51,1:03:17,8,n30-34,GBR,1015,sportstats
T100 Triathlon World Tour - London,2025-08-09,Age Group,100000,Oliver Lockyer,3:44:24,0:31:18,1:57:36,1:08:17,9,n30-34,GBR,1096,sportstats
T100 Triathlon World Tour - London,2025-08-09,Age Group,100000,Benjamin Tucker,3:45:43,0:32:06,1:59:26,1:05:33,10,n30-34,GBR,1106,sportstats
T100 Triathlon World Tour - London,2025-08-09,Age Group,100000,Will Austin,3:47:09,0:29:34,2:02:03,1:09:14,11,n25-29,GBR,1059,sportstats
T100 Triathlon World Tour - London,2025-08-09,Age Group,100000,Duncan Bullock,3:47:22,0:34:46,2:00:08,1:04:12,12,n35-39,GBR,1135,sportstats
T100 Triathlon World Tour - London,2025-08-09,Age Group,100000,Matthew Cant,3:48:44,0:34:17,2:00:22,1:07:00,13,n25-29,GBR,1060,sportstats
T100 Triathlon World Tour - London,2025-08-09,Age Group,100000,Joe Cook,3:48:45,0:33:15,1:59:00,1:10:28,14,n25-29,GBR,1113,sportstats
T100 Triathlon World Tour - London,2025-08-09,Age Group,100000,Massimiliano Radi,3:49:20,0:32:32,1:55:26,1:12:01,15,n45-49,ITA,1153,sportstats
T100 Triathlon World Tour - London,2025-08-09,Age Group,100000,Ryan Hart,3:49:53,0:31:59,1:59:15,1:11:15,16,n30-34,GBR,1077,sportstats
T100 Triathlon World Tour - London,2025-08-09,Age Group,100000,George Rofe,3:50:41,0:32:14,1:59:25,1:12:10,17,n20-24,GBR,1034,sportstats
T100 Triathlon World Tour - London,2025-08-09,Age Group,100000,Takahiro Ozeki,3:51:04,0:35:32,2:02:46,1:05:04,18,n30-34,JPN,1048,sportstats
T100 Triathlon World Tour - London,2025-08-09,Age Group,100000,Darren Orchard,3:51:07,0:33:13,2:01:11,1:10:26,19,n50-54,GBR,1054,sportstats
T100 Triathlon World Tour - London,2025-08-09,Age Group,100000,Daniel English,3:51:23,0:26:11,2:06:06,1:11:58,20,n20-24,GBR,1068,sportstats
T100 Triathlon World Tour - London,2025-08-09,Age Group,100000,Owen Drew,3:53:03,0:33:54,1:59:10,1:12:33,21,n30-34,GBR,1006,sportstats
T100 Triathlon World Tour - London,2025-08-09,Age Group,100000,Tom Garrett,3:54:23,0:30:17,1:58:18,1:17:43,22,n30-34,GBR,1074,sportstats
T100 Triathlon World Tour - London,2025-08-09,Age Group,100000,Yarn Nijssen,3:54:35,0:30:14,1:57:01,1:18:17,23,n25-29,BEL,1073,sportstats
T100 Triathlon World Tour - London,2025-08-09,Age Group,100000,Gaspard Carrier,3:55:54,0:26:58,2:05:34,1:15:06,24,n20-24,FRA,1913,sportstats
T100 Triathlon World Tour - London,2025-08-09,Age Group,100000,Nicky Oomis,3:56:04,0:32:24,1:58:57,1:16:55,25,n30-34,NLD,1112,sportstats
T100 Triathlon World Tour - London,2025-08-09,Age Group,100000,Victor Gonin,3:57:37,0:31:59,2:03:16,1:15:23,26,n30-34,CHE,1243,sportstats
T100 Triathlon World Tour - London,2025-08-09,Age Group,100000,Ben James,3:57:48,0:30:48,2:04:03,1:15:12,27,n25-29,GBR,1051,sportstats
T100 Triathlon World Tour - London,2025-08-09,Age Group,100000,Mattia Gobbo,3:59:04,0:35:21,2:03:28,1:13:46,28,n30-34,ITA,1086,sportstats
T100 Triathlon World Tour - London,2025-08-09,Age Group,100000,Charlie Bornemann,3:59:22,0:32:10,2:03:07,1:17:05,29,n30-34,IRL,1359,sportstats
T100 Triathlon World Tour - London,2025-08-09,Age Group,100000,Luke Smith,3:59:35,0:34:36,2:04:47,1:13:02,30,n30-34,GBR,1082,sportstats
T100 Triathlon World Tour - London,2025-08-09,Age Group,100000,Alexander Kriebel,3:59:44,0:36:13,2:03:23,1:13:13,31,n40-44,DEU,1064,sportstats
T100 Triathlon World Tour - London,2025-08-09,Age Group,100000,Nino Gatti,3:59:46,0:32:27,2:06:29,1:13:10,32,n35-39,GBR,1016,sportstats
T100 Triathlon World Tour - London,2025-08-09,Age Group,100000,William Reid,3:59:48,0:34:18,2:01:18,1:15:10,33,n30-34,USA,1143,sportstats
T100 Triathlon World Tour - London,2025-08-09,Age Group,100000,Adam Howarth,4:00:36,0:36:27,2:03:56,1:12:10,34,n30-34,GBR,1110,sportstats
T100 Triathlon World Tour - London,2025-08-09,Age Group,100000,Ben Ruddle,4:00:47,0:33:15,2:06:06,1:13:42,35,n35-39,GBR,1111,sportstats
T100 Triathlon World Tour - London,2025-08-09,Age Group,100000,Peter English,4:00:53,0:31:52,2:06:08,1:14:46,36,n30-34,IRL,1131,sportstats
T100 Triathlon World Tour - London,2025-08-09,Age Group,100000,Ciaran Boyle,4:01:04,0:36:21,2:00:54,1:15:22,37,n35-39,IRL,1091,sportstats
T100 Triathlon World Tour - London,2025-08-09,Age Group,100000,Jose Marcelino,4:01:18,0:33:41,2:06:46,1:12:36,38,n30-34,PRT,1151,sportstats
T100 Triathlon World Tour - London,2025-08-09,Age Group,100000,Alex Fox-Bullivant,4:01:18,0:31:46,2:05:35,1:16:59,39,n25-29,GBR,1105,sportstats
T100 Triathlon World Tour - London,2025-08-09,Age Group,100000,Jon Osborn,4:01:50,0:36:47,2:02:58,1:15:02,40,n45-49,GBR,1090,sportstats
T100 Triathlon World Tour - London,2025-08-09,Age Group,100000,Tomi Owoborode,4:02:35,0:29:55,2:03:04,1:20:47,41,n35-39,FIN,1035,sportstats
T100 Triathlon World Tour - London,2025-08-09,Age Group,100000,Claire Rendall,4:03:04,0:31:11,2:04:46,1:19:13,42,f25-29,GBR,2211,sportstats
T100 Triathlon World Tour - London,2025-08-09,Age Group,100000,Hugo Fry,4:03:17,0:35:27,2:17:58,1:00:31,43,n25-29,GBR,1141,sportstats
T100 Triathlon World Tour - London,2025-08-09,Age Group,100000,Andrew Morrison,4:03:21,0:32:05,2:07:21,1:16:35,44,n35-39,GBR,1049,sportstats
T100 Triathlon World Tour - London,2025-08-09,Age Group,100000,Baz Carter,4:03:28,0:37:50,2:05:30,1:11:06,45,n45-49,GBR,1084,sportstats
T100 Triathlon World Tour - London,2025-08-09,Age Group,100000,Gerald Kasulis,4:03:59,0:38:38,2:01:09,1:16:15,46,n35-39,LTU,1019,sportstats
T100 Triathlon World Tour - London,2025-08-09,Age Group,100000,Graeme Steel,4:04:19,0:34:13,1:59:42,1:22:24,47,n30-34,GBR,1040,sportstats
T100 Triathlon World Tour - London,2025-08-09,Age Group,100000,Pete Eggleston,4:04:24,0:32:28,2:02:03,1:22:26,48,n55-59,GBR,1123,sportstats
T100 Triathlon World Tour - London,2025-08-09,Age Group,100000,Benjamin Payne,4:04:30,0:32:59,2:08:37,1:14:44,49,n35-39,GBR,1159,sportstats
T100 Triathlon World Tour - London,2025-08-09,Age Group,100000,Mattia Lovera,4:05:05,0:38:55,2:00:26,1:17:17,50,n35-39,ITA,1021,sportstats
T100 Triathlon World Tour - London,2025-08-09,Age Group,100000,Joe Yarwood,4:05:07,0:33:05,2:08:49,1:15:47,51,n30-34,GBR,1489,sportstats
T100 Triathlon World Tour - London,2025-08-09,Age Group,100000,Scott Richardson,4:05:17,0:32:01,2:11:18,1:15:17,52,n45-49,GBR,1010,sportstats
T100 Triathlon World Tour - London,2025-08-09,Age Group,100000,Aidan Flanagan,4:05:22,0:36:43,2:03:20,1:16:56,53,n50-54,IRL,1072,sportstats
T100 Triathlon World Tour - London,2025-08-09,Age Group,100000,Youssef Sebban,4:05:40,0:37:26,2:05:40,1:15:03,54,n35-39,MAR,1002,sportstats
T100 Triathlon World Tour - London,2025-08-09,Age Group,100000,Sheldon Valjalo,4:05:47,0:37:59,2:09:17,1:10:14,55,n30-34,ZAF,1205,sportstats
T100 Triathlon World Tour - London,2025-08-09,Age Group,100000,Ellie Hunter,4:05:53,0:30:22,2:09:18,1:17:42,56,f25-29,GBR,2209,sportstats
T100 Triathlon World Tour - London,2025-08-09,Age Group,100000,Ben Hawkins,4:06:11,0:37:04,2:08:33,1:13:54,57,n25-29,GBR,1144,sportstats
T100 Triathlon World Tour - London,2025-08-09,Age Group,100000,Matt De Vries,4:06:18,0:36:30,1:59:07,1:20:15,58,n30-34,ZAF,1093,sportstats
T100 Triathlon World Tour - London,2025-08-09,Age Group,100000,Anthony Dinaut,4:06:21,0:32:12,2:15:59,1:09:29,59,n20-24,FRA,1445,sportstats
T100 Triathlon World Tour - London,2025-08-09,Age Group,100000,Florian Turcon,4:06:35,0:35:29,2:09:02,1:14:35,60,n30-34,FRA,1095,sportstats
T100 Triathlon World Tour - London,2025-08-09,Age Group,100000,Ben Weir,4:07:30,0:34:43,2:05:15,1:19:11,61,n45-49,GBR,1070,sportstats
T100 Triathlon World Tour - London,2025-08-09,Age Group,100000,Artem Gordyukhin,4:07:31,0:40:51,2:04:44,1:14:11,62,n35-39,RUS,1178,sportstats
T100 Triathlon World Tour - London,2025-08-09,Age Group,100000,Luke Atkinson,4:07:58,0:35:24,2:02:08,1:19:20,63,n30-34,GBR,1294,sportstats
T100 Triathlon World Tour - London,2025-08-09,Age Group,100000,Harry Odling,4:08:22,0:41:11,1:58:38,1:19:32,64,n25-29,GBR,2145,sportstats
T100 Triathlon World Tour - London,2025-08-09,Age Group,100000,Samuel Dames,4:08:48,0:40:43,2:05:52,1:13:59,65,n30-34,GBR,1156,sportstats
T100 Triathlon World Tour - London,2025-08-09,Age Group,100000,Bogdan Blaga,4:09:29,0:36:08,2:02:15,1:22:03,66,n25-29,ROU,1116,sportstats
T100 Triathlon World Tour - London,2025-08-09,Age Group,100000,Matthew Miller,4:09:32,0:30:27,2:04:44,1:26:26,67,n35-39,GBR,1050,sportstats
T100 Triathlon World Tour - London,2025-08-09,Age Group,100000,Luke Dann,4:09:52,0:37:06,2:15:32,1:10:05,68,n20-24,GBR,1094,sportstats
T100 Triathlon World Tour - London,2025-08-09,Age Group,100000,James Andrews,4:09:53,0:30:57,2:06:24,1:24:30,69,n50-54,GBR,1233,sportstats
T100 Triathlon World Tour - London,2025-08-09,Age Group,100000,George Halfpenny,4:10:00,0:37:12,2:11:12,1:14:35,70,n25-29,GBR,1416,sportstats
T100 Triathlon World Tour - London,2025-08-09,Age Group,100000,Simon Flynn,4:10:06,0:35:35,2:09:57,1:17:40,71,n35-39,GBR,1099,sportstats
T100 Triathlon World Tour - London,2025-08-09,Age Group,100000,James Davis,4:10:07,0:37:58,2:08:16,1:15:23,72,n45-49,GBR,2176,sportstats
T100 Triathlon World Tour - London,2025-08-09,Age Group,100000,Christian Heer,4:10:25,0:43:09,2:04:46,1:15:15,73,n50-54,DEU,1052,sportstats
T100 Triathlon World Tour - London,2025-08-09,Age Group,100000,Sean Millington,4:10:29,0:33:21,2:13:38,1:13:57,74,n30-34,GBR,1024,sportstats
T100 Triathlon World Tour - London,2025-08-09,Age Group,100000,James Plant,4:10:51,0:34:07,2:14:30,1:13:56,75,n40-44,GBR,1018,sportstats
T100 Triathlon World Tour - London,2025-08-09,Age Group,100000,Andreas Maos,4:10:54,0:30:55,2:17:04,1:12:35,76,n30-34,CYP,1282,sportstats
T100 Triathlon World Tour - London,2025-08-09,Age Group,100000,Darren Dalton,4:11:00,0:41:38,2:07:55,1:13:43,77,n45-49,GBR,1009,sportstats
T100 Triathlon World Tour - London,2025-08-09,Age Group,100000,Mikhail Skripnikov,4:11:03,0:34:27,2:06:46,1:22:20,78,n40-44,RUS,1069,sportstats
T100 Triathlon World Tour - London,2025-08-09,Age Group,100000,Morgan Smith,4:11:06,0:35:00,2:14:46,1:13:32,79,n25-29,GBR,1298,sportstats
T100 Triathlon World Tour - London,2025-08-09,Age Group,100000,Tiphaine Housseau,4:11:12,0:35:41,2:07:53,1:18:29,80,n35-39,FRA,1289,sportstats
T100 Triathlon World Tour - London,2025-08-09,Age Group,100000,Harry Adair,4:11:20,0:37:01,2:07:59,1:18:06,81,n25-29,GBR,1118,sportstats
T100 Triathlon World Tour - London,2025-08-09,Age Group,100000,James Bolingbroke,4:12:00,0:39:10,2:06:48,1:15:01,82,n30-34,GBR,1967,sportstats
T100 Triathlon World Tour - London,2025-08-09,Age Group,100000,Andrew Jordon,4:12:03,0:33:33,2:09:36,1:19:37,83,n50-54,GBR,1003,sportstats
T100 Triathlon World Tour - London,2025-08-09,Age Group,100000,Isaac Johnson,4:12:11,0:32:32,2:11:27,1:19:31,84,n20-24,GBR,1279,sportstats
T100 Triathlon World Tour - London,2025-08-09,Age Group,100000,David Spring,4:12:24,0:40:26,2:08:03,1:15:26,85,n35-39,IRL,1214,sportstats
T100 Triathlon World Tour - London,2025-08-09,Age Group,100000,Andrew Hardwick,4:12:29,0:37:25,2:09:32,1:17:32,86,n45-49,GBR,1351,sportstats
T100 Triathlon World Tour - London,2025-08-09,Age Group,100000,Guillaume Droesch,4:12:34,0:37:22,2:08:27,1:16:17,87,n25-29,FRA,1320,sportstats
T100 Triathlon World Tour - London,2025-08-09,Age Group,100000,Elisa Marani,4:12:48,0:29:56,2:20:10,1:15:11,88,f25-29,CHE,1189,sportstats
T100 Triathlon World Tour - London,2025-08-09,Age Group,100000,Will Harding,4:13:04,0:29:12,2:08:02,1:28:11,89,n30-34,GBR,1335,sportstats
T100 Triathlon World Tour - London,2025-08-09,Age Group,100000,Joshua Weight,4:13:07,0:29:56,2:12:28,1:22:44,90,n25-29,GBR,1109,sportstats
T100 Triathlon World Tour - London,2025-08-09,Age Group,100000,Ruslan Uja,4:13:26,0:36:53,2:12:21,1:15:33,91,n45-49,MDA,1005,sportstats
T100 Triathlon World Tour - London,2025-08-09,Age Group,100000,David Bird,4:13:26,0:35:35,2:12:33,1:16:49,92,n45-49,GBR,1574,sportstats
T100 Triathlon World Tour - London,2025-08-09,Age Group,100000,Robert Moore,4:13:27,0:34:34,2:09:47,1:19:24,93,n35-39,GBR,1088,sportstats
T100 Triathlon World Tour - London,2025-08-09,Age Group,100000,Ben Pickford,4:13:36,0:35:30,2:12:31,1:17:53,94,n30-34,GBR,1220,sportstats
T100 Triathlon World Tour - London,2025-08-09,Age Group,100000,Ric Hill,4:14:08,0:38:54,2:05:19,1:22:44,95,n45-49,GBR,1158,sportstats
T100 Triathlon World Tour - London,2025-08-09,Age Group,100000,Tom Wood,4:14:13,0:33:56,2:12:15,1:18:41,96,n35-39,GBR,1129,sportstats
T100 Triathlon World Tour - London,2025-08-09,Age Group,100000,Daan De Langhe,4:14:27,0:41:05,2:10:32,1:12:52,97,n25-29,BEL,1270,sportstats
T100 Triathlon World Tour - London,2025-08-09,Age Group,100000,Stuart Watson,4:14:37,0:35:05,2:07:12,1:22:29,98,n25-29,PRT,1314,sportstats
T100 Triathlon World Tour - London,2025-08-09,Age Group,100000,Ryan Paterson,4:14:40,0:31:17,2:10:12,1:22:10,99,n25-29,GBR,1412,sportstats
T100 Triathlon World Tour - London,2025-08-09,Age Group,100000,Nat Morris,4:15:01,0:36:00,2:12:56,1:16:22,100,f30-34,GBR,2222,sportstats
T100 Triathlon World Tour - London,2025-08-09,Age Group,100000,Giles Brook,4:15:13,0:33:14,2:12:21,1:22:07,101,n50-54,GBR,1067,sportstats
T100 Triathlon World Tour - London,2025-08-09,Age Group,100000,Ben Moseley,4:15:16,0:34:37,2:09:53,1:22:09,102,n30-34,GBR,1274,sportstats
T100 Triathlon World Tour - London,2025-08-09,Age Group,100000,Elliott Brown,4:15:25,0:37:48,2:12:12,1:16:03,103,n25-29,GBR,1370,sportstats
T100 Triathlon World Tour - London,2025-08-09,Age Group,100000,Jon Lacey,4:15:29,0:34:03,2:10:21,1:23:16,104,n35-39,GBR,1089,sportstats
T100 Triathlon World Tour - London,2025-08-09,Age Group,100000,Diego Martinho,4:15:31,0:35:59,2:09:12,1:21:43,105,n35-39,GBR,1250,sportstats
T100 Triathlon World Tour - London,2025-08-09,Age Group,100000,David Myatt,4:15:32,0:34:03,2:04:44,1:25:46,106,n25-29,GBR,1079,sportstats
T100 Triathlon World Tour - London,2025-08-09,Age Group,100000,Denis Mc Elligott,4:15:33,0:37:42,2:05:54,1:23:50,107,n35-39,IRL,1215,sportstats
T100 Triathlon World Tour - London,2025-08-09,Age Group,100000,Pierpaolo Sidoti,4:16:03,0:33:42,2:10:35,1:22:30,108,n35-39,ITA,1103,sportstats
T100 Triathlon World Tour - London,2025-08-09,Age Group,100000,Tom Roffey,4:16:06,0:37:37,2:05:45,1:25:03,109,n35-39,GBR,1248,sportstats
T100 Triathlon World Tour - London,2025-08-09,Age Group,100000,Fridolin Fuchs,4:16:43,0:32:47,2:00:14,1:32:34,110,n20-24,DEU,1709,sportstats
T100 Triathlon World Tour - London,2025-08-09,Age Group,100000,James Lebaigue,4:16:56,0:34:33,2:09:30,1:25:08,111,n30-34,GBR,1271,sportstats
T100 Triathlon World Tour - London,2025-08-09,Age Group,100000,Sergey Korobov,4:17:01,0:39:44,2:08:02,1:20:18,112,n45-49,RUS,1097,sportstats
T100 Triathlon World Tour - London,2025-08-09,Age Group,100000,Manuel Hernandez,4:17:23,0:35:08,2:16:05,1:18:37,113,n30-34,ESP,1101,sportstats
T100 Triathlon World Tour - London,2025-08-09,Age Group,100000,Micheal Costello,4:17:35,0:36:47,2:16:16,1:15:18,114,n30-34,IRL,1107,sportstats
T100 Triathlon World Tour - London,2025-08-09,Age Group,100000,Ryan Phillips,4:17:49,0:36:58,2:04:54,1:26:30,115,n40-44,GBR,2075,sportstats
T100 Triathlon World Tour - London,2025-08-09,Age Group,100000,Alec White,4:17:52,0:28:49,2:14:22,1:26:04,116,n20-24,GBR,1379,sportstats
T100 Triathlon World Tour - London,2025-08-09,Age Group,100000,Ponpet Thamavongsa,4:18:07,0:39:38,2:07:37,1:21:03,117,n45-49,AUS,1140,sportstats
T100 Triathlon World Tour - London,2025-08-09,Age Group,100000,Tim Kent,4:18:08,0:45:44,2:08:09,1:16:13,118,n50-54,GBR,1150,sportstats
T100 Triathlon World Tour - London,2025-08-09,Age Group,100000,Darren Raines,4:18:10,0:34:16,2:11:18,1:23:58,119,n35-39,GBR,1347,sportstats
T100 Triathlon World Tour - London,2025-08-09,Age Group,100000,George Adams,4:18:20,0:38:06,2:09:22,1:22:00,120,n30-34,GBR,1100,sportstats
T100 Triathlon World Tour - London,2025-08-09,Age Group,100000,Cornelis Von Mollendorff,4:18:25,0:35:01,2:15:45,1:18:34,121,n40-44,GBR,1085,sportstats
T100 Triathlon World Tour - London,2025-08-09,Age Group,100000,Stephen Coy,4:18:43,0:36:51,2:13:33,1:21:10,122,n50-54,GBR,1061,sportstats
T100 Triathlon World Tour - London,2025-08-09,Age Group,100000,Jente Van Bos,4:18:52,0:43:30,2:10:51,1:14:16,123,n20-24,BEL,1251,sportstats
T100 Triathlon World Tour - London,2025-08-09,Age Group,100000,Sam Holness,4:19:00,0:35:32,2:19:28,1:14:56,124,n30-34,GBR,1008,sportstats
T100 Triathlon World Tour - London,2025-08-09,Age Group,100000,Giles Cooper,4:19:13,0:36:19,2:12:46,1:20:44,125,n60-64,GBR,1240,sportstats
T100 Triathlon World Tour - London,2025-08-09,Age Group,100000,Anton Razumovskyi,4:19:34,0:38:35,2:10:14,1:20:56,126,n30-34,UKR,1087,sportstats
T100 Triathlon World Tour - London,2025-08-09,Age Group,100000,William Catton,4:20:38,0:33:56,2:17:14,1:21:50,127,n25-29,GBR,1217,sportstats
T100 Triathlon World Tour - London,2025-08-09,Age Group,100000,Henry Edwardes,4:20:51,0:42:44,2:08:31,1:19:33,128,n30-34,GBR,1136,sportstats
T100 Triathlon World Tour - London,2025-08-09,Age Group,100000,Renee Vanderheyden,4:20:51,0:29:36,2:14:48,1:27:51,129,f25-29,BEL,1027,sportstats
T100 Triathlon World Tour - London,2025-08-09,Age Group,100000,Antonio Attanzio,4:20:53,0:33:53,2:14:21,1:24:51,130,n35-39,ITA,1382,sportstats
T100 Triathlon World Tour - London,2025-08-09,Age Group,100000,Riccardo Muttini,4:20:57,0:35:00,2:19:04,1:18:23,131,n30-34,ITA,1449,sportstats
T100 Triathlon World Tour - London,2025-08-09,Age Group,100000,Sergey Kleschenko,4:21:02,0:43:37,2:06:21,1:20:03,132,n35-39,GBR,1311,sportstats
T100 Triathlon World Tour - London,2025-08-09,Age Group,100000,Jeremy Fenech,4:21:10,0:39:11,2:17:26,1:16:43,133,n35-39,MLT,1120,sportstats
T100 Triathlon World Tour - London,2025-08-09,Age Group,100000,Robert Dempster,4:21:12,0:37:33,2:18:31,1:15:49,134,n50-54,GBR,2056,sportstats
T100 Triathlon World Tour - London,2025-08-09,Age Group,100000,Jennifer Stewart,4:21:13,0:34:06,2:17:26,1:19:40,135,f40-44,GBR,2203,sportstats
T100 Triathlon World Tour - London,2025-08-09,Age Group,100000,Christoforos Xenos,4:21:15,0:44:12,2:16:59,1:09:38,136,n40-44,GRC,1996,sportstats
T100 Triathlon World Tour - London,2025-08-09,Age Group,100000,Moyra Werder,4:21:21,0:41:53,2:18:29,1:12:13,137,f25-29,CHE,2210,sportstats
T100 Triathlon World Tour - London,2025-08-09,Age Group,100000,Richard Faux,4:21:27,0:35:27,2:13:04,1:25:47,138,n35-39,GBR,1025,sportstats
T100 Triathlon World Tour - London,2025-08-09,Age Group,100000,Chris Lane,4:21:59,0:36:50,2:10:43,1:26:10,139,n30-34,GBR,1154,sportstats
T100 Triathlon World Tour - London,2025-08-09,Age Group,100000,Mark Gilmour,4:22:24,0:34:10,2:14:00,1:25:19,140,n50-54,GBR,1238,sportstats
T100 Triathlon World Tour - London,2025-08-09,Age Group,100000,Veronica Green-Jones,4:22:29,0:34:27,2:16:19,1:23:16,141,f40-44,GBR,2235,sportstats
T100 Triathlon World Tour - London,2025-08-09,Age Group,100000,Maik Norenz,4:22:43,0:36:03,2:16:22,1:21:43,142,n40-44,CHE,1075,sportstats
T100 Triathlon World Tour - London,2025-08-09,Age Group,100000,Gaetan Esseric,4:23:01,0:39:13,2:08:28,1:26:11,143,n45-49,FRA,2051,sportstats
T100 Triathlon World Tour - London,2025-08-09,Age Group,100000,Lewis Ball,4:23:03,0:42:58,2:18:32,1:11:31,144,n30-34,GBR,1182,sportstats
T100 Triathlon World Tour - London,2025-08-09,Age Group,100000,Dan Mills,4:23:11,0:34:16,2:05:50,1:33:43,145,n25-29,GBR,1268,sportstats
T100 Triathlon World Tour - London,2025-08-09,Age Group,100000,Bjorn Befuss,4:23:17,0:40:47,2:11:00,1:22:19,146,n35-39,DEU,1174,sportstats
T100 Triathlon World Tour - London,2025-08-09,Age Group,100000,Daniel Jones,4:23:38,0:36:08,2:17:47,1:19:50,147,n25-29,GBR,1137,sportstats
T100 Triathlon World Tour - London,2025-08-09,Age Group,100000,Niels Sievertsen,4:23:51,0:45:41,2:04:43,1:23:25,148,n35-39,CHE,1033,sportstats
T100 Triathlon World Tour - London,2025-08-09,Age Group,100000,Kevin Aguesseau,4:23:59,0:37:34,2:12:28,1:25:11,149,n35-39,FRA,1036,sportstats
T100 Triathlon World Tour - London,2025-08-09,Age Group,100000,Christos Kampouropoulos,4:24:05,0:34:37,2:11:29,1:30:00,150,n30-34,GRC,1063,sportstats
T100 Triathlon World Tour - London,2025-08-09,Age Group,100000,Toby Hindmarsh,4:24:07,0:38:15,2:18:43,1:18:48,151,n25-29,GBR,1139,sportstats
T100 Triathlon World Tour - London,2025-08-09,Age Group,100000,Patrick Conboy,4:24:13,0:33:39,2:23:17,1:17:08,152,n30-34,GBR,1460,sportstats
T100 Triathlon World Tour - London,2025-08-09,Age Group,100000,Peter Buehlmann,4:24:14,0:36:40,2:11:05,1:27:54,153,n60-64,CHE,2047,sportstats
T100 Triathlon World Tour - London,2025-08-09,Age Group,100000,Simon Sly,4:24:37,0:36:27,2:08:59,1:30:29,154,n50-54,GBR,1276,sportstats
T100 Triathlon World Tour - London,2025-08-09,Age Group,100000,Jonathan Schradi,4:24:44,0:35:50,2:16:08,1:24:36,155,n40-44,DEU,1287,sportstats
T100 Triathlon World Tour - London,2025-08-09,Age Group,100000,Fin Denwood,4:24:47,0:41:26,2:16:07,1:17:22,156,n25-29,GBR,1080,sportstats
T100 Triathlon World Tour - London,2025-08-09,Age Group,100000,Frank Stiller,4:24:50,0:34:58,2:10:51,1:30:20,157,n60-64,DEU,1023,sportstats
T100 Triathlon World Tour - London,2025-08-09,Age Group,100000,Riccardo Composto,4:24:53,0:33:04,2:18:23,1:26:30,158,n40-44,GBR,1039,sportstats
T100 Triathlon World Tour - London,2025-08-09,Age Group,100000,Ed Cotter,4:25:04,0:36:18,2:18:05,1:21:40,159,n25-29,GBR,1676,sportstats
T100 Triathlon World Tour - London,2025-08-09,Age Group,100000,Dino Lentzakis,4:25:12,0:42:23,2:10:08,1:22:48,160,n35-39,ZAF,1128,sportstats
T100 Triathlon World Tour - London,2025-08-09,Age Group,100000,Conor Hoey,4:25:17,0:41:44,2:13:32,1:19:40,161,n25-29,GBR,1134,sportstats
T100 Triathlon World Tour - London,2025-08-09,Age Group,100000,Emily Jevons,4:25:17,0:31:53,2:20:12,1:21:16,162,f30-34,GBR,2258,sportstats
T100 Triathlon World Tour - London,2025-08-09,Age Group,100000,Lewis Cole,4:25:37,0:30:12,2:05:23,1:40:01,163,n35-39,GBR,1119,sportstats
T100 Triathlon World Tour - London,2025-08-09,Age Group,100000,Mark Wood,4:26:01,0:36:20,2:07:48,1:31:15,164,n30-34,CAN,1225,sportstats
T100 Triathlon World Tour - London,2025-08-09,Age Group,100000,Emanuele Franceschi,4:26:07,0:29:53,2:17:56,1:26:37,165,n30-34,ITA,1438,sportstats
T100 Triathlon World Tour - London,2025-08-09,Age Group,100000,Steve Chaves,4:26:11,0:37:55,2:10:20,1:28:15,166,n45-49,GBR,1323,sportstats
T100 Triathlon World Tour - London,2025-08-09,Age Group,100000,Andrew John,4:26:23,0:37:12,2:16:56,1:22:56,167,n40-44,GBR,1081,sportstats
T100 Triathlon World Tour - London,2025-08-09,Age Group,100000,Roman Girshfeld,4:26:26,0:34:59,2:11:30,1:30:35,168,n40-44,UKR,1146,sportstats
T100 Triathlon World Tour - London,2025-08-09,Age Group,100000,Becky Coleman,4:26:30,0:33:16,2:18:58,1:25:22,169,f50-54,GBR,2188,sportstats
T100 Triathlon World Tour - London,2025-08-09,Age Group,100000,Adam Vincent,4:26:32,0:35:25,2:14:16,1:28:19,170,n40-44,GBR,1301,sportstats
T100 Triathlon World Tour - London,2025-08-09,Age Group,100000,Matthew Hanson,4:27:03,0:39:37,2:15:30,1:23:42,171,n50-54,GBR,1098,sportstats
T100 Triathlon World Tour - London,2025-08-09,Age Group,100000,Dylan Birch,4:27:08,0:44:35,2:09:09,1:22:11,172,n25-29,GBR,1497,sportstats
T100 Triathlon World Tour - London,2025-08-09,Age Group,100000,Jean Luc Franchi,4:27:08,0:37:11,2:08:10,1:33:04,173,n60-64,FRA,1058,sportstats
T100 Triathlon World Tour - London,2025-08-09,Age Group,100000,Miguel Gomes,4:27:12,0:34:13,2:19:40,1:24:16,174,n50-54,PRT,1213,sportstats
T100 Triathlon World Tour - London,2025-08-09,Age Group,100000,Giovanni Luongo,4:27:29,0:43:55,2:05:55,1:28:37,175,n35-39,ITA,1152,sportstats
T100 Triathlon World Tour - London,2025-08-09,Age Group,100000,Blake Falk,4:27:30,0:35:58,2:24:06,1:17:07,176,n30-34,USA,1615,sportstats
T100 Triathlon World Tour - London,2025-08-09,Age Group,100000,Louis Murphy,4:27:33,0:39:29,2:17:25,1:21:43,177,n40-44,GBR,1541,sportstats
T100 Triathlon World Tour - London,2025-08-09,Age Group,100000,Thomas James,4:27:51,0:34:51,2:25:11,1:19:36,178,n20-24,GBR,1219,sportstats
T100 Triathlon World Tour - London,2025-08-09,Age Group,100000,James Swift,4:27:52,0:33:23,2:21:12,1:23:15,179,n40-44,GBR,1364,sportstats
T100 Triathlon World Tour - London,2025-08-09,Age Group,100000,Thibaut Rouffineau,4:27:56,0:37:50,2:24:59,1:13:20,180,n45-49,FRA,1255,sportstats
T100 Triathlon World Tour - London,2025-08-09,Age Group,100000,Paris Wood,4:27:56,0:37:38,2:14:23,1:26:07,181,f30-34,GBR,2404,sportstats
T100 Triathlon World Tour - London,2025-08-09,Age Group,100000,Marlo Smal,4:27:58,0:40:53,2:16:30,1:18:41,182,n35-39,ZAF,1241,sportstats
T100 Triathlon World Tour - London,2025-08-09,Age Group,100000,Katie Murphy,4:28:01,0:31:35,2:22:16,1:24:45,183,f30-34,GBR,2025,sportstats
T100 Triathlon World Tour - London,2025-08-09,Age Group,100000,Manol Dimitrov,4:28:13,0:34:30,2:20:48,1:22:32,184,n35-39,BGR,1161,sportstats
T100 Triathlon World Tour - London,2025-08-09,Age Group,100000,Luke Whiting,4:28:18,0:36:16,2:17:17,1:24:00,185,n25-29,GBR,1727,sportstats
T100 Triathlon World Tour - London,2025-08-09,Age Group,100000,Eike Bjorn Weidner,4:28:32,0:42:29,2:07:27,1:27:32,186,n30-34,DEU,1133,sportstats
T100 Triathlon World Tour - London,2025-08-09,Age Group,100000,Jonathan Nally,4:28:34,0:36:45,2:20:19,1:21:27,187,n25-29,IRL,1124,sportstats
T100 Triathlon World Tour - London,2025-08-09,Age Group,100000,Etienne Romestaing,4:28:37,0:40:45,2:07:35,1:30:26,188,n35-39,FRA,1452,sportstats
T100 Triathlon World Tour - London,2025-08-09,Age Group,100000,Ben Stewart,4:28:38,0:36:57,2:16:06,1:26:32,189,n40-44,GBR,1114,sportstats
T100 Triathlon World Tour - London,2025-08-09,Age Group,100000,Guy Cantiello,4:28:44,0:36:17,2:10:19,1:31:34,190,n25-29,GBR,1198,sportstats
T100 Triathlon World Tour - London,2025-08-09,Age Group,100000,Anoushka Freeman,4:28:46,0:35:08,2:24:29,1:19:14,191,f25-29,GBR,2042,sportstats
T100 Triathlon World Tour - London,2025-08-09,Age Group,100000,Errol Brown,4:28:48,0:40:27,2:18:22,1:19:01,192,n50-54,GBR,1306,sportstats
T100 Triathlon World Tour - London,2025-08-09,Age Group,100000,Joe Horsley,4:29:20,0:37:55,2:12:47,1:25:31,193,n40-44,GBR,1461,sportstats
T100 Triathlon World Tour - London,2025-08-09,Age Group,100000,Steven Forrest,4:29:21,0:43:21,2:15:11,1:19:53,194,n50-54,GBR,1286,sportstats
T100 Triathlon World Tour - London,2025-08-09,Age Group,100000,Thomas Labbe,4:29:29,0:39:45,2:11:12,1:27:46,195,n50-54,FRA,1247,sportstats
T100 Triathlon World Tour - London,2025-08-09,Age Group,100000,Erez Hayon,4:29:33,0:34:23,2:17:21,1:25:25,196,n45-49,ISR,1431,sportstats
T100 Triathlon World Tour - London,2025-08-09,Age Group,100000,David Gardner,4:29:35,0:44:04,2:15:45,1:19:53,197,n30-34,GBR,1259,sportstats
T100 Triathlon World Tour - London,2025-08-09,Age Group,100000,David Vann,4:29:38,0:37:31,2:19:35,1:21:36,198,n40-44,GBR,1525,sportstats
T100 Triathlon World Tour - London,2025-08-09,Age Group,100000,Denis Smirnov,4:29:41,0:39:56,2:20:33,1:20:35,199,n35-39,UKR,1315,sportstats
T100 Triathlon World Tour - London,2025-08-09,Age Group,100000,Shona Keane,4:29:58,0:41:02,2:19:05,1:19:53,200,f40-44,IRL,2241,sportstats
T100 Triathlon World Tour - London,2025-08-09,Age Group,100000,Jose Maria Andreo Casaseca,4:29:59,0:35:07,2:30:33,1:16:12,201,n35-39,ESP,1307,sportstats
T100 Triathlon World Tour - London,2025-08-09,Age Group,100000,James Clark,4:30:03,0:37:42,2:18:40,1:23:22,202,n45-49,GBR,1318,sportstats
T100 Triathlon World Tour - London,2025-08-09,Age Group,100000,Phil Rudd,4:30:18,0:42:03,2:13:15,1:25:19,203,n35-39,GBR,1388,sportstats
T100 Triathlon World Tour - London,2025-08-09,Age Group,100000,Chris Chilvers,4:30:28,0:43:07,2:13:24,1:25:57,204,n45-49,GBR,1229,sportstats
T100 Triathlon World Tour - London,2025-08-09,Age Group,100000,Zhanibek Saurbek,4:30:30,0:39:11,2:18:13,1:22:01,205,n45-49,KAZ,1256,sportstats
T100 Triathlon World Tour - London,2025-08-09,Age Group,100000,Laura Ashton-Edwards,4:30:30,0:39:07,2:14:48,1:26:22,206,f35-39,CAN,2242,sportstats
T100 Triathlon World Tour - London,2025-08-09,Age Group,100000,Tobias Katerbau,4:30:31,0:37:16,2:14:48,1:29:55,207,n25-29,DEU,1223,sportstats
T100 Triathlon World Tour - London,2025-08-09,Age Group,100000,Holger Mertens,4:30:36,0:44:06,2:12:51,1:23:53,208,n50-54,DEU,1047,sportstats
T100 Triathlon World Tour - London,2025-08-09,Age Group,100000,Aled Keating,4:30:42,0:38:41,2:17:43,1:24:47,209,n25-29,GBR,1643,sportstats
T100 Triathlon World Tour - London,2025-08-09,Age Group,100000,Daniel Broomhead,4:30:48,0:36:23,2:23:15,1:22:23,210,n40-44,GBR,1185,sportstats
T100 Triathlon World Tour - London,2025-08-09,Age Group,100000,Uys Van Straaten,4:30:49,0:41:53,2:13:48,1:25:55,211,n50-54,GBR,1304,sportstats
T100 Triathlon World Tour - London,2025-08-09,Age Group,100000,Andre Segger,4:30:53,0:45:02,2:13:10,1:24:17,212,n55-59,DEU,1302,sportstats
T100 Triathlon World Tour - London,2025-08-09,Age Group,100000,Oliver Weedon,4:30:57,0:36:15,2:15:57,1:25:40,213,n25-29,GBR,1254,sportstats
T100 Triathlon World Tour - London,2025-08-09,Age Group,100000,Tom Mcwaters,4:31:25,0:36:28,2:20:45,1:22:59,214,n35-39,GBR,2135,sportstats
T100 Triathlon World Tour - London,2025-08-09,Age Group,100000,Olivia Fitz-Poole,4:31:30,0:39:23,2:08:28,1:33:23,215,f40-44,GBR,2233,sportstats
T100 Triathlon World Tour - London,2025-08-09,Age Group,100000,Iwan Norman,4:31:33,0:41:52,2:14:18,1:25:30,216,n20-24,GBR,1374,sportstats
T100 Triathlon World Tour - London,2025-08-09,Age Group,100000,Joe Hicks,4:31:34,0:39:59,2:15:38,1:26:56,217,n30-34,GBR,1218,sportstats
T100 Triathlon World Tour - London,2025-08-09,Age Group,100000,James Tidd,4:31:37,0:39:39,2:21:27,1:19:24,218,n30-34,GBR,1148,sportstats
T100 Triathlon World Tour - London,2025-08-09,Age Group,100000,Xavier Moleux,4:31:39,0:36:24,2:15:09,1:28:56,219,n45-49,FRA,2041,sportstats
T100 Triathlon World Tour - London,2025-08-09,Age Group,100000,Adam Gibbs,4:31:55,0:33:11,2:07:51,1:41:15,220,n30-34,GBR,1032,sportstats
T100 Triathlon World Tour - London,2025-08-09,Age Group,100000,Monty Pilkington,4:31:55,0:43:23,2:11:32,1:23:19,221,n30-34,GBR,1405,sportstats
T100 Triathlon World Tour - London,2025-08-09,Age Group,100000,Andrei Pustovalov,4:32:03,0:38:58,2:24:39,1:20:15,222,n35-39,RUS,1030,sportstats
T100 Triathlon World Tour - London,2025-08-09,Age Group,100000,Gareth Keen,4:32:06,0:31:45,2:19:19,1:32:47,223,n30-34,GBR,1331,sportstats
T100 Triathlon World Tour - London,2025-08-09,Age Group,100000,Paddy Denny,4:32:07,0:38:40,2:17:53,1:24:37,224,n25-29,GBR,1753,sportstats
T100 Triathlon World Tour - London,2025-08-09,Age Group,100000,Patrik Miskolci,4:32:08,0:44:23,2:06:57,1:31:09,225,n30-34,SVK,1196,sportstats
T100 Triathlon World Tour - London,2025-08-09,Age Group,100000,Lydia Hughes,4:32:10,0:33:17,2:19:14,1:30:55,226,f25-29,GBR,2194,sportstats
T100 Triathlon World Tour - London,2025-08-09,Age Group,100000,Tom Carnall,4:32:11,0:40:43,2:19:20,1:23:49,227,n40-44,GBR,1193,sportstats
T100 Triathlon World Tour - London,2025-08-09,Age Group,100000,Svatoslav Outulny,4:32:13,0:41:40,2:22:10,1:19:11,228,n20-24,CZE,1147,sportstats
T100 Triathlon World Tour - London,2025-08-09,Age Group,100000,Vagiz Gubaidulin,4:32:18,0:37:44,2:20:25,1:24:09,229,n30-34,GBR,1115,sportstats
T100 Triathlon World Tour - London,2025-08-09,Age Group,100000,Sam Chinery,4:32:19,0:40:34,2:13:13,1:23:51,230,n35-39,GBR,1805,sportstats
T100 Triathlon World Tour - London,2025-08-09,Age Group,100000,Tom Seal,4:33:04,0:36:51,2:21:57,1:24:55,231,n45-49,GBR,1332,sportstats
T100 Triathlon World Tour - London,2025-08-09,Age Group,100000,Ross Condy,4:33:04,0:34:54,2:15:30,1:33:52,232,n35-39,IRL,1138,sportstats
T100 Triathlon World Tour - London,2025-08-09,Age Group,100000,Nevada Williams,4:33:11,0:37:37,2:17:57,1:29:01,233,n25-29,GBR,1519,sportstats
T100 Triathlon World Tour - London,2025-08-09,Age Group,100000,Leon Danser,4:33:11,0:43:29,2:14:31,1:23:43,234,n40-44,AUS,2144,sportstats
T100 Triathlon World Tour - London,2025-08-09,Age Group,100000,Sophie Adams,4:33:22,0:36:20,2:20:28,1:25:26,235,f25-29,GBR,2255,sportstats
T100 Triathlon World Tour - London,2025-08-09,Age Group,100000,Philip Brackin,4:33:37,0:41:50,2:15:50,1:26:02,236,n55-59,GBR,1447,sportstats
T100 Triathlon World Tour - London,2025-08-09,Age Group,100000,Steve Mitchell,4:33:45,0:40:25,2:14:44,1:29:03,237,n45-49,GBR,1469,sportstats
T100 Triathlon World Tour - London,2025-08-09,Age Group,100000,Jack Lane-Matthews,4:34:06,0:42:11,2:16:45,1:24:56,238,n30-34,GBR,1782,sportstats
T100 Triathlon World Tour - London,2025-08-09,Age Group,100000,Rodrigo Alvarenga,4:34:18,0:36:57,2:20:28,1:26:58,239,n30-34,BRA,1078,sportstats
T100 Triathlon World Tour - London,2025-08-09,Age Group,100000,Tim Van Bergenhenegouwen,4:34:19,0:36:10,2:15:46,1:31:55,240,n35-39,NLD,1455,sportstats
T100 Triathlon World Tour - London,2025-08-09,Age Group,100000,Ali Al-Tek,4:34:29,0:36:22,2:05:11,1:41:42,241,n50-54,GBR,2016,sportstats
T100 Triathlon World Tour - London,2025-08-09,Age Group,100000,Jokubas Zilinskas,4:34:37,0:44:25,2:21:22,1:19:17,242,n40-44,LTU,1450,sportstats
T100 Triathlon World Tour - London,2025-08-09,Age Group,100000,Paul Fairbairn,4:35:00,0:39:05,2:17:57,1:25:31,243,n35-39,GBR,1284,sportstats
T100 Triathlon World Tour - London,2025-08-09,Age Group,100000,Harry Read,4:35:02,0:39:36,2:22:12,1:21:29,244,n20-24,GBR,1252,sportstats
T100 Triathlon World Tour - London,2025-08-09,Age Group,100000,Marc Farminer,4:35:03,0:39:34,2:19:47,1:26:54,245,n35-39,GBR,1149,sportstats
T100 Triathlon World Tour - London,2025-08-09,Age Group,100000,Neil Murphy,4:35:12,0:34:39,2:21:13,1:27:41,246,n30-34,IRL,1680,sportstats
T100 Triathlon World Tour - London,2025-08-09,Age Group,100000,Elliott Lee,4:35:20,0:43:50,2:16:09,1:24:31,247,n25-29,GBR,1463,sportstats
T100 Triathlon World Tour - London,2025-08-09,Age Group,100000,Mark Robinson,4:35:32,0:39:55,2:12:12,1:34:03,248,n60-64,GBR,1195,sportstats
T100 Triathlon World Tour - London,2025-08-09,Age Group,100000,Harry Bartlett,4:35:32,0:41:00,2:20:47,1:23:26,249,n30-34,GBR,1484,sportstats
T100 Triathlon World Tour - London,2025-08-09,Age Group,100000,Harry Henson,4:35:35,0:38:58,2:19:49,1:24:21,250,n30-34,GBR,PID:305,sportstats
T100 Triathlon World Tour - London,2025-08-09,Age Group,100000,Stefan Kurz,4:35:38,0:46:07,2:21:00,1:20:40,251,n45-49,DEU,2071,sportstats
T100 Triathlon World Tour - London,2025-08-09,Age Group,100000,Samuel Tose,4:35:42,0:41:42,2:12:51,1:30:59,252,n25-29,GBR,1604,sportstats
T100 Triathlon World Tour - London,2025-08-09,Age Group,100000,Dylan Price,4:35:43,0:44:55,2:17:08,1:24:01,253,n30-34,IRL,2108,sportstats
T100 Triathlon World Tour - London,2025-08-09,Age Group,100000,Simon Leek,4:35:43,0:35:15,2:14:59,1:35:03,254,n40-44,GBR,1385,sportstats
T100 Triathlon World Tour - London,2025-08-09,Age Group,100000,George Collins,4:35:45,0:37:38,2:16:57,1:31:45,255,n25-29,GBR,1380,sportstats
T100 Triathlon World Tour - London,2025-08-09,Age Group,100000,Mark Walford,4:35:56,0:34:38,2:32:17,1:21:55,256,n40-44,GBR,1221,sportstats
T100 Triathlon World Tour - London,2025-08-09,Age Group,100000,Rafael Uzcategui,4:35:57,0:37:25,2:21:19,1:28:05,257,n25-29,VEN,1428,sportstats
T100 Triathlon World Tour - London,2025-08-09,Age Group,100000,Jack Church,4:36:23,0:33:56,2:18:14,1:35:42,258,n25-29,GBR,1283,sportstats
T100 Triathlon World Tour - London,2025-08-09,Age Group,100000,Adam Biddle,4:36:27,0:42:46,2:20:35,1:24:12,259,n35-39,GBR,1310,sportstats
T100 Triathlon World Tour - London,2025-08-09,Age Group,100000,Jayson Godridge,4:36:33,0:39:17,2:19:20,1:22:23,260,n40-44,GBR,1858,sportstats
T100 Triathlon World Tour - London,2025-08-09,Age Group,100000,Yerkin Kulsartov,4:36:59,0:42:02,2:15:19,1:25:32,261,n40-44,KAZ,1646,sportstats
T100 Triathlon World Tour - London,2025-08-09,Age Group,100000,Roelof Daniel Van Wyk,4:37:02,0:32:43,2:16:42,1:37:33,262,n35-39,GBR,1466,sportstats
T100 Triathlon World Tour - London,2025-08-09,Age Group,100000,Michael O Regan,4:37:02,0:35:26,2:22:08,1:28:58,263,n30-34,IRL,1046,sportstats
T100 Triathlon World Tour - London,2025-08-09,Age Group,100000,Staf De Smul,4:37:09,0:44:26,2:11:37,1:30:57,264,n18-19,BEL,1639,sportstats
T100 Triathlon World Tour - London,2025-08-09,Age Group,100000,Andy Devonald,4:37:12,0:42:33,2:18:47,1:24:47,265,n55-59,GBR,1188,sportstats
T100 Triathlon World Tour - London,2025-08-09,Age Group,100000,James Attard,4:37:15,0:44:24,2:21:43,1:22:26,266,n35-39,MLT,1354,sportstats
T100 Triathlon World Tour - London,2025-08-09,Age Group,100000,Zachary Cohen,4:37:19,0:38:20,2:27:18,1:16:52,267,n25-29,GBR,1446,sportstats
T100 Triathlon World Tour - London,2025-08-09,Age Group,100000,Philip Whitlock,4:37:20,0:40:38,2:13:19,1:32:00,268,n35-39,GBR,1870,sportstats
T100 Triathlon World Tour - London,2025-08-09,Age Group,100000,James Down,4:37:25,0:45:41,2:20:34,1:20:36,269,n35-39,GBR,1568,sportstats
T100 Triathlon World Tour - London,2025-08-09,Age Group,100000,Dean Taylor,4:37:34,0:46:31,2:15:55,1:23:59,270,n50-54,GBR,2168,sportstats
T100 Triathlon World Tour - London,2025-08-09,Age Group,100000,Oliver Ray,4:37:36,0:46:06,2:15:29,1:24:14,271,n30-34,GBR,1258,sportstats
T100 Triathlon World Tour - London,2025-08-09,Age Group,100000,Matthew Staite,4:37:37,0:36:17,2:15:16,1:34:13,272,n35-39,GBR,1281,sportstats
T100 Triathlon World Tour - London,2025-08-09,Age Group,100000,Amy Stoker,4:37:41,0:34:15,2:25:00,1:28:38,273,f20-24,GBR,2257,sportstats
T100 Triathlon World Tour - London,2025-08-09,Age Group,100000,James Trewick,4:37:45,0:39:43,2:23:09,1:24:38,274,n35-39,GBR,1592,sportstats
T100 Triathlon World Tour - London,2025-08-09,Age Group,100000,Joshua Vallis,4:37:51,0:36:46,2:21:28,1:26:12,275,n35-39,GBR,1664,sportstats
T100 Triathlon World Tour - London,2025-08-09,Age Group,100000,Joe Grainger,4:38:02,0:40:16,2:17:45,1:30:18,276,n45-49,GBR,1187,sportstats
T100 Triathlon World Tour - London,2025-08-09,Age Group,100000,Drew Morton,4:38:04,0:44:29,2:11:56,1:31:58,277,n45-49,GBR,1477,sportstats
T100 Triathlon World Tour - London,2025-08-09,Age Group,100000,Ross Wheeler,4:38:06,0:44:59,2:26:11,1:16:27,278,n25-29,GBR,1288,sportstats
T100 Triathlon World Tour - London,2025-08-09,Age Group,100000,Nazaneen Kay,4:38:06,0:38:55,2:24:26,1:25:38,279,f25-29,GBR,2328,sportstats
T100 Triathlon World Tour - London,2025-08-09,Age Group,100000,John Haywood,4:38:08,0:45:27,2:14:13,1:27:57,280,n50-54,GBR,1454,sportstats
T100 Triathlon World Tour - London,2025-08-09,Age Group,100000,Freddie Scott,4:38:11,0:39:44,2:23:12,1:24:16,281,n25-29,GBR,2165,sportstats
T100 Triathlon World Tour - London,2025-08-09,Age Group,100000,Luke Tingley,4:38:14,0:36:25,2:21:03,1:30:47,282,n40-44,GBR,1636,sportstats
T100 Triathlon World Tour - London,2025-08-09,Age Group,100000,Tom Holman,4:38:50,0:38:46,2:18:22,1:31:40,283,n25-29,GBR,1426,sportstats
T100 Triathlon World Tour - London,2025-08-09,Age Group,100000,Colin Hodson,4:38:57,0:34:12,2:22:03,1:33:23,284,n35-39,GBR,1260,sportstats
T100 Triathlon World Tour - London,2025-08-09,Age Group,100000,Justyna Majewska-Bogdanska,4:39:16,0:37:12,2:23:27,1:28:03,285,f35-39,POL,2179,sportstats
T100 Triathlon World Tour - London,2025-08-09,Age Group,100000,Andrew Lane,4:39:40,0:45:16,2:20:40,1:25:22,286,n35-39,GBR,1785,sportstats
T100 Triathlon World Tour - London,2025-08-09,Age Group,100000,Joshua Brown,4:39:48,0:39:37,2:22:40,1:23:30,287,n25-29,GBR,1324,sportstats
T100 Triathlon World Tour - London,2025-08-09,Age Group,100000,Zoltan Kalmar,4:39:53,0:38:57,2:21:18,1:30:02,288,n25-29,SVK,1685,sportstats
T100 Triathlon World Tour - London,2025-08-09,Age Group,100000,Fabrice Balme,4:39:54,0:40:25,2:15:33,1:35:02,289,n50-54,FRA,1536,sportstats
T100 Triathlon World Tour - London,2025-08-09,Age Group,100000,Peter Lloyd,4:39:56,0:40:57,2:09:45,1:39:18,290,n60-64,GBR,1363,sportstats
T100 Triathlon World Tour - London,2025-08-09,Age Group,100000,Nicholas Glendon,4:39:58,0:43:26,2:17:00,1:28:04,291,n30-34,GBR,1397,sportstats
T100 Triathlon World Tour - London,2025-08-09,Age Group,100000,James Lewis,4:39:59,0:40:23,2:26:33,1:22:58,292,n25-29,GBR,1721,sportstats
T100 Triathlon World Tour - London,2025-08-09,Age Group,100000,John Church,4:40:05,0:33:33,2:25:26,1:31:25,293,n30-34,GBR,1780,sportstats
T100 Triathlon World Tour - London,2025-08-09,Age Group,100000,Benjamin Bateman,4:40:09,0:40:33,2:19:51,1:29:43,294,n45-49,GBR,1630,sportstats
T100 Triathlon World Tour - London,2025-08-09,Age Group,100000,Melissa Abbey,4:40:20,0:38:58,2:25:04,1:23:36,295,f30-34,ZAF,2206,sportstats
T100 Triathlon World Tour - London,2025-08-09,Age Group,100000,Steve Flanagan,4:40:20,0:43:45,2:18:24,1:27:46,296,n50-54,GBR,1476,sportstats
T100 Triathlon World Tour - London,2025-08-09,Age Group,100000,Ingrid Baeke,4:40:29,0:34:21,2:23:15,1:31:58,297,f35-39,BEL,2181,sportstats
T100 Triathlon World Tour - London,2025-08-09,Age Group,100000,Wayne Symes,4:40:43,0:42:47,2:18:03,1:28:28,298,n50-54,AUS,1360,sportstats
T100 Triathlon World Tour - London,2025-08-09,Age Group,100000,Benoit Gandon,4:40:44,0:35:43,2:25:41,1:26:45,299,n30-34,FRA,1389,sportstats
T100 Triathlon World Tour - London,2025-08-09,Age Group,100000,Mauricio Romero,4:41:02,0:36:08,2:25:51,1:30:26,300,n25-29,ITA,1329,sportstats
T100 Triathlon World Tour - London,2025-08-09,Age Group,100000,Jack Tutass,4:41:04,0:38:17,2:26:13,1:23:54,301,n25-29,GBR,1227,sportstats
T100 Triathlon World Tour - London,2025-08-09,Age Group,100000,Thomas Stewart,4:41:05,0:37:59,2:30:58,1:21:41,302,n45-49,GBR,1297,sportstats
T100 Triathlon World Tour - London,2025-08-09,Age Group,100000,Benjamin Reid,4:41:09,0:40:47,2:17:33,1:29:53,303,n50-54,GBR,1421,sportstats
T100 Triathlon World Tour - London,2025-08-09,Age Group,100000,Joe Daly,4:41:13,0:40:51,2:24:16,1:28:20,304,n30-34,GBR,1130,sportstats
T100 Triathlon World Tour - London,2025-08-09,Age Group,100000,Roslyn Mcginty,4:41:15,0:39:19,2:18:05,1:31:00,305,f50-54,GBR,2426,sportstats
T100 Triathlon World Tour - London,2025-08-09,Age Group,100000,Lewis Chapman,4:41:16,0:40:12,2:30:14,1:19:42,306,n30-34,GBR,1566,sportstats
T100 Triathlon World Tour - London,2025-08-09,Age Group,100000,Bert Swennen,4:41:23,0:38:08,2:11:34,1:41:55,307,n35-39,BEL,1244,sportstats
T100 Triathlon World Tour - London,2025-08-09,Age Group,100000,Christopher Ash,4:41:26,0:44:05,2:24:15,1:21:16,308,n30-34,GBR,1224,sportstats
T100 Triathlon World Tour - London,2025-08-09,Age Group,100000,Jan De Wolff,4:41:32,0:34:46,2:32:25,1:20:55,309,n35-39,DEU,1249,sportstats
T100 Triathlon World Tour - London,2025-08-09,Age Group,100000,Andrew Rothery,4:41:33,0:35:58,2:22:56,1:29:01,310,n40-44,GBR,1634,sportstats
T100 Triathlon World Tour - London,2025-08-09,Age Group,100000,Jonathan Leigh,4:41:37,0:38:19,2:23:49,1:27:52,311,n40-44,GBR,1711,sportstats
T100 Triathlon World Tour - London,2025-08-09,Age Group,100000,Todd Liell,4:41:37,0:38:09,2:19:20,1:34:19,312,n20-24,GBR,1702,sportstats
T100 Triathlon World Tour - London,2025-08-09,Age Group,100000,Emily Dye,4:41:44,0:41:02,2:23:51,1:28:36,313,f40-44,GBR,2266,sportstats
T100 Triathlon World Tour - London,2025-08-09,Age Group,100000,Joe Miller,4:41:53,0:38:50,2:20:21,1:32:08,314,n25-29,GBR,2120,sportstats
T100 Triathlon World Tour - London,2025-08-09,Age Group,100000,Andrew Palmer,4:41:56,0:39:27,2:30:02,1:19:03,315,n20-24,GBR,1912,sportstats
T100 Triathlon World Tour - London,2025-08-09,Age Group,100000,Sebastian Hyde,4:42:05,0:48:00,2:18:26,1:23:09,316,n30-34,GBR,1625,sportstats
T100 Triathlon World Tour - London,2025-08-09,Age Group,100000,Gary Mackie,4:42:08,0:42:19,2:19:40,1:27:12,317,n30-34,GBR,2069,sportstats
T100 Triathlon World Tour - London,2025-08-09,Age Group,100000,Pia Otto,4:42:08,0:43:55,2:24:04,1:24:15,318,f25-29,DEU,2277,sportstats
T100 Triathlon World Tour - London,2025-08-09,Age Group,100000,Thomas Carthew,4:42:10,0:39:59,2:22:16,1:25:33,319,n18-19,GBR,1822,sportstats
T100 Triathlon World Tour - London,2025-08-09,Age Group,100000,Joaquin Uauy,4:42:16,0:40:36,2:17:18,1:32:07,320,n30-34,CHL,1436,sportstats
T100 Triathlon World Tour - London,2025-08-09,Age Group,100000,Alice Quinn,4:42:17,0:43:41,2:22:30,1:28:00,321,f30-34,IRL,2141,sportstats
T100 Triathlon World Tour - London,2025-08-09,Age Group,100000,Nicole Hamilton,4:42:24,0:30:59,2:33:03,1:25:33,322,f45-49,USA,2079,sportstats
T100 Triathlon World Tour - London,2025-08-09,Age Group,100000,Peter Hobson,4:42:36,0:45:37,2:20:34,1:26:00,323,n35-39,GBR,1398,sportstats
T100 Triathlon World Tour - London,2025-08-09,Age Group,100000,Janko Venhorst,4:42:47,0:40:50,2:17:30,1:34:54,324,n30-34,DEU,1278,sportstats
T100 Triathlon World Tour - London,2025-08-09,Age Group,100000,Mehdi Kaddour,4:42:53,0:43:22,2:28:51,1:18:51,325,n35-39,FRA,1328,sportstats
T100 Triathlon World Tour - London,2025-08-09,Age Group,100000,Richard Hayward,4:43:00,0:41:45,2:25:56,1:22:42,326,n30-34,GBR,1640,sportstats
T100 Triathlon World Tour - London,2025-08-09,Age Group,100000,Benjamin Wishart,4:43:00,0:37:16,2:21:18,1:33:48,327,n25-29,AUS,1236,sportstats
T100 Triathlon World Tour - London,2025-08-09,Age Group,100000,Vas Spyrou,4:43:00,0:56:08,2:12:40,1:25:24,328,n25-29,GRC,1017,sportstats
T100 Triathlon World Tour - London,2025-08-09,Age Group,100000,Adam Cope,4:43:05,0:45:02,2:22:05,1:25:44,329,n30-34,GBR,1319,sportstats
T100 Triathlon World Tour - London,2025-08-09,Age Group,100000,Clem Willis,4:43:09,0:37:11,2:18:27,1:37:28,330,n45-49,GBR,1394,sportstats
T100 Triathlon World Tour - London,2025-08-09,Age Group,100000,Hazel May,4:43:09,0:42:10,2:22:47,1:28:42,331,f30-34,GBR,PID:2275,sportstats
T100 Triathlon World Tour - London,2025-08-09,Age Group,100000,Qianshan Zhang,4:43:12,0:38:09,2:21:50,1:33:05,332,f25-29,CHN,2128,sportstats
T100 Triathlon World Tour - London,2025-08-09,Age Group,100000,Lech Synowka,4:43:14,0:44:19,2:24:24,1:24:40,333,n40-44,POL,1638,sportstats
T100 Triathlon World Tour - London,2025-08-09,Age Group,100000,Adam Bridle,4:43:22,0:43:19,2:27:20,1:22:50,334,n25-29,GBR,1300,sportstats
T100 Triathlon World Tour - London,2025-08-09,Age Group,100000,Yuechuan Xi,4:43:45,0:50:34,2:13:38,1:27:11,335,n30-34,CHN,1606,sportstats
T100 Triathlon World Tour - London,2025-08-09,Age Group,100000,Carlos Gane,4:43:47,0:42:23,2:35:09,1:16:22,336,n45-49,GBR,1333,sportstats
T100 Triathlon World Tour - London,2025-08-09,Age Group,100000,Katie Nimmo,4:44:18,0:32:00,2:22:50,1:37:49,337,f45-49,GBR,2055,sportstats
T100 Triathlon World Tour - London,2025-08-09,Age Group,100000,Huw Morgan,4:44:18,0:34:49,2:30:18,1:29:21,338,n25-29,GBR,1619,sportstats
T100 Triathlon World Tour - London,2025-08-09,Age Group,100000,Leigh Munday,4:44:26,0:42:37,2:25:44,1:26:56,339,n40-44,GBR,1550,sportstats
T100 Triathlon World Tour - London,2025-08-09,Age Group,100000,Gillian Sandford,4:44:27,0:38:48,2:29:17,1:26:10,340,f30-34,GBR,2126,sportstats
T100 Triathlon World Tour - London,2025-08-09,Age Group,100000,Timo Fittig,4:44:28,0:50:18,2:20:59,1:23:00,341,n35-39,DEU,1334,sportstats
T100 Triathlon World Tour - London,2025-08-09,Age Group,100000,Henry Milroy,4:44:34,0:44:01,2:16:13,1:35:13,342,n30-34,GBR,1262,sportstats
T100 Triathlon World Tour - London,2025-08-09,Age Group,100000,Jeff Crowden,4:44:38,0:33:56,2:26:09,1:36:38,343,n35-39,GBR,1239,sportstats
T100 Triathlon World Tour - London,2025-08-09,Age Group,100000,Emmanuel Barthelemy,4:44:39,0:48:37,2:21:19,1:23:27,344,n45-49,FRA,2167,sportstats
T100 Triathlon World Tour - London,2025-08-09,Age Group,100000,Aaron Khemlyani,4:44:44,0:35:25,2:28:51,1:29:20,345,n25-29,GBR,1920,sportstats
T100 Triathlon World Tour - London,2025-08-09,Age Group,100000,Kieran Bradley,4:44:50,0:39:47,2:18:45,1:37:05,346,n25-29,GBR,1427,sportstats
T100 Triathlon World Tour - London,2025-08-09,Age Group,100000,Ella Plumb,4:44:53,0:38:21,2:25:23,1:31:09,347,f20-24,GBR,2256,sportstats
T100 Triathlon World Tour - London,2025-08-09,Age Group,100000,Louis Lowry,4:44:55,0:39:14,2:27:50,1:25:27,348,n25-29,GBR,1987,sportstats
T100 Triathlon World Tour - London,2025-08-09,Age Group,100000,Arturo Noha,4:44:57,0:43:45,2:18:10,1:33:08,349,n45-49,ESP,1528,sportstats
T100 Triathlon World Tour - London,2025-08-09,Age Group,100000,Quinn Leatherbarrow-Stokes,4:44:58,0:43:06,2:14:53,1:36:12,350,n25-29,GBR,1439,sportstats
T100 Triathlon World Tour - London,2025-08-09,Age Group,100000,Anya Culling,4:44:59,0:48:23,2:33:25,1:11:05,351,f25-29,GBR,2077,sportstats
T100 Triathlon World Tour - London,2025-08-09,Age Group,100000,James Hawley,4:45:01,0:44:27,2:24:46,1:22:54,352,n25-29,GBR,1441,sportstats
T100 Triathlon World Tour - London,2025-08-09,Age Group,100000,Brendan Graaf,4:45:07,0:36:13,2:29:44,1:30:20,353,n35-39,ZAF,1545,sportstats
T100 Triathlon World Tour - London,2025-08-09,Age Group,100000,Simon Jardine,4:45:15,0:47:26,2:18:33,1:29:17,354,n50-54,GBR,1387,sportstats
T100 Triathlon World Tour - London,2025-08-09,Age Group,100000,Victor Adepegba,4:45:16,0:43:30,2:26:56,1:25:24,355,n50-54,GBR,1467,sportstats
T100 Triathlon World Tour - London,2025-08-09,Age Group,100000,Barbora Malikova,4:45:24,0:40:53,2:13:51,1:39:56,356,f30-34,SVK,2187,sportstats
T100 Triathlon World Tour - London,2025-08-09,Age Group,100000,Rawane Mbodj,4:45:27,0:49:18,2:15:51,1:27:59,357,n30-34,SEN,1475,sportstats
T100 Triathlon World Tour - London,2025-08-09,Age Group,100000,Max Kemsley,4:45:27,0:43:09,2:23:05,1:30:16,358,n30-34,GBR,1443,sportstats
T100 Triathlon World Tour - London,2025-08-09,Age Group,100000,Duncan Wood,4:45:30,0:39:40,2:17:59,1:36:07,359,n65-69,GBR,1377,sportstats
T100 Triathlon World Tour - London,2025-08-09,Age Group,100000,Paul Rosenberg,4:45:32,0:42:20,2:16:26,1:35:59,360,n45-49,USA,1353,sportstats
T100 Triathlon World Tour - London,2025-08-09,Age Group,100000,Douglas Young,4:45:46,0:44:08,2:08:13,1:44:43,361,n40-44,GBR,1245,sportstats
T100 Triathlon World Tour - London,2025-08-09,Age Group,100000,Mark Berbee,4:46:00,0:39:26,2:23:13,1:30:57,362,n35-39,NLD,1729,sportstats
T100 Triathlon World Tour - London,2025-08-09,Age Group,100000,Ben Shaw,4:46:14,0:54:17,2:22:50,1:17:25,363,n25-29,GBR,1516,sportstats
T100 Triathlon World Tour - London,2025-08-09,Age Group,100000,Ava Lee,4:46:18,0:39:46,2:30:44,1:25:33,364,f45-49,GBR,2029,sportstats
T100 Triathlon World Tour - London,2025-08-09,Age Group,100000,Michael Bankert,4:46:23,0:38:32,2:21:21,1:34:49,365,n50-54,DEU,1177,sportstats
T100 Triathlon World Tour - London,2025-08-09,Age Group,100000,Luke Martin,4:46:24,0:40:37,2:28:57,1:27:58,366,n25-29,IRL,1411,sportstats
T100 Triathlon World Tour - London,2025-08-09,Age Group,100000,Thibault Le Guezec,4:46:31,0:45:29,2:28:23,1:25:04,367,n30-34,FRA,1186,sportstats
T100 Triathlon World Tour - London,2025-08-09,Age Group,100000,Stan Colomb,4:46:32,0:43:32,2:23:51,1:27:58,368,n35-39,GBR,2009,sportstats
T100 Triathlon World Tour - London,2025-08-09,Age Group,100000,Edouard Martin-Bourhis,4:46:33,0:40:47,2:26:24,1:27:16,369,n25-29,FRA,1564,sportstats
T100 Triathlon World Tour - London,2025-08-09,Age Group,100000,Alexander Wace,4:46:36,0:43:39,2:15:29,1:37:33,370,n35-39,GBR,1303,sportstats
T100 Triathlon World Tour - London,2025-08-09,Age Group,100000,Shae Whyborne,4:46:38,0:39:37,2:23:36,1:28:16,371,n30-34,GBR,1509,sportstats
T100 Triathlon World Tour - London,2025-08-09,Age Group,100000,Chris Allison,4:46:39,0:38:53,2:28:43,1:28:07,372,n40-44,GBR,1317,sportstats
T100 Triathlon World Tour - London,2025-08-09,Age Group,100000,Roscoe Carter-Johnson,4:46:41,0:34:40,2:29:26,1:31:00,373,n30-34,ZAF,1417,sportstats
T100 Triathlon World Tour - London,2025-08-09,Age Group,100000,Ben Stirling,4:46:52,0:41:54,2:20:19,1:31:45,374,n55-59,GBR,1280,sportstats
T100 Triathlon World Tour - London,2025-08-09,Age Group,100000,Belinda Elena Cabrera Werder,4:46:53,0:34:34,2:19:15,1:44:14,375,f25-29,CHE,1066,sportstats
T100 Triathlon World Tour - London,2025-08-09,Age Group,100000,Lloyd Feeney,4:46:53,0:43:42,2:21:09,1:30:11,376,n35-39,GBR,1547,sportstats
T100 Triathlon World Tour - London,2025-08-09,Age Group,100000,Frere Buckland,4:46:56,0:37:18,2:27:33,1:32:54,377,f35-39,GBR,2178,sportstats
T100 Triathlon World Tour - London,2025-08-09,Age Group,100000,Elkhalil Mohamed Binebine,4:46:59,0:44:49,2:15:16,1:33:23,378,n60-64,MAR,1001,sportstats
T100 Triathlon World Tour - London,2025-08-09,Age Group,100000,Colin Kelly,4:47:03,0:40:16,2:14:03,1:41:34,379,n35-39,IRL,1014,sportstats
T100 Triathlon World Tour - London,2025-08-09,Age Group,100000,Richard Gunn,4:47:06,0:38:41,2:11:52,1:47:59,380,n50-54,GBR,1381,sportstats
T100 Triathlon World Tour - London,2025-08-09,Age Group,100000,Raymond Pitti,4:47:09,0:45:53,2:20:16,1:27:03,381,n45-49,GBR,1012,sportstats
T100 Triathlon World Tour - London,2025-08-09,Age Group,100000,Jay Milburn,4:47:09,0:34:46,2:18:27,1:44:29,382,n20-24,GBR,1104,sportstats
T100 Triathlon World Tour - London,2025-08-09,Age Group,100000,Alejandro Dallaserra,4:47:24,0:38:56,2:21:32,1:35:29,383,n30-34,CHL,1593,sportstats
T100 Triathlon World Tour - London,2025-08-09,Age Group,100000,Justin Lipson,4:47:27,0:44:32,2:25:10,1:26:02,384,n40-44,AUS,1502,sportstats
T100 Triathlon World Tour - London,2025-08-09,Age Group,100000,Dauren Abdirakhman,4:47:28,0:47:53,2:23:17,1:26:41,385,n40-44,KAZ,1402,sportstats
T100 Triathlon World Tour - London,2025-08-09,Age Group,100000,Salvatore Grieco,4:47:29,0:35:22,2:18:43,1:43:32,386,n50-54,FRA,1057,sportstats
T100 Triathlon World Tour - London,2025-08-09,Age Group,100000,Jamie Mcgrory,4:47:40,0:47:02,2:26:56,1:23:44,387,n45-49,GBR,1062,sportstats
T100 Triathlon World Tour - London,2025-08-09,Age Group,100000,Daren Ismay,4:47:52,0:40:38,2:20:55,1:35:14,388,n55-59,GBR,1627,sportstats
T100 Triathlon World Tour - London,2025-08-09,Age Group,100000,Ross Macdougall,4:47:53,0:38:46,2:22:08,1:34:30,389,n40-44,GBR,1678,sportstats
T100 Triathlon World Tour - London,2025-08-09,Age Group,100000,Nathan Race,4:47:58,0:37:14,2:19:14,1:40:37,390,n45-49,GBR,2136,sportstats
T100 Triathlon World Tour - London,2025-08-09,Age Group,100000,Artiom Cybulko,4:48:00,0:39:17,2:20:06,1:35:57,391,n30-34,LTU,2112,sportstats
T100 Triathlon World Tour - London,2025-08-09,Age Group,100000,Thomas Flament,4:48:01,0:40:35,2:21:55,1:34:50,392,n30-34,BEL,1292,sportstats
T100 Triathlon World Tour - London,2025-08-09,Age Group,100000,Thomas Nares,4:48:03,0:42:52,2:16:56,1:38:25,393,n35-39,FRA,1432,sportstats
T100 Triathlon World Tour - London,2025-08-09,Age Group,100000,Alec Mcleod,4:48:10,0:39:40,2:26:38,1:31:07,394,n20-24,BEL,1434,sportstats
T100 Triathlon World Tour - London,2025-08-09,Age Group,100000,Matt Baker,4:48:12,0:46:53,2:22:09,1:29:40,395,n30-34,GBR,1841,sportstats
T100 Triathlon World Tour - London,2025-08-09,Age Group,100000,Rafael Nunez,4:48:14,0:44:04,2:30:24,1:20:28,396,n35-39,GBR,1641,sportstats
T100 Triathlon World Tour - London,2025-08-09,Age Group,100000,Andy Furminger,4:48:31,0:44:14,2:27:43,1:26:51,397,n45-49,GBR,1526,sportstats
T100 Triathlon World Tour - London,2025-08-09,Age Group,100000,Stephen Thompson,4:48:35,0:46:15,2:34:09,1:19:37,398,n50-54,GBR,1102,sportstats
T100 Triathlon World Tour - London,2025-08-09,Age Group,100000,Andre Reid,4:48:40,0:44:54,2:18:32,1:34:04,399,n45-49,GBR,2020,sportstats
T100 Triathlon World Tour - London,2025-08-09,Age Group,100000,Ewa Pisarczyk,4:48:40,0:42:23,2:20:12,1:36:02,400,f35-39,GBR,2302,sportstats
T100 Triathlon World Tour - London,2025-08-09,Age Group,100000,Victor Sacramento,4:48:46,0:39:38,2:35:34,1:22:59,401,n40-44,ITA,1312,sportstats
T100 Triathlon World Tour - London,2025-08-09,Age Group,100000,Paul Kirwan,4:48:49,0:50:18,2:18:05,1:29:53,402,n45-49,IRL,1559,sportstats
T100 Triathlon World Tour - London,2025-08-09,Age Group,100000,Lisa Horgan,4:48:55,0:34:44,2:31:47,1:31:42,403,f50-54,IRL,2320,sportstats
T100 Triathlon World Tour - London,2025-08-09,Age Group,100000,Simon Read,4:49:15,0:47:35,2:23:18,1:26:14,404,n60-64,GBR,2088,sportstats
T100 Triathlon World Tour - London,2025-08-09,Age Group,100000,Jess Hardwick,4:49:19,0:39:10,2:28:15,1:30:24,405,f30-34,GBR,2366,sportstats
T100 Triathlon World Tour - London,2025-08-09,Age Group,100000,Adrian Feasby,4:49:21,0:38:02,2:17:42,1:43:00,406,n60-64,GBR,1321,sportstats
T100 Triathlon World Tour - London,2025-08-09,Age Group,100000,Leandro Quinta,4:49:23,0:42:54,2:29:10,1:25:16,407,n25-29,GBR,1632,sportstats
T100 Triathlon World Tour - London,2025-08-09,Age Group,100000,Rebecca Fossati,4:49:27,0:40:40,2:23:44,1:33:16,408,f20-24,ITA,2318,sportstats
T100 Triathlon World Tour - London,2025-08-09,Age Group,100000,Emma Yates,4:49:34,0:45:43,2:29:58,1:18:27,409,f55-59,GBR,2202,sportstats
T100 Triathlon World Tour - London,2025-08-09,Age Group,100000,Harry Jones,4:49:35,0:37:10,2:27:21,1:31:19,410,n30-34,GBR,1789,sportstats
T100 Triathlon World Tour - London,2025-08-09,Age Group,100000,Natalie Falshaw,4:49:41,0:35:00,2:37:30,1:27:57,411,f25-29,GBR,2344,sportstats
T100 Triathlon World Tour - London,2025-08-09,Age Group,100000,Rachel Fagan,4:49:49,0:41:22,2:25:32,1:33:05,412,f50-54,GBR,2207,sportstats
T100 Triathlon World Tour - London,2025-08-09,Age Group,100000,Katherine Hayes,4:49:56,0:43:24,2:28:29,1:28:17,413,f30-34,GBR,2118,sportstats
T100 Triathlon World Tour - London,2025-08-09,Age Group,100000,Chris Springall,4:50:03,0:39:48,2:29:49,1:28:32,414,n30-34,GBR,2117,sportstats
T100 Triathlon World Tour - London,2025-08-09,Age Group,100000,Madeleine Budd,4:50:05,0:41:54,2:22:11,1:34:12,415,f30-34,GBR,2339,sportstats
T100 Triathlon World Tour - London,2025-08-09,Age Group,100000,Caitlin Gelder,4:50:12,0:40:16,2:29:48,1:30:33,416,f20-24,GBR,2253,sportstats
T100 Triathlon World Tour - London,2025-08-09,Age Group,100000,Lukas Poppe,4:50:13,0:45:56,2:11:38,1:38:28,417,n25-29,BEL,1924,sportstats
T100 Triathlon World Tour - London,2025-08-09,Age Group,100000,Jennifer Rhodes,4:50:13,0:37:59,2:27:11,1:35:00,418,f35-39,GBR,2227,sportstats
T100 Triathlon World Tour - London,2025-08-09,Age Group,100000,Marc Collignon,4:50:14,0:44:35,2:22:48,1:30:34,419,n45-49,BEL,1512,sportstats
T100 Triathlon World Tour - London,2025-08-09,Age Group,100000,Niall Connolly,4:50:25,0:41:52,2:24:30,1:31:35,420,n30-34,IRL,1730,sportstats
T100 Triathlon World Tour - London,2025-08-09,Age Group,100000,Terry Nicholls,4:50:27,0:40:00,2:24:36,1:34:00,421,n45-49,GBR,2095,sportstats
T100 Triathlon World Tour - London,2025-08-09,Age Group,100000,Charlie Guyett,4:50:28,0:46:39,2:16:15,1:35:54,422,n20-24,GBR,1127,sportstats
T100 Triathlon World Tour - London,2025-08-09,Age Group,100000,Matt Ings,4:50:32,0:44:49,2:19:46,1:35:16,423,n40-44,GBR,1367,sportstats
T100 Triathlon World Tour - London,2025-08-09,Age Group,100000,Michael Kersten,4:50:33,0:41:06,2:26:16,1:33:46,424,n55-59,DEU,1357,sportstats
T100 Triathlon World Tour - London,2025-08-09,Age Group,100000,Rolf Brolemann,4:50:43,0:39:23,2:18:36,1:42:39,425,n60-64,DEU,1369,sportstats
T100 Triathlon World Tour - London,2025-08-09,Age Group,100000,Michael Openshaw,4:50:53,0:39:21,2:22:48,1:35:32,426,n35-39,GBR,1296,sportstats
T100 Triathlon World Tour - London,2025-08-09,Age Group,100000,Abiola Adeye,4:51:07,0:41:47,2:16:14,1:43:28,427,n25-29,DEU,2139,sportstats
T100 Triathlon World Tour - London,2025-08-09,Age Group,100000,Samantha Theobald,4:51:16,0:38:31,2:31:28,1:30:20,428,f40-44,GBR,2184,sportstats
T100 Triathlon World Tour - London,2025-08-09,Age Group,100000,David Elam,4:51:22,0:41:46,2:31:20,1:23:34,429,n35-39,USA,1775,sportstats
T100 Triathlon World Tour - London,2025-08-09,Age Group,100000,Alex Thornton,4:51:37,0:43:26,2:27:12,1:31:03,430,n30-34,GBR,1191,sportstats
T100 Triathlon World Tour - London,2025-08-09,Age Group,100000,Gary Miller,4:51:51,0:41:31,2:20:59,1:37:53,431,n55-59,GBR,1044,sportstats
T100 Triathlon World Tour - London,2025-08-09,Age Group,100000,Ollie Oliver,4:51:56,0:44:56,2:28:03,1:27:19,432,n55-59,GBR,1386,sportstats
T100 Triathlon World Tour - London,2025-08-09,Age Group,100000,Henry Grice,4:51:56,0:45:59,2:35:48,1:20:46,433,n30-34,GBR,1038,sportstats
T100 Triathlon World Tour - London,2025-08-09,Age Group,100000,Jose Manuel Fernandez Ruiz,4:52:09,0:36:41,2:17:30,1:45:21,434,n60-64,ESP,1263,sportstats
T100 Triathlon World Tour - London,2025-08-09,Age Group,100000,Mark Waldron,4:52:11,0:38:50,2:24:14,1:38:21,435,n55-59,GBR,1693,sportstats
T100 Triathlon World Tour - London,2025-08-09,Age Group,100000,Chris Neal,4:52:11,0:35:25,2:27:05,1:28:19,436,n35-39,GBR,1393,sportstats
T100 Triathlon World Tour - London,2025-08-09,Age Group,100000,Josh Deakin,4:52:12,0:42:31,2:25:41,1:30:11,437,n30-34,GBR,1378,sportstats
T100 Triathlon World Tour - London,2025-08-09,Age Group,100000,Germain Wagner,4:52:16,0:40:36,2:14:42,1:47:05,438,n25-29,CHE,1578,sportstats
T100 Triathlon World Tour - London,2025-08-09,Age Group,100000,Jake Salpeter,4:52:22,0:45:56,2:23:36,1:30:14,439,n30-34,CAN,1682,sportstats
T100 Triathlon World Tour - London,2025-08-09,Age Group,100000,Derek Stafford,4:52:23,0:38:50,2:18:04,1:45:37,440,n55-59,GBR,1266,sportstats
T100 Triathlon World Tour - London,2025-08-09,Age Group,100000,Olivia Scott,4:52:26,0:36:58,2:25:45,1:37:57,441,f25-29,AUS,2122,sportstats
T100 Triathlon World Tour - London,2025-08-09,Age Group,100000,Christopher Mayer,4:52:29,0:48:16,2:17:36,1:35:21,442,n40-44,DEU,2019,sportstats
T100 Triathlon World Tour - London,2025-08-09,Age Group,100000,Luke Bland,4:52:30,0:52:26,2:26:48,1:17:12,443,n35-39,GBR,1679,sportstats
T100 Triathlon World Tour - London,2025-08-09,Age Group,100000,Matthew Alderson,4:52:35,0:41:53,2:19:28,1:36:51,444,n35-39,GBR,1272,sportstats
T100 Triathlon World Tour - London,2025-08-09,Age Group,100000,Hubert Omanski,4:52:35,0:45:40,2:21:40,1:29:26,445,n35-39,POL,1819,sportstats
T100 Triathlon World Tour - London,2025-08-09,Age Group,100000,Andrew Lea Watkins,4:52:35,0:45:31,2:16:16,1:40:31,446,n40-44,GBR,1197,sportstats
T100 Triathlon World Tour - London,2025-08-09,Age Group,100000,Roeland Vandekerkhove,4:52:43,0:43:38,2:18:47,1:35:56,447,n50-54,BEL,1587,sportstats
T100 Triathlon World Tour - London,2025-08-09,Age Group,100000,Jack Henriksen,4:52:44,0:46:13,2:34:21,1:22:25,448,n35-39,GBR,1647,sportstats
T100 Triathlon World Tour - London,2025-08-09,Age Group,100000,Mathew Goddard,4:52:44,0:44:44,2:23:01,1:34:42,449,n50-54,GBR,1179,sportstats
T100 Triathlon World Tour - London,2025-08-09,Age Group,100000,Nicholas Black,4:52:45,0:47:20,2:31:45,1:20:20,450,n25-29,ZAF,1206,sportstats
T100 Triathlon World Tour - London,2025-08-09,Age Group,100000,James Woodroofe,4:52:45,0:45:22,2:29:39,1:27:19,451,n25-29,GBR,2161,sportstats
T100 Triathlon World Tour - London,2025-08-09,Age Group,100000,Clem Leonard,4:52:47,0:43:25,2:22:52,1:35:34,452,n50-54,IRL,2111,sportstats
T100 Triathlon World Tour - London,2025-08-09,Age Group,100000,George Dawson,4:52:48,0:39:36,2:23:33,1:38:16,453,n25-29,GBR,1749,sportstats
T100 Triathlon World Tour - London,2025-08-09,Age Group,100000,Alfie Swift,4:52:49,0:41:29,2:21:56,1:37:23,454,n25-29,GBR,1747,sportstats
T100 Triathlon World Tour - London,2025-08-09,Age Group,100000,Roberto Girardi,4:52:54,0:44:00,2:24:43,1:30:50,455,n35-39,ITA,1451,sportstats
T100 Triathlon World Tour - London,2025-08-09,Age Group,100000,Michael Johnston,4:52:56,0:39:41,2:25:35,1:36:52,456,n40-44,GBR,1737,sportstats
T100 Triathlon World Tour - London,2025-08-09,Age Group,100000,Jeremy Simpson,4:53:01,0:43:43,2:20:03,1:37:10,457,n50-54,GBR,1435,sportstats
T100 Triathlon World Tour - London,2025-08-09,Age Group,100000,Harry Cullum,4:53:03,0:38:22,2:33:24,1:28:53,458,n30-34,GBR,1210,sportstats
T100 Triathlon World Tour - London,2025-08-09,Age Group,100000,Maryna Shynkarenka,4:53:34,0:44:29,2:25:24,1:33:59,459,f30-34,BLR,2303,sportstats
T100 Triathlon World Tour - London,2025-08-09,Age Group,100000,Martin Osborne,4:53:50,0:47:51,2:19:20,1:32:59,460,n35-39,GBR,1473,sportstats
T100 Triathlon World Tour - London,2025-08-09,Age Group,100000,Louis Price,4:53:52,0:46:33,2:27:25,1:28:16,461,n30-34,GBR,2087,sportstats
T100 Triathlon World Tour - London,2025-08-09,Age Group,100000,Jeremy Austin,4:53:54,0:43:23,2:22:05,1:38:58,462,n25-29,GBR,1275,sportstats
T100 Triathlon World Tour - London,2025-08-09,Age Group,100000,Alberto Bortoletto,4:53:58,0:37:10,2:27:46,1:38:24,463,n45-49,ITA,1796,sportstats
T100 Triathlon World Tour - London,2025-08-09,Age Group,100000,Oliver Ridgwell,4:54:00,0:40:25,2:34:25,1:29:47,464,n40-44,GBR,1168,sportstats
T100 Triathlon World Tour - London,2025-08-09,Age Group,100000,Fraser Dawson,4:54:01,0:43:28,2:33:14,1:28:34,465,n55-59,GBR,1076,sportstats
T100 Triathlon World Tour - London,2025-08-09,Age Group,100000,Jay Harvey,4:54:09,0:41:59,2:20:55,1:39:16,466,n25-29,GBR,1957,sportstats
T100 Triathlon World Tour - London,2025-08-09,Age Group,100000,Dominic Drake,4:54:12,0:42:41,2:13:42,1:47:45,467,n25-29,GBR,1448,sportstats
T100 Triathlon World Tour - London,2025-08-09,Age Group,100000,Sara Basile,4:54:13,0:38:50,2:35:26,1:30:26,468,f30-34,CAN,2223,sportstats
T100 Triathlon World Tour - London,2025-08-09,Age Group,100000,Oliver Bennett,4:54:19,0:47:40,2:09:15,1:45:10,469,n30-34,GBR,1667,sportstats
T100 Triathlon World Tour - London,2025-08-09,Age Group,100000,Andriy Sypko,4:54:19,0:41:06,2:30:54,1:31:54,470,n40-44,UKR,1344,sportstats
T100 Triathlon World Tour - London,2025-08-09,Age Group,100000,Reyhaan Sethi,4:54:20,0:32:37,2:38:34,1:35:34,471,n20-24,BWA,1401,sportstats
T100 Triathlon World Tour - London,2025-08-09,Age Group,100000,Arthur Vermeire,4:54:22,0:40:31,2:18:30,1:41:47,472,n30-34,GBR,1529,sportstats
T100 Triathlon World Tour - London,2025-08-09,Age Group,100000,Fabian Jenne,4:54:26,0:49:15,2:15:39,1:35:33,473,n25-29,DEU,1126,sportstats
T100 Triathlon World Tour - London,2025-08-09,Age Group,100000,Mark Wallis,4:54:27,0:42:48,2:19:42,1:39:55,474,n55-59,GBR,1808,sportstats
T100 Triathlon World Tour - London,2025-08-09,Age Group,100000,Max Grigoryev,4:54:36,0:45:58,2:27:37,1:30:01,475,n30-34,USA,1561,sportstats
T100 Triathlon World Tour - London,2025-08-09,Age Group,100000,Andy Grey,4:54:48,0:55:30,2:22:27,1:26:54,476,n35-39,GBR,1309,sportstats
T100 Triathlon World Tour - London,2025-08-09,Age Group,100000,Callum Jellicoe,4:54:52,0:46:02,2:28:24,1:28:23,477,n30-34,GBR,1534,sportstats
T100 Triathlon World Tour - London,2025-08-09,Age Group,100000,Max Thorne,4:54:55,0:41:58,2:27:58,1:33:39,478,n25-29,GBR,1645,sportstats
T100 Triathlon World Tour - London,2025-08-09,Age Group,100000,Geraldine Woods,4:55:00,0:39:15,2:25:36,1:37:49,479,f40-44,GBR,2231,sportstats
T100 Triathlon World Tour - London,2025-08-09,Age Group,100000,Kieran Knight,4:55:06,0:43:29,2:22:57,1:34:05,480,n30-34,GBR,2106,sportstats
T100 Triathlon World Tour - London,2025-08-09,Age Group,100000,Scott Rodham-Boyd,4:55:10,0:48:23,2:17:43,1:38:25,481,n40-44,GBR,1585,sportstats
T100 Triathlon World Tour - London,2025-08-09,Age Group,100000,Shu Sun,4:55:10,0:17:28,2:38:40,1:53:14,482,n35-39,GBR,1963,sportstats
T100 Triathlon World Tour - London,2025-08-09,Age Group,100000,Mitchell Sim,4:55:12,0:47:16,2:12:58,1:37:47,483,n20-24,CAN,1368,sportstats
T100 Triathlon World Tour - London,2025-08-09,Age Group,100000,Alex Robinson,4:55:15,0:40:33,2:23:03,1:36:48,484,n40-44,GBR,1802,sportstats
T100 Triathlon World Tour - London,2025-08-09,Age Group,100000,Steve Reeves,4:55:20,0:35:11,2:37:23,1:33:41,485,n45-49,IRL,1404,sportstats
T100 Triathlon World Tour - London,2025-08-09,Age Group,100000,Jasmine Hallworth,4:55:31,0:35:40,2:34:51,1:34:11,486,f20-24,HKG,2264,sportstats
T100 Triathlon World Tour - London,2025-08-09,Age Group,100000,Stephen Chen,4:55:32,0:44:47,2:21:21,1:39:00,487,n25-29,GBR,1814,sportstats
T100 Triathlon World Tour - London,2025-08-09,Age Group,100000,Darren Craig,4:55:33,0:53:40,2:18:24,1:31:55,488,n40-44,GBR,1919,sportstats
T100 Triathlon World Tour - London,2025-08-09,Age Group,100000,James Tudor,4:55:34,0:35:01,2:32:25,1:38:49,489,n25-29,GBR,1483,sportstats
T100 Triathlon World Tour - London,2025-08-09,Age Group,100000,Tom Parrott,4:55:42,0:43:36,2:26:37,1:36:08,490,n30-34,GBR,1162,sportstats
T100 Triathlon World Tour - London,2025-08-09,Age Group,100000,James Sweeney,4:55:45,0:37:24,2:29:27,1:35:46,491,n25-29,GBR,1496,sportstats
T100 Triathlon World Tour - London,2025-08-09,Age Group,100000,Alex Fowler,4:55:56,0:43:11,2:19:10,1:42:43,492,n55-59,GBR,1881,sportstats
T100 Triathlon World Tour - London,2025-08-09,Age Group,100000,Ross Mcnulty,4:55:56,0:45:29,2:33:07,1:25:19,493,n25-29,GBR,1766,sportstats
T100 Triathlon World Tour - London,2025-08-09,Age Group,100000,Chris Odowd-Booth,4:55:59,0:42:44,2:31:11,1:29:13,494,n35-39,GBR,1503,sportstats
T100 Triathlon World Tour - London,2025-08-09,Age Group,100000,Martyn Goodwin,4:56:03,0:44:23,2:19:24,1:41:56,495,n50-54,GBR,1209,sportstats
T100 Triathlon World Tour - London,2025-08-09,Age Group,100000,Antonin Jeandin,4:56:06,0:41:06,2:23:24,1:35:53,496,n20-24,FRA,1532,sportstats
T100 Triathlon World Tour - London,2025-08-09,Age Group,100000,Romain Thomas,4:56:06,0:45:25,2:16:07,1:39:45,497,n40-44,FRA,1869,sportstats
T100 Triathlon World Tour - London,2025-08-09,Age Group,100000,Laura Kirkpatrick,4:56:13,0:47:01,2:16:45,1:38:38,498,f25-29,GBR,2361,sportstats
T100 Triathlon World Tour - London,2025-08-09,Age Group,100000,Matt Knight,4:56:31,0:45:18,2:30:13,1:27:42,499,n30-34,GBR,1540,sportstats
T100 Triathlon World Tour - London,2025-08-09,Age Group,100000,Kevin Prendergast,4:56:32,0:36:49,2:30:57,1:36:10,500,n50-54,IRL,1558,sportstats
T100 Triathlon World Tour - London,2025-08-09,Age Group,100000,Yves Gendronneau,4:56:39,0:44:18,2:24:56,1:36:38,501,n45-49,FRA,1410,sportstats
T100 Triathlon World Tour - London,2025-08-09,Age Group,100000,Vyacheslav Tsoy,4:56:42,0:54:37,2:24:42,1:25:28,502,n45-49,KAZ,1392,sportstats
T100 Triathlon World Tour - London,2025-08-09,Age Group,100000,Brad Mckenzie-Quinn,4:56:42,0:41:53,2:27:26,1:35:20,503,n25-29,GBR,1336,sportstats
T100 Triathlon World Tour - London,2025-08-09,Age Group,100000,Callum Anderson,4:56:48,0:47:22,2:25:39,1:32:12,504,n30-34,GBR,1644,sportstats
T100 Triathlon World Tour - London,2025-08-09,Age Group,100000,Nathan Richards,4:56:50,0:37:42,2:42:21,1:22:40,505,n30-34,GBR,1700,sportstats
T100 Triathlon World Tour - London,2025-08-09,Age Group,100000,Terry Broderick,4:56:50,0:48:37,2:23:25,1:34:00,506,n50-54,IRL,1481,sportstats
T100 Triathlon World Tour - London,2025-08-09,Age Group,100000,Gareth Cooke,4:56:50,0:42:49,2:22:41,1:38:58,507,n45-49,GBR,1938,sportstats
T100 Triathlon World Tour - London,2025-08-09,Age Group,100000,Theodore Wrigley,4:56:57,0:41:14,2:18:12,1:45:59,508,n25-29,IRL,1824,sportstats
T100 Triathlon World Tour - London,2025-08-09,Age Group,100000,Ollie Foord,4:57:17,0:38:25,2:28:22,1:41:09,509,n30-34,GBR,1817,sportstats
T100 Triathlon World Tour - London,2025-08-09,Age Group,100000,Victoria Rigo,4:57:17,0:40:05,2:25:13,1:41:51,510,f20-24,FRA,2043,sportstats
T100 Triathlon World Tour - London,2025-08-09,Age Group,100000,Simon Oneill,4:57:25,0:38:15,2:33:09,1:36:19,511,n50-54,GBR,1609,sportstats
T100 Triathlon World Tour - London,2025-08-09,Age Group,100000,Fragkiskos Karvounakis,4:57:28,0:46:23,2:25:13,1:33:05,512,n40-44,GRC,1419,sportstats
T100 Triathlon World Tour - London,2025-08-09,Age Group,100000,Rhea Shepherd,4:57:31,0:44:08,2:28:44,1:33:51,513,f35-39,GBR,2212,sportstats
T100 Triathlon World Tour - London,2025-08-09,Age Group,100000,Tobias Cornwell,4:57:31,0:43:36,2:21:11,1:40:25,514,n25-29,GBR,1440,sportstats
T100 Triathlon World Tour - London,2025-08-09,Age Group,100000,Ellie Pressdee,4:57:32,0:40:09,2:19:12,1:45:48,515,f25-29,GBR,2229,sportstats
T100 Triathlon World Tour - London,2025-08-09,Age Group,100000,Richard Lewis,4:57:37,0:37:46,2:23:01,1:44:50,516,n50-54,GBR,2068,sportstats
T100 Triathlon World Tour - London,2025-08-09,Age Group,100000,Greg Helmich,4:58:00,0:43:16,2:24:50,1:35:33,517,n40-44,GBR,1613,sportstats
T100 Triathlon World Tour - London,2025-08-09,Age Group,100000,Shaun Peach,4:58:01,0:50:59,2:22:59,1:32:08,518,n35-39,GBR,2038,sportstats
T100 Triathlon World Tour - London,2025-08-09,Age Group,100000,Maria Yesenia Torres Hernandez,4:58:02,0:35:52,2:37:32,1:33:40,519,f35-39,ESP,2215,sportstats
T100 Triathlon World Tour - London,2025-08-09,Age Group,100000,Lucy Blanchard,4:58:05,0:48:04,2:23:57,1:35:39,520,f40-44,GBR,2236,sportstats
T100 Triathlon World Tour - London,2025-08-09,Age Group,100000,Sam Feek,4:58:06,0:44:52,2:21:20,1:40:14,521,n45-49,GBR,1429,sportstats
T100 Triathlon World Tour - London,2025-08-09,Age Group,100000,Hans Bjarni Lenvig,4:58:11,0:38:11,2:21:09,1:44:45,522,n35-39,DNK,1537,sportstats
T100 Triathlon World Tour - London,2025-08-09,Age Group,100000,Graham Kirby,4:58:17,0:41:04,2:26:09,1:33:45,523,n40-44,GBR,1542,sportstats
T100 Triathlon World Tour - London,2025-08-09,Age Group,100000,Ethan Radford,4:58:20,0:45:26,2:30:33,1:30:27,524,n25-29,GBR,1642,sportstats
T100 Triathlon World Tour - London,2025-08-09,Age Group,100000,Arabella Cox,4:58:25,0:50:31,2:28:08,1:28:35,525,f25-29,GBR,2130,sportstats
T100 Triathlon World Tour - London,2025-08-09,Age Group,100000,Gaia Gambacciani,4:58:32,0:47:35,2:28:20,1:32:44,526,f25-29,ITA,2240,sportstats
T100 Triathlon World Tour - London,2025-08-09,Age Group,100000,Nicholas Plummer,4:58:41,0:48:23,2:19:52,1:37:22,527,n40-44,GBR,1768,sportstats
T100 Triathlon World Tour - London,2025-08-09,Age Group,100000,Alan Hardy,4:59:09,1:08:35,2:52:21,1:28:57,528,n55-59,IRL,1183,sportstats
T100 Triathlon World Tour - London,2025-08-09,Age Group,100000,Mohammad Bugambar,4:59:09,0:44:39,2:29:46,1:35:08,529,n35-39,KWT,1433,sportstats
T100 Triathlon World Tour - London,2025-08-09,Age Group,100000,Stuart Grey,4:59:10,0:45:57,2:24:48,1:38:01,530,n45-49,GBR,2082,sportstats
T100 Triathlon World Tour - London,2025-08-09,Age Group,100000,Esther Frawley,4:59:10,0:43:40,2:30:21,1:34:51,531,f20-24,GBR,2272,sportstats
T100 Triathlon World Tour - London,2025-08-09,Age Group,100000,Adam Bartlett,4:59:11,0:46:42,2:20:48,1:37:45,532,n30-34,GBR,1485,sportstats
T100 Triathlon World Tour - London,2025-08-09,Age Group,100000,Daniel Lee,4:59:12,0:50:22,2:31:51,1:23:12,533,n55-59,GBR,2030,sportstats
T100 Triathlon World Tour - London,2025-08-09,Age Group,100000,James Sloan,4:59:17,0:42:40,2:23:20,1:41:04,534,n40-44,GBR,1658,sportstats
T100 Triathlon World Tour - London,2025-08-09,Age Group,100000,Maxime Dorgere,4:59:21,0:47:23,2:24:57,1:35:34,535,n35-39,FRA,1602,sportstats
T100 Triathlon World Tour - London,2025-08-09,Age Group,100000,Jen Beattie,4:59:24,0:34:56,2:35:16,1:38:53,536,f50-54,GBR,2177,sportstats
T100 Triathlon World Tour - London,2025-08-09,Age Group,100000,Iulian Moga,4:59:25,0:43:01,2:35:18,1:28:28,537,n40-44,ROU,1603,sportstats
T100 Triathlon World Tour - London,2025-08-09,Age Group,100000,Tommaso Terzuolo,4:59:38,0:38:58,2:26:47,1:36:24,538,n30-34,ITA,1415,sportstats
T100 Triathlon World Tour - London,2025-08-09,Age Group,100000,Shane Stevenson,4:59:42,0:50:51,2:18:54,1:35:08,539,n35-39,GBR,1791,sportstats
T100 Triathlon World Tour - London,2025-08-09,Age Group,100000,Mark Di Campo,4:59:50,0:38:59,2:26:13,1:43:24,540,n30-34,GBR,1291,sportstats
T100 Triathlon World Tour - London,2025-08-09,Age Group,100000,Nicos Bikakis,4:59:52,0:44:00,2:17:03,1:47:51,541,n35-39,GRC,1285,sportstats
T100 Triathlon World Tour - London,2025-08-09,Age Group,100000,Sara Ghorayeb,4:59:57,0:45:12,2:33:42,1:27:00,542,f20-24,FRA,2337,sportstats
T100 Triathlon World Tour - London,2025-08-09,Age Group,100000,Emily Joice,4:59:58,0:47:11,2:25:54,1:36:24,543,f25-29,GBR,2363,sportstats
T100 Triathlon World Tour - London,2025-08-09,Age Group,100000,Nathan Merrett,5:00:00,0:36:08,2:37:01,1:33:08,544,n25-29,GBR,1586,sportstats
T100 Triathlon World Tour - London,2025-08-09,Age Group,100000,Sigurd Uyttebroek,5:00:14,0:39:02,2:22:34,1:44:51,545,n30-34,BEL,1601,sportstats
T100 Triathlon World Tour - London,2025-08-09,Age Group,100000,Peter Kendon,5:00:15,0:42:02,2:26:08,1:42:17,546,n50-54,GBR,1828,sportstats
T100 Triathlon World Tour - London,2025-08-09,Age Group,100000,Daniel Squires,5:00:18,0:43:10,2:27:32,1:33:47,547,n35-39,GBR,1950,sportstats
T100 Triathlon World Tour - London,2025-08-09,Age Group,100000,Max Goman,5:00:20,0:38:44,2:39:39,1:29:25,548,n25-29,GBR,2159,sportstats
T100 Triathlon World Tour - London,2025-08-09,Age Group,100000,Gavin Dunn,5:00:29,0:45:59,2:22:20,1:39:54,549,n45-49,GBR,1361,sportstats
T100 Triathlon World Tour - London,2025-08-09,Age Group,100000,Lucy Garner,5:00:33,0:41:23,2:40:36,1:28:33,550,f25-29,NZL,2312,sportstats
T100 Triathlon World Tour - London,2025-08-09,Age Group,100000,Karis Fuller,5:00:37,0:31:57,2:34:18,1:43:33,551,f25-29,GBR,2327,sportstats
T100 Triathlon World Tour - London,2025-08-09,Age Group,100000,Joao Venes,5:00:43,0:41:05,2:31:15,1:37:13,552,n45-49,PRT,1037,sportstats
T100 Triathlon World Tour - London,2025-08-09,Age Group,100000,Joshua Bryant,5:00:45,0:53:50,2:20:49,1:30:08,553,n35-39,GBR,1821,sportstats
T100 Triathlon World Tour - London,2025-08-09,Age Group,100000,Cory Eaton,5:00:46,0:38:16,2:33:03,1:38:13,554,n25-29,GBR,1722,sportstats
T100 Triathlon World Tour - London,2025-08-09,Age Group,100000,Archie Putt,5:00:50,0:41:56,2:25:41,1:42:44,555,n25-29,GBR,1988,sportstats
T100 Triathlon World Tour - London,2025-08-09,Age Group,100000,Yuk Tong Lee,5:00:52,0:41:45,2:45:37,1:23:59,556,n45-49,HKG,1620,sportstats
T100 Triathlon World Tour - London,2025-08-09,Age Group,100000,Brian Defrain,5:00:53,0:34:40,2:27:40,1:47:00,557,n45-49,GBR,1570,sportstats
T100 Triathlon World Tour - London,2025-08-09,Age Group,100000,Alana Coulter,5:00:56,0:40:53,2:29:47,1:38:39,558,f30-34,GBR,2358,sportstats
T100 Triathlon World Tour - London,2025-08-09,Age Group,100000,Raffaello Mangiavacchi,5:00:59,0:40:58,2:38:40,1:30:16,559,n30-34,ITA,1744,sportstats
T100 Triathlon World Tour - London,2025-08-09,Age Group,100000,Simon Goss,5:01:04,0:48:04,2:24:02,1:35:41,560,n45-49,GBR,1734,sportstats
T100 Triathlon World Tour - London,2025-08-09,Age Group,100000,Aaron Shingler,5:01:05,0:38:14,2:17:38,1:53:03,561,n35-39,GBR,1716,sportstats
T100 Triathlon World Tour - London,2025-08-09,Age Group,100000,Tom Mayo,5:01:28,0:45:40,2:24:11,1:38:50,562,n40-44,GBR,1396,sportstats
T100 Triathlon World Tour - London,2025-08-09,Age Group,100000,Emma Headley,5:01:37,0:43:25,2:42:54,1:22:29,563,f25-29,GBR,2425,sportstats
T100 Triathlon World Tour - London,2025-08-09,Age Group,100000,Carl Russell,5:01:50,0:39:38,2:25:33,1:36:44,564,n20-24,GBR,1418,sportstats
T100 Triathlon World Tour - London,2025-08-09,Age Group,100000,Gail Walker,5:01:57,0:37:30,2:36:06,1:35:21,565,f50-54,GBR,2157,sportstats
T100 Triathlon World Tour - London,2025-08-09,Age Group,100000,Michal Janeczek,5:02:02,0:45:05,2:35:22,1:29:06,566,n55-59,POL,1686,sportstats
T100 Triathlon World Tour - London,2025-08-09,Age Group,100000,James Rafferty,5:02:04,0:47:43,2:30:27,1:29:29,567,n25-29,AUS,1579,sportstats
T100 Triathlon World Tour - London,2025-08-09,Age Group,100000,Jiri Pluhar,5:02:12,0:46:52,2:16:23,1:50:02,568,n30-34,GBR,1373,sportstats
T100 Triathlon World Tour - London,2025-08-09,Age Group,100000,Mccreagh Lackman,5:02:13,0:38:08,2:34:30,1:34:52,569,f30-34,USA,2341,sportstats
T100 Triathlon World Tour - London,2025-08-09,Age Group,100000,Oliver Ivarsson,5:02:15,0:42:46,2:26:21,1:43:22,570,n20-24,GBR,1468,sportstats
T100 Triathlon World Tour - London,2025-08-09,Age Group,100000,Oli Holland,5:02:18,0:52:59,2:24:54,1:32:27,571,n35-39,GBR,1845,sportstats
T100 Triathlon World Tour - London,2025-08-09,Age Group,100000,Nicola Beck,5:02:33,0:43:11,2:23:20,1:42:51,572,f55-59,GBR,2219,sportstats
T100 Triathlon World Tour - London,2025-08-09,Age Group,100000,Neil Krawitz,5:02:36,0:45:20,2:31:05,1:36:55,573,n45-49,AUS,1453,sportstats
T100 Triathlon World Tour - London,2025-08-09,Age Group,100000,Jonno Wilkes,5:02:46,0:39:42,2:24:52,1:39:15,574,n25-29,GBR,1207,sportstats
T100 Triathlon World Tour - London,2025-08-09,Age Group,100000,Silvio Plaasch,5:02:51,0:46:45,2:25:26,1:36:28,575,n50-54,DEU,1420,sportstats
T100 Triathlon World Tour - London,2025-08-09,Age Group,100000,Callum Millard,5:02:56,0:40:46,2:33:46,1:34:32,576,n20-24,GBR,1504,sportstats
T100 Triathlon World Tour - London,2025-08-09,Age Group,100000,Sarah Mcdonald,5:03:02,0:49:37,2:31:04,1:28:36,577,f50-54,GBR,2288,sportstats
T100 Triathlon World Tour - London,2025-08-09,Age Group,100000,Robbie Muir,5:03:02,0:47:02,2:26:02,1:39:32,578,n25-29,GBR,1754,sportstats
T100 Triathlon World Tour - London,2025-08-09,Age Group,100000,Gabriel Merlet,5:03:16,0:48:53,2:21:21,1:39:37,579,n30-34,FRA,1710,sportstats
T100 Triathlon World Tour - London,2025-08-09,Age Group,100000,Ben Humphrys,5:03:28,0:50:53,2:27:14,1:34:47,580,n35-39,GBR,1376,sportstats
T100 Triathlon World Tour - London,2025-08-09,Age Group,100000,Stephen Arthur,5:03:28,0:47:30,2:30:32,1:26:23,581,n25-29,GBR,1790,sportstats
T100 Triathlon World Tour - London,2025-08-09,Age Group,100000,Lewis Crombie,5:03:30,0:43:31,2:28:14,1:36:04,582,n18-19,GBR,1966,sportstats
T100 Triathlon World Tour - London,2025-08-09,Age Group,100000,Edward Lewis,5:03:30,0:42:08,2:17:07,1:53:20,583,n25-29,GBR,1482,sportstats
T100 Triathlon World Tour - London,2025-08-09,Age Group,100000,Scott Stacey,5:03:32,0:46:30,2:27:42,1:36:41,584,n50-54,GBR,1355,sportstats
T100 Triathlon World Tour - London,2025-08-09,Age Group,100000,Tristan Read,5:03:35,0:51:51,2:13:56,1:40:43,585,n40-44,GBR,1803,sportstats
T100 Triathlon World Tour - London,2025-08-09,Age Group,100000,Derek Shevlin,5:03:47,0:44:34,2:26:56,1:40:43,586,n45-49,IRL,1875,sportstats
T100 Triathlon World Tour - London,2025-08-09,Age Group,100000,Stewart Hackman,5:03:51,0:44:30,2:33:05,1:36:32,587,n55-59,GBR,1589,sportstats
T100 Triathlon World Tour - London,2025-08-09,Age Group,100000,Jamie Sykes Macleod,5:03:59,0:41:28,2:28:49,1:33:56,588,n25-29,GBR,1293,sportstats
T100 Triathlon World Tour - London,2025-08-09,Age Group,100000,Ryan Avezzano,5:04:08,0:45:21,2:27:45,1:32:40,589,n20-24,IRL,1703,sportstats
T100 Triathlon World Tour - London,2025-08-09,Age Group,100000,Declan Greene,5:04:18,0:38:14,2:36:42,1:36:00,590,n25-29,GBR,1491,sportstats
T100 Triathlon World Tour - London,2025-08-09,Age Group,100000,Richard Thornton,5:04:19,0:39:43,2:25:42,1:48:26,591,n55-59,GBR,1246,sportstats
T100 Triathlon World Tour - London,2025-08-09,Age Group,100000,Shane Coyle,5:04:19,0:46:39,2:19:29,1:41:38,592,n45-49,IRL,2052,sportstats
T100 Triathlon World Tour - London,2025-08-09,Age Group,100000,James Hooper,5:04:20,0:46:30,2:24:10,1:42:17,593,n45-49,GBR,2036,sportstats
T100 Triathlon World Tour - London,2025-08-09,Age Group,100000,Cameron Anderson,5:04:24,0:46:58,2:31:12,1:32:34,594,n25-29,GBR,1968,sportstats
T100 Triathlon World Tour - London,2025-08-09,Age Group,100000,Josh Mcgregor,5:04:36,0:38:29,2:29:05,1:46:28,595,n35-39,GBR,1406,sportstats
T100 Triathlon World Tour - London,2025-08-09,Age Group,100000,Roisin Doran,5:04:36,0:43:58,2:39:25,1:30:27,596,f50-54,IRL,2321,sportstats
T100 Triathlon World Tour - London,2025-08-09,Age Group,100000,Marie Truyens,5:04:40,0:47:12,2:34:40,1:31:19,597,f30-34,BEL,1761,sportstats
T100 Triathlon World Tour - London,2025-08-09,Age Group,100000,Shing Min Vincent Choi,5:04:42,0:46:19,2:36:25,1:29:59,598,n50-54,MAC,1470,sportstats
T100 Triathlon World Tour - London,2025-08-09,Age Group,100000,Aaron Omahony,5:04:44,0:54:09,2:24:32,1:32:07,599,n30-34,GBR,1305,sportstats
T100 Triathlon World Tour - London,2025-08-09,Age Group,100000,Sarah Kidd,5:04:50,0:38:15,2:37:22,1:36:37,600,f30-34,GBR,2252,sportstats
T100 Triathlon World Tour - London,2025-08-09,Age Group,100000,Krishan Shah,5:04:56,0:46:31,2:30:46,1:36:31,601,n25-29,GBR,2125,sportstats
T100 Triathlon World Tour - London,2025-08-09,Age Group,100000,Tom Weston,5:05:04,0:46:35,2:29:49,1:34:47,602,n25-29,GBR,1915,sportstats
T100 Triathlon World Tour - London,2025-08-09,Age Group,100000,Fiona Ord,5:05:19,0:38:30,2:21:51,1:53:23,603,f45-49,GBR,2308,sportstats
T100 Triathlon World Tour - London,2025-08-09,Age Group,100000,Fraser Cottrell,5:05:20,0:37:45,2:25:28,1:52:15,604,n25-29,GBR,1649,sportstats
T100 Triathlon World Tour - London,2025-08-09,Age Group,100000,Duncan House,5:05:30,0:45:32,2:21:56,1:45:24,605,n45-49,GBR,1535,sportstats
T100 Triathlon World Tour - London,2025-08-09,Age Group,100000,Daniel Benton,5:05:36,0:38:53,2:34:24,1:43:12,606,n30-34,GBR,1299,sportstats
T100 Triathlon World Tour - London,2025-08-09,Age Group,100000,Louise Madge,5:05:40,0:44:53,2:27:47,1:43:14,607,f45-49,GBR,2225,sportstats
T100 Triathlon World Tour - London,2025-08-09,Age Group,100000,Valentin Balaschenko,5:05:40,0:46:55,2:29:04,1:37:57,608,n45-49,GBR,1655,sportstats
T100 Triathlon World Tour - London,2025-08-09,Age Group,100000,Mark Hudson,5:05:47,0:42:35,2:34:15,1:33:34,609,n60-64,GBR,1346,sportstats
T100 Triathlon World Tour - London,2025-08-09,Age Group,100000,Andrew Field,5:05:56,0:46:31,2:29:55,1:36:37,610,n45-49,GBR,1650,sportstats
T100 Triathlon World Tour - London,2025-08-09,Age Group,100000,Hugo Flynn,5:06:08,0:42:44,2:37:32,1:33:35,611,n25-29,IRL,1892,sportstats
T100 Triathlon World Tour - London,2025-08-09,Age Group,100000,John Schlotz,5:06:14,0:38:09,2:41:10,1:28:25,612,n35-39,USA,1942,sportstats
T100 Triathlon World Tour - London,2025-08-09,Age Group,100000,James Anthoney,5:06:20,0:43:54,2:30:33,1:24:53,613,n25-29,GBR,1731,sportstats
T100 Triathlon World Tour - London,2025-08-09,Age Group,100000,Ashley Baker,5:06:23,0:41:54,2:32:43,1:41:15,614,n55-59,GBR,1527,sportstats
T100 Triathlon World Tour - London,2025-08-09,Age Group,100000,Sven Rymenans,5:06:25,0:45:07,2:24:37,1:41:04,615,n30-34,BEL,1748,sportstats
T100 Triathlon World Tour - London,2025-08-09,Age Group,100000,David Tyrrell,5:06:42,0:46:35,2:20:58,1:45:20,616,n45-49,GBR,1543,sportstats
T100 Triathlon World Tour - London,2025-08-09,Age Group,100000,Peeters Maxime,5:06:43,0:39:31,2:32:05,1:42:48,617,n35-39,BEL,1683,sportstats
T100 Triathlon World Tour - London,2025-08-09,Age Group,100000,Mikhail Glik,5:06:44,0:44:34,2:22:54,1:45:13,618,n30-34,RUS,1769,sportstats
T100 Triathlon World Tour - London,2025-08-09,Age Group,100000,Bjarne Johannsen,5:06:50,0:44:50,2:21:29,1:47:35,619,n25-29,DEU,1125,sportstats
T100 Triathlon World Tour - London,2025-08-09,Age Group,100000,Amanda Pattinson,5:07:03,0:36:41,2:34:04,1:44:17,620,f55-59,GBR,4445,sportstats
T100 Triathlon World Tour - London,2025-08-09,Age Group,100000,Barbara Holmes,5:07:03,0:36:41,2:34:04,1:44:17,621,f65-69,GBR,2261,sportstats
T100 Triathlon World Tour - London,2025-08-09,Age Group,100000,Oren Hoxter,5:07:05,0:38:16,2:21:35,1:55:34,622,n50-54,ISR,1194,sportstats
T100 Triathlon World Tour - London,2025-08-09,Age Group,100000,Dan Barnes,5:07:08,0:39:31,2:36:22,1:38:37,623,n35-39,GBR,1571,sportstats
T100 Triathlon World Tour - London,2025-08-09,Age Group,100000,Tim Cochrane,5:07:22,0:49:34,2:30:52,1:35:37,624,n50-54,GBR,1853,sportstats
T100 Triathlon World Tour - London,2025-08-09,Age Group,100000,Andrew Day,5:07:22,0:45:27,2:39:51,1:25:49,625,n40-44,GBR,1887,sportstats
T100 Triathlon World Tour - London,2025-08-09,Age Group,100000,Will Hughes,5:07:23,0:41:02,2:33:02,1:38:42,626,n30-34,GBR,2099,sportstats
T100 Triathlon World Tour - London,2025-08-09,Age Group,100000,Denis Hanley,5:07:23,0:39:11,2:32:03,1:42:40,627,n50-54,IRL,1598,sportstats
T100 Triathlon World Tour - London,2025-08-09,Age Group,100000,Gary Squires,5:07:24,0:43:13,2:27:07,1:44:07,628,n55-59,GBR,1663,sportstats
T100 Triathlon World Tour - London,2025-08-09,Age Group,100000,Georgie Maynard,5:07:26,0:49:23,2:32:35,1:34:54,629,f30-34,GBR,2279,sportstats
T100 Triathlon World Tour - London,2025-08-09,Age Group,100000,Eimear Laffan,5:07:31,0:42:57,2:37:58,1:35:07,630,f45-49,IRL,2330,sportstats
T100 Triathlon World Tour - London,2025-08-09,Age Group,100000,Ffion Jones,5:07:35,0:39:56,2:35:44,1:41:15,631,f25-29,GBR,2262,sportstats
T100 Triathlon World Tour - London,2025-08-09,Age Group,100000,Graham Fitzpatrick,5:07:36,0:44:05,2:32:05,1:37:09,632,n25-29,GBR,1694,sportstats
T100 Triathlon World Tour - London,2025-08-09,Age Group,100000,Arno Kretschmer,5:07:55,0:40:03,2:20:17,1:54:58,633,n45-49,DEU,1750,sportstats
T100 Triathlon World Tour - London,2025-08-09,Age Group,100000,Aaron Kennedy,5:07:59,0:46:14,2:29:31,1:40:25,634,n20-24,IRL,1751,sportstats
T100 Triathlon World Tour - London,2025-08-09,Age Group,100000,Richard Vande Putte,5:07:59,0:50:14,2:34:04,1:30:57,635,n40-44,GBR,1772,sportstats
T100 Triathlon World Tour - London,2025-08-09,Age Group,100000,Niall Doyle,5:08:13,0:46:40,2:28:31,1:43:16,636,n45-49,IRL,1408,sportstats
T100 Triathlon World Tour - London,2025-08-09,Age Group,100000,Reda Elassooudi,5:08:34,0:50:44,2:32:11,1:33:52,637,n20-24,BEL,1399,sportstats
T100 Triathlon World Tour - London,2025-08-09,Age Group,100000,Lily Howlett,5:08:36,0:45:54,2:33:59,1:34:05,638,f25-29,GBR,2399,sportstats
T100 Triathlon World Tour - London,2025-08-09,Age Group,100000,Ben Park,5:08:37,0:42:30,2:31:30,1:40:47,639,n50-54,GBR,1407,sportstats
T100 Triathlon World Tour - London,2025-08-09,Age Group,100000,Rachael Clarke,5:08:41,0:44:05,2:39:06,1:35:55,640,f30-34,GBR,2247,sportstats
T100 Triathlon World Tour - London,2025-08-09,Age Group,100000,Alexander Bean,5:08:42,0:36:54,2:29:48,1:47:19,641,n35-39,USA,1787,sportstats
T100 Triathlon World Tour - London,2025-08-09,Age Group,100000,David Hardy,5:08:49,0:50:10,2:22:46,1:44:04,642,n35-39,GBR,1539,sportstats
T100 Triathlon World Tour - London,2025-08-09,Age Group,100000,Myles Hartley,5:08:50,0:40:00,2:40:44,1:37:36,643,n30-34,GBR,1596,sportstats
T100 Triathlon World Tour - London,2025-08-09,Age Group,100000,Christian Davison,5:08:56,0:36:02,2:22:50,1:57:04,644,n30-34,GBR,1818,sportstats
T100 Triathlon World Tour - London,2025-08-09,Age Group,100000,Neil Thorne,5:09:01,0:54:13,2:24:03,1:38:46,645,n35-39,GBR,2115,sportstats
T100 Triathlon World Tour - London,2025-08-09,Age Group,100000,Steph Furneaux,5:09:08,0:45:43,2:34:41,1:37:10,646,f35-39,GBR,2313,sportstats
T100 Triathlon World Tour - London,2025-08-09,Age Group,100000,Alexander Augustine,5:09:08,0:35:51,2:36:34,1:40:50,647,n35-39,GBR,1313,sportstats
T100 Triathlon World Tour - London,2025-08-09,Age Group,100000,Tom Papworth-Smith,5:09:09,0:47:25,2:33:09,1:35:44,648,n30-34,GBR,1053,sportstats
T100 Triathlon World Tour - London,2025-08-09,Age Group,100000,Gareth Beck,5:09:10,0:38:59,2:45:57,1:32:47,649,n55-59,GBR,1348,sportstats
T100 Triathlon World Tour - London,2025-08-09,Age Group,100000,Paul Taylor,5:09:13,0:43:00,2:27:06,1:48:20,650,n55-59,GBR,1590,sportstats
T100 Triathlon World Tour - London,2025-08-09,Age Group,100000,John Hernandez,5:09:16,0:37:42,2:33:27,1:47:40,651,n45-49,COL,1371,sportstats
T100 Triathlon World Tour - London,2025-08-09,Age Group,100000,Adam Shand,5:09:42,0:50:11,2:25:26,1:43:21,652,n35-39,GBR,1444,sportstats
T100 Triathlon World Tour - London,2025-08-09,Age Group,100000,Pierpaolo Zeni,5:09:43,0:43:29,2:35:47,1:38:14,653,n55-59,ITA,1226,sportstats
T100 Triathlon World Tour - London,2025-08-09,Age Group,100000,Ross Hammond,5:09:52,0:42:11,2:33:39,1:40:26,654,n30-34,GBR,1403,sportstats
T100 Triathlon World Tour - London,2025-08-09,Age Group,100000,Celine Rieger,5:10:12,0:46:53,2:24:47,1:45:21,655,f35-39,FRA,2429,sportstats
T100 Triathlon World Tour - London,2025-08-09,Age Group,100000,Naomi Avery,5:10:13,0:54:13,2:32:36,1:32:35,656,f40-44,GBR,2250,sportstats
T100 Triathlon World Tour - London,2025-08-09,Age Group,100000,Paul Pritchard,5:10:16,0:48:19,2:32:51,1:35:56,657,n40-44,GBR,2152,sportstats
T100 Triathlon World Tour - London,2025-08-09,Age Group,100000,Alice Barnes,5:10:20,0:38:10,2:34:21,1:48:34,658,f50-54,GBR,2132,sportstats
T100 Triathlon World Tour - London,2025-08-09,Age Group,100000,Andrei Kochnev,5:10:24,0:37:53,2:29:31,1:48:32,659,n30-34,RUS,1228,sportstats
T100 Triathlon World Tour - London,2025-08-09,Age Group,100000,Mohammad Mousavi,5:10:25,0:56:07,2:28:21,1:33:16,660,n25-29,IRN,1261,sportstats
T100 Triathlon World Tour - London,2025-08-09,Age Group,100000,Minnie Young,5:10:30,0:44:35,2:36:34,1:38:25,661,f25-29,GBR,2305,sportstats
T100 Triathlon World Tour - London,2025-08-09,Age Group,100000,Zelie Thomas,5:10:55,0:43:47,2:26:32,1:48:22,662,f30-34,GBR,2301,sportstats
T100 Triathlon World Tour - London,2025-08-09,Age Group,100000,Fiona Innes,5:10:58,0:48:46,2:26:27,1:43:06,663,f40-44,GBR,2208,sportstats
T100 Triathlon World Tour - London,2025-08-09,Age Group,100000,Enrico Baracaglia,5:10:59,0:41:12,2:37:12,1:38:35,664,n30-34,ITA,1811,sportstats
T100 Triathlon World Tour - London,2025-08-09,Age Group,100000,Luke Frankie,5:11:06,0:49:36,2:32:22,1:37:16,665,n35-39,GBR,1901,sportstats
T100 Triathlon World Tour - London,2025-08-09,Age Group,100000,Remy Laborde,5:11:09,0:49:50,2:27:12,1:40:12,666,n35-39,FRA,1479,sportstats
T100 Triathlon World Tour - London,2025-08-09,Age Group,100000,Anne Oesterling,5:11:14,0:50:48,2:30:25,1:33:45,667,f35-39,DEU,1880,sportstats
T100 Triathlon World Tour - London,2025-08-09,Age Group,100000,Denis Galanov,5:11:30,0:53:19,2:24:52,1:40:30,668,n35-39,RUS,1677,sportstats
T100 Triathlon World Tour - London,2025-08-09,Age Group,100000,Oscar Vicente Pradales,5:11:32,0:45:10,2:22:57,1:49:31,669,n50-54,ESP,1375,sportstats
T100 Triathlon World Tour - London,2025-08-09,Age Group,100000,James Brown,5:11:36,0:39:24,2:28:59,1:50:18,670,n50-54,GBR,1493,sportstats
T100 Triathlon World Tour - London,2025-08-09,Age Group,100000,Tom Reimer,5:11:41,0:46:16,2:33:50,1:39:42,671,n30-34,GBR,1829,sportstats
T100 Triathlon World Tour - London,2025-08-09,Age Group,100000,Campbell Mitchell,5:11:54,0:36:56,2:47:36,1:38:08,672,n35-39,GBR,1577,sportstats
T100 Triathlon World Tour - London,2025-08-09,Age Group,100000,Ewald Sturmlechner,5:11:58,0:45:32,2:21:02,1:51:11,673,n50-54,AUT,2039,sportstats
T100 Triathlon World Tour - London,2025-08-09,Age Group,100000,Peter Verschoote,5:11:58,0:41:26,2:30:19,1:46:59,674,n40-44,CAN,2148,sportstats
T100 Triathlon World Tour - London,2025-08-09,Age Group,100000,Katharina Riesen,5:12:00,0:51:57,2:45:09,1:24:53,675,f30-34,DEU,2356,sportstats
T100 Triathlon World Tour - London,2025-08-09,Age Group,100000,Andrew Toller,5:12:19,0:40:00,2:27:58,1:46:24,676,n25-29,GBR,2021,sportstats
T100 Triathlon World Tour - London,2025-08-09,Age Group,100000,Paul Ahearn,5:12:19,0:40:40,2:33:15,1:44:45,677,n40-44,GBR,1779,sportstats
T100 Triathlon World Tour - London,2025-08-09,Age Group,100000,Tracey Smith,5:12:21,0:48:23,2:26:28,1:46:28,678,f55-59,GBR,2316,sportstats
T100 Triathlon World Tour - London,2025-08-09,Age Group,100000,Paul Knight,5:12:22,0:45:32,2:27:57,1:43:45,679,n55-59,GBR,2026,sportstats
T100 Triathlon World Tour - London,2025-08-09,Age Group,100000,Rob Lee,5:12:28,0:54:28,2:31:23,1:32:08,680,n40-44,GBR,1654,sportstats
T100 Triathlon World Tour - London,2025-08-09,Age Group,100000,Zoe Batten,5:12:33,0:47:51,2:38:04,1:35:15,681,f35-39,GBR,2200,sportstats
T100 Triathlon World Tour - London,2025-08-09,Age Group,100000,Jessica Katsouris,5:12:43,0:47:34,2:31:07,1:40:49,682,f45-49,GBR,2013,sportstats
T100 Triathlon World Tour - London,2025-08-09,Age Group,100000,Martin Peart,5:12:44,0:40:52,2:30:41,1:47:59,683,n40-44,GBR,2073,sportstats
T100 Triathlon World Tour - London,2025-08-09,Age Group,100000,Stephen Leeson,5:12:47,0:45:50,2:26:34,1:46:00,684,n50-54,GBR,1705,sportstats
T100 Triathlon World Tour - London,2025-08-09,Age Group,100000,Ian Howard,5:12:49,0:39:55,2:31:37,1:47:29,685,n70+,GBR,1657,sportstats
T100 Triathlon World Tour - London,2025-08-09,Age Group,100000,Simon Nicholls,5:12:50,0:42:07,2:31:05,1:44:05,686,n50-54,GBR,1865,sportstats
T100 Triathlon World Tour - London,2025-08-09,Age Group,100000,Clement Droesch,5:12:52,0:54:00,2:21:25,1:44:02,687,n25-29,FRA,1322,sportstats
T100 Triathlon World Tour - London,2025-08-09,Age Group,100000,Fengyuan Yang,5:13:14,0:52:18,2:21:37,1:48:11,688,n25-29,CHN,1971,sportstats
T100 Triathlon World Tour - London,2025-08-09,Age Group,100000,Debbie Clarke,5:13:16,0:44:41,2:42:33,1:32:45,689,f50-54,GBR,2220,sportstats
T100 Triathlon World Tour - London,2025-08-09,Age Group,100000,Urte Bernataviciute,5:13:17,0:46:46,2:39:25,1:36:17,690,f30-34,LTU,1778,sportstats
T100 Triathlon World Tour - London,2025-08-09,Age Group,100000,James Wartig,5:13:23,0:43:55,2:25:49,1:50:47,691,n30-34,GBR,1798,sportstats
T100 Triathlon World Tour - London,2025-08-09,Age Group,100000,Ben Larcombe,5:13:24,0:37:23,2:30:42,1:51:54,692,n40-44,GBR,1400,sportstats
T100 Triathlon World Tour - London,2025-08-09,Age Group,100000,Tuna Yildiz,5:13:24,0:46:49,2:32:48,1:41:53,693,n25-29,TUR,1736,sportstats
T100 Triathlon World Tour - London,2025-08-09,Age Group,100000,Daniel Trout,5:13:39,0:47:36,2:31:13,1:44:28,694,n25-29,GBR,1582,sportstats
T100 Triathlon World Tour - London,2025-08-09,Age Group,100000,Clare Moseley,5:13:49,0:41:14,2:41:00,1:39:02,695,f30-34,GBR,2057,sportstats
T100 Triathlon World Tour - London,2025-08-09,Age Group,100000,Mikhail Shevchenko,5:13:51,0:49:27,2:31:02,1:41:22,696,n35-39,KAZ,2156,sportstats
T100 Triathlon World Tour - London,2025-08-09,Age Group,100000,Roger Finn,5:13:55,0:52:48,2:32:04,1:32:28,697,n40-44,IRL,1931,sportstats
T100 Triathlon World Tour - London,2025-08-09,Age Group,100000,Lucy Lambert,5:14:04,0:42:20,2:37:03,1:42:07,698,f20-24,GBR,2382,sportstats
T100 Triathlon World Tour - London,2025-08-09,Age Group,100000,Erik Simonics,5:14:13,0:47:50,2:28:28,1:43:39,699,n35-39,SVK,1457,sportstats
T100 Triathlon World Tour - London,2025-08-09,Age Group,100000,Ilan Zachi,5:14:19,0:42:27,2:25:05,1:54:12,700,n55-59,ISR,1026,sportstats
T100 Triathlon World Tour - London,2025-08-09,Age Group,100000,James Thompson,5:14:26,0:41:08,2:29:40,1:50:51,701,n25-29,GBR,1820,sportstats
T100 Triathlon World Tour - London,2025-08-09,Age Group,100000,Charlie Olley,5:14:36,0:40:25,2:31:47,1:52:35,702,n25-29,GBR,1029,sportstats
T100 Triathlon World Tour - London,2025-08-09,Age Group,100000,Leticia Vaz Ortolan,5:14:38,0:47:59,2:26:56,1:49:20,703,f30-34,BRA,2103,sportstats
T100 Triathlon World Tour - London,2025-08-09,Age Group,100000,Charlotte Oliver,5:14:42,0:39:49,2:41:49,1:40:36,704,f25-29,GBR,2254,sportstats
T100 Triathlon World Tour - London,2025-08-09,Age Group,100000,Benjamin Goulding,5:14:42,0:41:09,2:40:40,1:37:33,705,n20-24,GBR,1424,sportstats
T100 Triathlon World Tour - London,2025-08-09,Age Group,100000,Chris Davey,5:14:42,0:48:26,2:30:54,1:41:31,706,n35-39,ZAF,1201,sportstats
T100 Triathlon World Tour - London,2025-08-09,Age Group,100000,Liberty Gordon-Brown,5:14:44,0:43:08,2:36:18,1:36:39,707,f30-34,GBR,2342,sportstats
T100 Triathlon World Tour - London,2025-08-09,Age Group,100000,Henry Roberts,5:14:56,0:47:56,2:24:46,1:44:30,708,n25-29,GBR,2431,sportstats
T100 Triathlon World Tour - London,2025-08-09,Age Group,100000,Sonya Brotherton,5:14:57,0:43:32,2:32:48,1:43:05,709,f50-54,GBR,2195,sportstats
T100 Triathlon World Tour - London,2025-08-09,Age Group,100000,Javier Fernandez Fraguas,5:15:03,0:42:19,2:36:23,1:38:21,710,n50-54,ESP,1962,sportstats
T100 Triathlon World Tour - London,2025-08-09,Age Group,100000,Pete Reilly,5:15:03,0:44:57,2:45:08,1:34:03,711,n30-34,GBR,1501,sportstats
T100 Triathlon World Tour - London,2025-08-09,Age Group,100000,Jacob Harris,5:15:23,0:44:24,2:36:51,1:42:37,712,n30-34,GBR,1265,sportstats
T100 Triathlon World Tour - London,2025-08-09,Age Group,100000,Cameron Wallis,5:15:32,0:51:02,2:49:44,1:24:34,713,n30-34,GBR,1616,sportstats
T100 Triathlon World Tour - London,2025-08-09,Age Group,100000,David Gordon,5:15:33,0:55:33,2:31:36,1:37:21,714,n35-39,GBR,2050,sportstats
T100 Triathlon World Tour - London,2025-08-09,Age Group,100000,Nicolas Goubil,5:15:37,0:46:26,2:31:56,1:43:32,715,n30-34,FRA,1897,sportstats
T100 Triathlon World Tour - London,2025-08-09,Age Group,100000,Ryan Conroy,5:15:48,0:43:55,2:35:49,1:42:22,716,n40-44,GBR,1784,sportstats
T100 Triathlon World Tour - London,2025-08-09,Age Group,100000,Alex Salter,5:15:52,0:46:46,2:37:43,1:42:20,717,n25-29,GBR,1253,sportstats
T100 Triathlon World Tour - London,2025-08-09,Age Group,100000,Neal Clark,5:15:55,0:52:30,2:22:11,1:48:08,718,n55-59,GBR,1553,sportstats
T100 Triathlon World Tour - London,2025-08-09,Age Group,100000,Alasdair Stewart,5:16:03,0:43:59,2:30:32,1:49:28,719,n30-34,GBR,1675,sportstats
T100 Triathlon World Tour - London,2025-08-09,Age Group,100000,Elizabeth Watson,5:16:07,0:38:36,2:38:49,1:47:23,720,f25-29,GBR,2294,sportstats
T100 Triathlon World Tour - London,2025-08-09,Age Group,100000,Lee Smallwood,5:16:18,0:35:27,2:32:06,1:55:54,721,n45-49,GBR,2011,sportstats
T100 Triathlon World Tour - London,2025-08-09,Age Group,100000,Jo Crawford,5:16:35,0:47:03,2:35:20,1:42:48,722,f55-59,GBR,2276,sportstats
T100 Triathlon World Tour - London,2025-08-09,Age Group,100000,Jens Callewaert,5:16:37,0:40:46,2:37:11,1:42:17,723,n25-29,BEL,2345,sportstats
T100 Triathlon World Tour - London,2025-08-09,Age Group,100000,Vishesh Narang,5:16:38,0:40:41,2:34:19,1:46:21,724,n35-39,IND,2090,sportstats
T100 Triathlon World Tour - London,2025-08-09,Age Group,100000,Amol Aranake,5:16:40,0:43:17,2:35:00,1:46:30,725,n30-34,IND,1190,sportstats
T100 Triathlon World Tour - London,2025-08-09,Age Group,100000,Sara Neyt,5:16:51,0:39:32,2:33:08,1:51:00,726,f40-44,BEL,2180,sportstats
T100 Triathlon World Tour - London,2025-08-09,Age Group,100000,Andrew Parsons,5:16:53,0:40:05,2:27:07,1:56:57,727,n60-64,GBR,1583,sportstats
T100 Triathlon World Tour - London,2025-08-09,Age Group,100000,Niclas Joensen,5:16:58,0:42:45,2:38:16,1:41:51,728,n30-34,DNK,1538,sportstats
T100 Triathlon World Tour - London,2025-08-09,Age Group,100000,William Thompson,5:17:03,0:48:06,2:33:15,1:45:08,729,n20-24,GBR,1688,sportstats
T100 Triathlon World Tour - London,2025-08-09,Age Group,100000,Tobia Marchi,5:17:04,0:49:24,2:35:25,1:38:49,730,n30-34,ITA,1458,sportstats
T100 Triathlon World Tour - London,2025-08-09,Age Group,100000,Abdulla Shaheen Alkaabi,5:17:10,0:49:16,2:21:46,1:52:58,731,n35-39,QAT,1160,sportstats
T100 Triathlon World Tour - London,2025-08-09,Age Group,100000,Will Davis,5:17:17,0:39:56,2:48:29,1:36:32,732,n30-34,GBR,1145,sportstats
T100 Triathlon World Tour - London,2025-08-09,Age Group,100000,David Vaughan,5:17:21,0:49:29,2:34:51,1:39:22,733,n40-44,GBR,1909,sportstats
T100 Triathlon World Tour - London,2025-08-09,Age Group,100000,Bruce Willerton,5:17:23,0:43:29,2:26:55,1:53:19,734,n65-69,GBR,2076,sportstats
T100 Triathlon World Tour - London,2025-08-09,Age Group,100000,Rafael Costa,5:17:28,0:43:26,2:32:15,1:43:29,735,n30-34,PRT,1954,sportstats
T100 Triathlon World Tour - London,2025-08-09,Age Group,100000,Lisa De Ste Croix,5:17:42,0:46:23,2:42:45,1:33:01,736,f45-49,GBR,2296,sportstats
T100 Triathlon World Tour - London,2025-08-09,Age Group,100000,Peter Maile,5:17:46,0:52:32,2:29:49,1:43:24,737,n30-34,GBR,1807,sportstats
T100 Triathlon World Tour - London,2025-08-09,Age Group,100000,Bethany Hayes,5:17:47,0:43:17,2:42:08,1:39:41,738,f25-29,GBR,1888,sportstats
T100 Triathlon World Tour - London,2025-08-09,Age Group,100000,Henri Grelet,5:17:54,0:49:55,2:34:39,1:40:23,739,n20-24,FRA,2084,sportstats
T100 Triathlon World Tour - London,2025-08-09,Age Group,100000,Ellamae Beake,5:18:02,0:34:55,2:52:22,1:39:25,740,f25-29,GBR,2282,sportstats
T100 Triathlon World Tour - London,2025-08-09,Age Group,100000,Alex Hellier,5:18:09,0:51:20,2:32:19,1:34:32,741,n45-49,GBR,1588,sportstats
T100 Triathlon World Tour - London,2025-08-09,Age Group,100000,John Nelson,5:18:11,0:45:50,2:31:38,1:48:57,742,n45-49,AUS,1422,sportstats
T100 Triathlon World Tour - London,2025-08-09,Age Group,100000,James Butler,5:18:12,0:45:19,2:36:19,1:46:00,743,n30-34,GBR,1633,sportstats
T100 Triathlon World Tour - London,2025-08-09,Age Group,100000,Michael Kennedy,5:18:14,0:41:05,2:41:42,1:43:07,744,n35-39,GBR,1917,sportstats
T100 Triathlon World Tour - London,2025-08-09,Age Group,100000,Fjodors Lebedevs,5:18:32,0:45:10,2:38:17,1:39:00,745,n35-39,LVA,1546,sportstats
T100 Triathlon World Tour - London,2025-08-09,Age Group,100000,Clare Worgan,5:18:37,0:43:09,2:39:59,1:43:25,746,f45-49,GBR,2048,sportstats
T100 Triathlon World Tour - London,2025-08-09,Age Group,100000,Alain Janssens,5:18:41,0:42:00,2:32:34,1:46:54,747,n40-44,BEL,2116,sportstats
T100 Triathlon World Tour - London,2025-08-09,Age Group,100000,Sam Pearce,5:18:48,0:46:07,2:34:58,1:44:39,748,n30-34,GBR,1635,sportstats
T100 Triathlon World Tour - London,2025-08-09,Age Group,100000,Alessandro Bortoletto,5:18:49,0:40:51,2:30:33,1:55:19,749,n50-54,ITA,1464,sportstats
T100 Triathlon World Tour - London,2025-08-09,Age Group,100000,Matt Seddon,5:18:50,0:59:55,2:25:39,1:36:13,750,n30-34,GBR,2121,sportstats
T100 Triathlon World Tour - London,2025-08-09,Age Group,100000,Sam Askham,5:19:07,0:41:05,2:25:56,1:58:59,751,n40-44,GBR,1918,sportstats
T100 Triathlon World Tour - London,2025-08-09,Age Group,100000,Alex Saunders,5:19:11,0:37:50,2:39:18,1:46:32,752,n45-49,GBR,1903,sportstats
T100 Triathlon World Tour - London,2025-08-09,Age Group,100000,Dean Inocco,5:19:13,0:39:55,2:30:26,1:58:47,753,n40-44,ZAF,2074,sportstats
T100 Triathlon World Tour - London,2025-08-09,Age Group,100000,Calum Maynard,5:19:13,0:39:36,2:25:10,2:03:36,754,n30-34,GBR,1290,sportstats
T100 Triathlon World Tour - London,2025-08-09,Age Group,100000,Tom Wise,5:19:14,0:43:25,2:29:09,1:48:36,755,n30-34,GBR,1430,sportstats
T100 Triathlon World Tour - London,2025-08-09,Age Group,100000,Benny Mui,5:19:14,0:46:30,2:29:14,1:50:12,756,n50-54,GBR,1611,sportstats
T100 Triathlon World Tour - London,2025-08-09,Age Group,100000,Andre Heldal,5:19:15,0:48:33,2:36:02,1:41:39,757,n30-34,NOR,1548,sportstats
T100 Triathlon World Tour - London,2025-08-09,Age Group,100000,Daniel Di Lieto,5:19:18,0:49:50,2:32:07,1:41:58,758,n25-29,GBR,2193,sportstats
T100 Triathlon World Tour - London,2025-08-09,Age Group,100000,George Robbins,5:19:21,0:37:20,2:45:22,1:37:36,759,n25-29,GBR,1923,sportstats
T100 Triathlon World Tour - London,2025-08-09,Age Group,100000,Andre Marcelino,5:19:22,0:37:14,2:34:52,1:51:34,760,n35-39,PRT,1723,sportstats
T100 Triathlon World Tour - London,2025-08-09,Age Group,100000,Lisa Fitzharris,5:19:23,0:40:04,2:36:39,1:49:45,761,f35-39,IRL,2273,sportstats
T100 Triathlon World Tour - London,2025-08-09,Age Group,100000,James Lorimer Turner,5:19:25,0:40:21,2:37:57,1:49:44,762,n30-34,GBR,1028,sportstats
T100 Triathlon World Tour - London,2025-08-09,Age Group,100000,David Spry,5:19:25,0:39:45,2:33:18,1:49:59,763,n60-64,GBR,1698,sportstats
T100 Triathlon World Tour - London,2025-08-09,Age Group,100000,Harry Cresswell,5:19:33,0:44:39,2:32:36,1:47:06,764,n25-29,GBR,1706,sportstats
T100 Triathlon World Tour - London,2025-08-09,Age Group,100000,Libby Sheldon,5:19:40,0:43:01,2:34:46,1:50:59,765,f25-29,GBR,2334,sportstats
T100 Triathlon World Tour - London,2025-08-09,Age Group,100000,Matheus Henrique Marcolan Daniel,5:19:47,0:49:35,2:42:49,1:37:08,766,n35-39,BRA,1701,sportstats
T100 Triathlon World Tour - London,2025-08-09,Age Group,100000,Adam Rudge,5:19:48,0:41:56,2:44:35,1:40:58,767,n35-39,GBR,1765,sportstats
T100 Triathlon World Tour - London,2025-08-09,Age Group,100000,Helena Krawitz,5:19:57,0:49:43,2:35:25,1:42:55,768,f45-49,GBR,2329,sportstats
T100 Triathlon World Tour - London,2025-08-09,Age Group,100000,Michelle Catsavis,5:19:58,0:45:36,2:38:12,1:43:08,769,f35-39,GBR,2322,sportstats
T100 Triathlon World Tour - London,2025-08-09,Age Group,100000,Shane Bolster,5:20:12,0:49:58,2:31:58,1:45:00,770,n45-49,IRL,1981,sportstats
T100 Triathlon World Tour - London,2025-08-09,Age Group,100000,James Mackins,5:20:12,0:43:52,2:33:07,1:45:02,771,n25-29,GBR,1697,sportstats
T100 Triathlon World Tour - London,2025-08-09,Age Group,100000,Samuel Ward,5:20:15,0:48:14,2:34:06,1:42:13,772,n45-49,GBR,1908,sportstats
T100 Triathlon World Tour - London,2025-08-09,Age Group,100000,John Downey,5:20:27,0:43:23,2:29:49,1:53:54,773,n40-44,IRL,1222,sportstats
T100 Triathlon World Tour - London,2025-08-09,Age Group,100000,Michael Horton,5:20:33,0:45:43,2:32:32,1:48:15,774,n40-44,GBR,1866,sportstats
T100 Triathlon World Tour - London,2025-08-09,Age Group,100000,Nikita Patel,5:20:33,0:47:30,2:44:14,1:35:22,775,f35-39,GBR,2092,sportstats
T100 Triathlon World Tour - London,2025-08-09,Age Group,100000,Leon Hollings,5:20:36,0:49:24,2:27:48,1:48:58,776,n40-44,GBR,1922,sportstats
T100 Triathlon World Tour - London,2025-08-09,Age Group,100000,Gethin Love,5:20:52,0:38:57,2:35:14,1:54:47,777,n25-29,GBR,1763,sportstats
T100 Triathlon World Tour - London,2025-08-09,Age Group,100000,Camilla Camerea,5:20:59,0:36:32,2:47:42,1:45:28,778,f30-34,GBR,1708,sportstats
T100 Triathlon World Tour - London,2025-08-09,Age Group,100000,Esme Cross,5:21:03,0:39:29,2:43:17,1:44:05,779,f20-24,GBR,1986,sportstats
T100 Triathlon World Tour - London,2025-08-09,Age Group,100000,Antonio Battista,5:21:05,0:43:16,2:35:52,1:47:49,780,n60-64,ITA,1362,sportstats
T100 Triathlon World Tour - London,2025-08-09,Age Group,100000,Paul Langham,5:21:06,0:38:00,2:38:05,1:48:31,781,n45-49,AUS,2024,sportstats
T100 Triathlon World Tour - London,2025-08-09,Age Group,100000,Oliver Weston,5:21:09,0:42:05,2:39:11,1:46:17,782,n30-34,GBR,1902,sportstats
T100 Triathlon World Tour - London,2025-08-09,Age Group,100000,Aina Ussenova,5:21:17,1:01:48,2:27:53,1:37:04,783,f30-34,KAZ,2197,sportstats
T100 Triathlon World Tour - London,2025-08-09,Age Group,100000,Daniel Bosch,5:21:26,0:41:33,2:41:02,1:43:28,784,n30-34,NLD,1662,sportstats
T100 Triathlon World Tour - London,2025-08-09,Age Group,100000,Ilja Belenkov,5:21:33,0:53:29,2:24:56,1:47:03,785,n45-49,BEL,1617,sportstats
T100 Triathlon World Tour - London,2025-08-09,Age Group,100000,Sari Eckhardt,5:21:37,0:44:24,2:42:48,1:40:25,786,f30-34,NLD,1661,sportstats
T100 Triathlon World Tour - London,2025-08-09,Age Group,100000,Benjamin Barnett,5:21:38,0:45:46,2:32:00,1:49:28,787,n45-49,GBR,1181,sportstats
T100 Triathlon World Tour - London,2025-08-09,Age Group,100000,Mark Burtonshaw,5:21:39,0:56:16,2:20:06,1:52:54,788,n65-69,GBR,1752,sportstats
T100 Triathlon World Tour - London,2025-08-09,Age Group,100000,Noel Murray,5:21:43,0:45:48,2:31:09,1:45:20,789,n50-54,IRL,1861,sportstats
T100 Triathlon World Tour - London,2025-08-09,Age Group,100000,Sandra Ely,5:21:50,0:42:20,2:32:51,1:54:09,790,f55-59,GBR,2319,sportstats
T100 Triathlon World Tour - London,2025-08-09,Age Group,100000,Luca Bainbridge,5:21:56,0:36:25,2:49:41,1:42:24,791,n20-24,GBR,1883,sportstats
T100 Triathlon World Tour - London,2025-08-09,Age Group,100000,Kevin Dinsdale,5:22:21,0:49:38,2:41:27,1:37:35,792,n55-59,GBR,1437,sportstats
T100 Triathlon World Tour - London,2025-08-09,Age Group,100000,Raphael Demmer,5:22:30,0:46:14,2:41:02,1:44:26,793,n35-39,GBR,1494,sportstats
T100 Triathlon World Tour - London,2025-08-09,Age Group,100000,Simon Irwin,5:22:32,0:37:37,2:20:24,2:10:47,794,n45-49,GBR,1804,sportstats
T100 Triathlon World Tour - London,2025-08-09,Age Group,100000,Stuart Sangster,5:22:38,0:45:58,2:29:47,1:52:07,795,n35-39,GBR,2140,sportstats
T100 Triathlon World Tour - London,2025-08-09,Age Group,100000,Samuel Dillon,5:22:58,0:50:24,2:27:11,1:53:14,796,n35-39,GBR,2149,sportstats
T100 Triathlon World Tour - London,2025-08-09,Age Group,100000,Evelyn Brolemann,5:23:00,0:39:13,2:25:38,2:06:32,797,f60-64,DEU,2028,sportstats
T100 Triathlon World Tour - London,2025-08-09,Age Group,100000,Joe Thomas,5:23:01,0:39:13,2:35:40,1:52:44,798,n30-34,GBR,1857,sportstats
T100 Triathlon World Tour - London,2025-08-09,Age Group,100000,Robin Welch,5:23:09,0:38:58,2:20:58,2:09:51,799,n65-69,GBR,2199,sportstats
T100 Triathlon World Tour - London,2025-08-09,Age Group,100000,Eckhard Melz,5:23:13,0:47:48,2:28:11,1:54:55,800,n60-64,DEU,1505,sportstats
T100 Triathlon World Tour - London,2025-08-09,Age Group,100000,Richard Faulkner,5:23:13,0:40:02,2:35:10,1:55:53,801,n50-54,GBR,1390,sportstats
T100 Triathlon World Tour - London,2025-08-09,Age Group,100000,Abi Clarke,5:23:15,0:39:24,2:57:32,1:35:23,802,f25-29,GBR,2332,sportstats
T100 Triathlon World Tour - London,2025-08-09,Age Group,100000,David Morris,5:23:16,0:41:30,2:32:10,1:53:53,803,n35-39,GBR,1991,sportstats
T100 Triathlon World Tour - London,2025-08-09,Age Group,100000,Rory Johnston,5:23:18,0:44:28,2:31:00,1:52:35,804,n55-59,GBR,1949,sportstats
T100 Triathlon World Tour - London,2025-08-09,Age Group,100000,Benjamin Wood,5:23:20,0:49:12,2:37:48,1:43:04,805,n25-29,GBR,1767,sportstats
T100 Triathlon World Tour - London,2025-08-09,Age Group,100000,Charles Norton,5:23:23,0:52:05,2:41:28,1:35:05,806,n30-34,GBR,1773,sportstats
T100 Triathlon World Tour - London,2025-08-09,Age Group,100000,Paul Thomson,5:23:25,0:48:17,2:34:16,1:47:53,807,n45-49,USA,1786,sportstats
T100 Triathlon World Tour - London,2025-08-09,Age Group,100000,Harrison Thornton,5:23:41,0:43:03,2:40:04,1:50:26,808,n25-29,AUS,1608,sportstats
T100 Triathlon World Tour - London,2025-08-09,Age Group,100000,Lara Schmid,5:23:42,0:37:21,2:43:42,1:51:41,809,f25-29,GBR,2402,sportstats
T100 Triathlon World Tour - London,2025-08-09,Age Group,100000,Artiom Lunev,5:23:44,0:53:03,2:34:59,1:44:33,810,n40-44,IRL,1860,sportstats
T100 Triathlon World Tour - London,2025-08-09,Age Group,100000,Helen Hartigan,5:23:53,0:47:22,2:42:27,1:42:13,811,f55-59,IRL,2317,sportstats
T100 Triathlon World Tour - London,2025-08-09,Age Group,100000,Alexandra Moss,5:23:53,0:40:32,2:26:28,2:06:16,812,f30-34,GBR,2280,sportstats
T100 Triathlon World Tour - London,2025-08-09,Age Group,100000,David Brandwood,5:23:55,0:51:15,2:28:07,1:52:27,813,n35-39,GBR,1815,sportstats
T100 Triathlon World Tour - London,2025-08-09,Age Group,100000,Xavier Yau,5:23:56,0:59:29,2:39:18,1:29:17,814,n30-34,GBR,1573,sportstats
T100 Triathlon World Tour - London,2025-08-09,Age Group,100000,Matthias Herter,5:24:19,0:44:09,2:28:12,1:59:55,815,n60-64,DEU,1580,sportstats
T100 Triathlon World Tour - London,2025-08-09,Age Group,100000,Kyra Averman,5:24:20,0:55:03,2:28:58,1:50:01,816,f25-29,USA,1607,sportstats
T100 Triathlon World Tour - London,2025-08-09,Age Group,100000,Dale Bulman,5:24:21,0:42:49,2:36:19,1:52:18,817,n40-44,GBR,1456,sportstats
T100 Triathlon World Tour - London,2025-08-09,Age Group,100000,Rika Akimoto,5:24:21,0:42:43,2:40:09,1:49:19,818,f30-34,JPN,2311,sportstats
T100 Triathlon World Tour - London,2025-08-09,Age Group,100000,Charlotte Roberts,5:24:22,0:36:42,2:44:15,1:48:24,819,f25-29,GBR,2379,sportstats
T100 Triathlon World Tour - London,2025-08-09,Age Group,100000,Stephen Church,5:24:26,0:47:17,2:32:17,1:51:37,820,n55-59,GBR,1946,sportstats
T100 Triathlon World Tour - London,2025-08-09,Age Group,100000,Robert James,5:24:28,0:50:51,2:32:58,1:47:10,821,n60-64,GBR,1714,sportstats
T100 Triathlon World Tour - London,2025-08-09,Age Group,100000,Dougie Anthony,5:24:41,0:48:12,2:32:58,1:49:23,822,n25-29,GBR,2131,sportstats
T100 Triathlon World Tour - London,2025-08-09,Age Group,100000,David Nixon,5:24:46,0:51:44,2:42:00,1:33:16,823,n35-39,GBR,1531,sportstats
T100 Triathlon World Tour - London,2025-08-09,Age Group,100000,Andriy Avramenko,5:25:00,0:55:30,2:31:55,1:45:37,824,n40-44,UKR,1673,sportstats
T100 Triathlon World Tour - London,2025-08-09,Age Group,100000,Deirdre Omalley,5:25:01,0:49:09,2:30:16,1:53:12,825,f50-54,IRL,2395,sportstats
T100 Triathlon World Tour - London,2025-08-09,Age Group,100000,Stefan Oud,5:25:04,0:44:59,2:32:42,1:51:24,826,n55-59,NLD,2062,sportstats
T100 Triathlon World Tour - London,2025-08-09,Age Group,100000,Matt Alderton,5:25:19,0:40:33,2:41:54,1:52:13,827,n40-44,GBR,1800,sportstats
T100 Triathlon World Tour - London,2025-08-09,Age Group,100000,Nathaniel Floyd Fortuno,5:25:20,0:59:52,2:32:33,1:39:19,828,n30-34,PHL,1121,sportstats
T100 Triathlon World Tour - London,2025-08-09,Age Group,100000,Patricio Concha,5:25:21,0:38:46,2:33:40,1:53:16,829,n45-49,CHL,1758,sportstats
T100 Triathlon World Tour - London,2025-08-09,Age Group,100000,Radu Ciobanu,5:25:25,0:44:54,2:41:17,1:44:34,830,n20-24,ROU,2163,sportstats
T100 Triathlon World Tour - London,2025-08-09,Age Group,100000,Genia Gulyas,5:25:30,0:48:04,2:40:12,1:41:16,831,f45-49,HUN,2251,sportstats
T100 Triathlon World Tour - London,2025-08-09,Age Group,100000,Simone Herdina,5:25:33,0:44:44,2:35:53,1:51:53,832,f35-39,AUT,2078,sportstats
T100 Triathlon World Tour - London,2025-08-09,Age Group,100000,Ralf Von Frieling,5:25:43,0:40:50,2:23:27,2:09:15,833,n55-59,DEU,2023,sportstats
T100 Triathlon World Tour - London,2025-08-09,Age Group,100000,Paul Ashworth,5:25:43,0:46:50,2:41:05,1:47:05,834,n55-59,GBR,1180,sportstats
T100 Triathlon World Tour - London,2025-08-09,Age Group,100000,Claudia Lyle,5:25:50,0:42:29,2:44:44,1:47:18,835,f35-39,ZAF,2360,sportstats
T100 Triathlon World Tour - London,2025-08-09,Age Group,100000,Jordan Pinto,5:25:53,0:42:08,2:28:15,2:02:30,836,n30-34,GBR,1560,sportstats
T100 Triathlon World Tour - London,2025-08-09,Age Group,100000,Rebecca Young,5:25:54,0:52:19,2:39:52,1:40:15,837,f20-24,GBR,2307,sportstats
T100 Triathlon World Tour - London,2025-08-09,Age Group,100000,Paul Newton,5:26:02,0:51:59,2:19:47,2:02:29,838,n50-54,GBR,1414,sportstats
T100 Triathlon World Tour - London,2025-08-09,Age Group,100000,Vincent Ryan,5:26:14,0:37:01,2:37:31,1:57:37,839,n40-44,IRL,1813,sportstats
T100 Triathlon World Tour - London,2025-08-09,Age Group,100000,Daniel Jago,5:26:24,0:35:44,2:27:58,2:12:48,840,n45-49,GBR,1719,sportstats
T100 Triathlon World Tour - London,2025-08-09,Age Group,100000,Ralph Mitchell,5:26:25,0:52:06,2:26:35,1:52:58,841,n40-44,IRL,1508,sportstats
T100 Triathlon World Tour - London,2025-08-09,Age Group,100000,Ron Schneider,5:26:27,0:43:50,2:32:09,1:53:58,842,n45-49,DEU,1372,sportstats
T100 Triathlon World Tour - London,2025-08-09,Age Group,100000,Paul Derbyshire,5:26:28,0:55:09,2:33:11,1:44:41,843,n50-54,GBR,1358,sportstats
T100 Triathlon World Tour - London,2025-08-09,Age Group,100000,James Baxter,5:26:29,0:32:05,2:31:19,2:07:37,844,n25-29,GBR,1459,sportstats
T100 Triathlon World Tour - London,2025-08-09,Age Group,100000,Marc Oehler,5:26:32,0:52:40,2:33:47,1:47:23,845,n30-34,DEU,1487,sportstats
T100 Triathlon World Tour - London,2025-08-09,Age Group,100000,Josh Penney,5:26:36,0:44:32,2:41:24,1:47:04,846,n30-34,GBR,1660,sportstats
T100 Triathlon World Tour - London,2025-08-09,Age Group,100000,Jonas Van Den Cruyce,5:26:38,0:41:42,2:33:32,1:55:57,847,n25-29,BEL,1696,sportstats
T100 Triathlon World Tour - London,2025-08-09,Age Group,100000,Tanja Braun,5:26:52,0:47:37,2:24:51,2:01:57,848,f50-54,AUT,2035,sportstats
T100 Triathlon World Tour - London,2025-08-09,Age Group,100000,Bruno Ferreira,5:26:52,0:50:52,2:38:10,1:43:06,849,n35-39,GBR,2114,sportstats
T100 Triathlon World Tour - London,2025-08-09,Age Group,100000,Drew Walker,5:26:57,0:47:52,2:27:13,1:57:28,850,n30-34,GBR,1065,sportstats
T100 Triathlon World Tour - London,2025-08-09,Age Group,100000,Sytze Bijker,5:27:01,0:45:54,2:37:33,1:50:01,851,n35-39,NLD,1989,sportstats
T100 Triathlon World Tour - London,2025-08-09,Age Group,100000,Jinnie Lau,5:27:14,0:42:06,2:48:24,1:44:29,852,f25-29,HKG,2326,sportstats
T100 Triathlon World Tour - London,2025-08-09,Age Group,100000,Nina Tingman,5:27:16,0:42:54,2:26:01,2:01:14,853,f55-59,DNK,2226,sportstats
T100 Triathlon World Tour - London,2025-08-09,Age Group,100000,Ilias Angelidis,5:27:22,0:42:52,2:41:00,1:52:46,854,n45-49,GBR,1704,sportstats
T100 Triathlon World Tour - London,2025-08-09,Age Group,100000,Barnabas Nagy,5:27:25,0:48:50,2:32:25,1:53:32,855,n30-34,GBR,1951,sportstats
T100 Triathlon World Tour - London,2025-08-09,Age Group,100000,Kirk Galea,5:27:36,0:41:27,2:34:33,1:59:52,856,n45-49,MLT,1554,sportstats
T100 Triathlon World Tour - London,2025-08-09,Age Group,100000,Peter Pickering,5:27:42,0:41:36,2:40:46,1:55:43,857,n35-39,GBR,1651,sportstats
T100 Triathlon World Tour - London,2025-08-09,Age Group,100000,Benjamin Braamt,5:27:44,0:46:30,2:37:08,1:47:58,858,n40-44,DEU,2061,sportstats
T100 Triathlon World Tour - London,2025-08-09,Age Group,100000,Andy Stainfield,5:27:48,0:48:51,2:38:59,1:42:53,859,n35-39,GBR,2142,sportstats
T100 Triathlon World Tour - London,2025-08-09,Age Group,100000,Debbie Marsden,5:27:53,0:42:26,2:41:38,1:50:36,860,f55-59,GBR,1914,sportstats
T100 Triathlon World Tour - London,2025-08-09,Age Group,100000,Danny Wheeler,5:27:53,0:50:22,2:33:05,1:50:24,861,n40-44,GBR,1277,sportstats
T100 Triathlon World Tour - London,2025-08-09,Age Group,100000,Sarah Barnard,5:27:58,0:47:11,2:40:39,1:47:08,862,f35-39,GBR,2244,sportstats
T100 Triathlon World Tour - London,2025-08-09,Age Group,100000,Tom Walker,5:28:16,0:41:28,2:31:27,2:00:55,863,n30-34,GBR,2105,sportstats
T100 Triathlon World Tour - London,2025-08-09,Age Group,100000,Ricardo Tadeu Abrahao,5:28:22,0:41:01,2:27:16,2:06:26,864,n40-44,BRA,1956,sportstats
T100 Triathlon World Tour - London,2025-08-09,Age Group,100000,John Sharpe,5:28:33,0:51:00,2:39:59,1:41:18,865,n55-59,GBR,1781,sportstats
T100 Triathlon World Tour - London,2025-08-09,Age Group,100000,Mabel Ellerker,5:28:40,0:39:05,2:53:22,1:43:18,866,f30-34,GBR,2304,sportstats
T100 Triathlon World Tour - London,2025-08-09,Age Group,100000,Lee Merrett,5:28:43,0:44:44,2:28:53,2:03:06,867,n55-59,GBR,1523,sportstats
T100 Triathlon World Tour - London,2025-08-09,Age Group,100000,Richard Stock,5:28:55,0:45:09,2:25:33,2:00:11,868,n55-59,GBR,1413,sportstats
T100 Triathlon World Tour - London,2025-08-09,Age Group,100000,Andrew Baird,5:28:58,0:43:44,2:28:26,2:00:15,869,n35-39,GBR,1732,sportstats
T100 Triathlon World Tour - London,2025-08-09,Age Group,100000,Daniel Bull,5:29:10,0:43:53,2:56:31,1:33:15,870,n35-39,GBR,1653,sportstats
T100 Triathlon World Tour - London,2025-08-09,Age Group,100000,Ruth Kent,5:29:12,0:44:57,2:45:41,1:43:18,871,f45-49,GBR,2413,sportstats
T100 Triathlon World Tour - London,2025-08-09,Age Group,100000,Jogintas Maciulis,5:29:13,0:45:59,2:33:24,1:51:22,872,n25-29,LTU,1982,sportstats
T100 Triathlon World Tour - London,2025-08-09,Age Group,100000,Graham Brooker,5:29:23,0:55:53,2:40:56,1:37:01,873,n50-54,GBR,1864,sportstats
T100 Triathlon World Tour - London,2025-08-09,Age Group,100000,Rachel Lever,5:29:26,0:47:55,2:44:29,1:43:48,874,f25-29,GBR,2237,sportstats
T100 Triathlon World Tour - London,2025-08-09,Age Group,100000,Mykyta Sydorenko,5:29:34,0:51:19,2:39:17,1:46:56,875,n25-29,UKR,1792,sportstats
T100 Triathlon World Tour - London,2025-08-09,Age Group,100000,Matt Harmon,5:29:40,0:44:08,2:38:34,1:48:45,876,n35-39,GBR,1825,sportstats
T100 Triathlon World Tour - London,2025-08-09,Age Group,100000,Olaf Feuchter,5:29:43,0:52:04,2:31:02,1:53:02,877,n60-64,DEU,1687,sportstats
T100 Triathlon World Tour - London,2025-08-09,Age Group,100000,David Lester,5:29:46,0:43:36,2:51:31,1:44:47,878,n60-64,GBR,1345,sportstats
T100 Triathlon World Tour - London,2025-08-09,Age Group,100000,David Mueller,5:29:48,0:48:08,2:24:50,2:00:38,879,n50-54,DEU,1742,sportstats
T100 Triathlon World Tour - London,2025-08-09,Age Group,100000,Tom Galvin,5:29:49,0:51:51,2:32:30,1:51:00,880,n35-39,GBR,1692,sportstats
T100 Triathlon World Tour - London,2025-08-09,Age Group,100000,Kieran Dunne,5:29:49,1:11:34,2:34:05,1:30:39,881,n25-29,IRL,1612,sportstats
T100 Triathlon World Tour - London,2025-08-09,Age Group,100000,Matthijs Van Der Linde,5:29:52,0:43:18,2:34:31,1:51:40,882,n45-49,NLD,1212,sportstats
T100 Triathlon World Tour - London,2025-08-09,Age Group,100000,Adrienn Piros,5:29:56,0:50:13,2:56:34,1:30:06,883,f35-39,HUN,2245,sportstats
T100 Triathlon World Tour - London,2025-08-09,Age Group,100000,Richard Barltrop,5:30:12,0:52:16,2:37:53,1:45:20,884,n30-34,GBR,1927,sportstats
T100 Triathlon World Tour - London,2025-08-09,Age Group,100000,Sarah Gleeson,5:30:15,0:44:13,2:47:54,1:44:20,885,f35-39,IRL,2239,sportstats
T100 Triathlon World Tour - London,2025-08-09,Age Group,100000,Harry Thorpe,5:30:17,0:39:21,2:47:36,1:52:26,886,n25-29,GBR,1925,sportstats
T100 Triathlon World Tour - London,2025-08-09,Age Group,100000,Courtney Granger,5:30:20,0:42:55,2:37:08,1:56:39,887,f30-34,GBR,2375,sportstats
T100 Triathlon World Tour - London,2025-08-09,Age Group,100000,Edward Sparkes,5:30:20,0:38:31,3:01:17,1:34:50,888,n30-34,GBR,1940,sportstats
T100 Triathlon World Tour - London,2025-08-09,Age Group,100000,Elliott Bonassera,5:30:28,0:55:52,2:33:06,1:41:47,889,n35-39,GBR,1690,sportstats
T100 Triathlon World Tour - London,2025-08-09,Age Group,100000,Trevor Robinson,5:30:32,0:42:41,2:38:34,1:53:00,890,n60-64,GBR,1656,sportstats
T100 Triathlon World Tour - London,2025-08-09,Age Group,100000,Aaron Sells,5:30:34,0:44:06,2:27:40,2:04:53,891,n40-44,USA,1910,sportstats
T100 Triathlon World Tour - London,2025-08-09,Age Group,100000,Louis Pope,5:30:41,0:45:53,2:44:28,1:48:39,892,n30-34,GBR,1513,sportstats
T100 Triathlon World Tour - London,2025-08-09,Age Group,100000,Greg Baran,5:30:42,0:43:34,2:31:01,1:59:32,893,n50-54,GBR,1777,sportstats
T100 Triathlon World Tour - London,2025-08-09,Age Group,100000,Marie Louise Karlander,5:30:48,0:42:16,2:40:37,1:56:42,894,f55-59,SWE,2014,sportstats
T100 Triathlon World Tour - London,2025-08-09,Age Group,100000,Ben Brown,5:30:52,0:46:23,2:50:18,1:42:11,895,n25-29,GBR,2248,sportstats
T100 Triathlon World Tour - London,2025-08-09,Age Group,100000,Jan Evan,5:30:57,0:46:24,2:34:40,1:56:01,896,n45-49,CZE,1826,sportstats
T100 Triathlon World Tour - London,2025-08-09,Age Group,100000,Mark Dinsdale,5:30:59,0:42:51,2:37:35,1:55:09,897,n60-64,GBR,1551,sportstats
T100 Triathlon World Tour - London,2025-08-09,Age Group,100000,Helen Buckman,5:31:11,0:45:24,2:48:26,1:42:47,898,f30-34,GBR,2388,sportstats
T100 Triathlon World Tour - London,2025-08-09,Age Group,100000,Matt Wells,5:31:36,0:39:39,2:49:58,1:50:35,899,n25-29,GBR,1755,sportstats
T100 Triathlon World Tour - London,2025-08-09,Age Group,100000,Jake Varden,5:31:37,0:50:23,2:49:31,1:34:12,900,n25-29,GBR,1614,sportstats
T100 Triathlon World Tour - London,2025-08-09,Age Group,100000,Rodrigo Batista,5:31:38,0:51:41,2:28:31,1:54:13,901,n45-49,BRA,1155,sportstats
T100 Triathlon World Tour - London,2025-08-09,Age Group,100000,Graham Reeves,5:31:54,0:41:14,2:47:26,1:50:56,902,n45-49,IRL,1728,sportstats
T100 Triathlon World Tour - London,2025-08-09,Age Group,100000,Kirsten Lawrence,5:31:54,0:52:21,2:38:57,1:49:28,903,f40-44,GBR,2309,sportstats
T100 Triathlon World Tour - London,2025-08-09,Age Group,100000,Tom Heyden,5:31:59,0:42:41,2:39:18,1:53:32,904,n35-39,GBR,1905,sportstats
T100 Triathlon World Tour - London,2025-08-09,Age Group,100000,Mick Barlow,5:32:00,0:39:17,2:55:51,1:46:01,905,n55-59,GBR,1955,sportstats
T100 Triathlon World Tour - London,2025-08-09,Age Group,100000,Kealan Noone,5:32:12,0:46:05,2:57:39,1:36:51,906,n20-24,IRL,1567,sportstats
T100 Triathlon World Tour - London,2025-08-09,Age Group,100000,Liam Murphy,5:32:15,0:44:33,2:44:32,1:52:14,907,n35-39,GBR,1937,sportstats
T100 Triathlon World Tour - London,2025-08-09,Age Group,100000,Natasha Crouch,5:32:21,0:40:36,2:45:26,1:52:39,908,f50-54,GBR,2015,sportstats
T100 Triathlon World Tour - London,2025-08-09,Age Group,100000,Barry Osullivan,5:32:33,0:46:05,2:43:39,1:48:25,909,n40-44,IRL,2107,sportstats
T100 Triathlon World Tour - London,2025-08-09,Age Group,100000,Dilmurat Rakhmatulayev,5:32:37,0:50:51,3:00:32,1:24:02,910,n40-44,KAZ,1492,sportstats
T100 Triathlon World Tour - London,2025-08-09,Age Group,100000,Thomas Vervaeck,5:32:40,0:47:25,2:33:34,1:55:03,911,n50-54,BEL,1695,sportstats
T100 Triathlon World Tour - London,2025-08-09,Age Group,100000,Shantong Ni,5:33:00,0:46:42,2:53:16,1:39:11,912,n35-39,CHN,1230,sportstats
T100 Triathlon World Tour - London,2025-08-09,Age Group,100000,Cassandra Shand,5:33:13,0:48:31,2:41:52,1:46:15,913,f25-29,USA,2164,sportstats
T100 Triathlon World Tour - London,2025-08-09,Age Group,100000,Harris Shewan,5:33:14,0:38:53,2:27:26,2:16:24,914,n20-24,GBR,1409,sportstats
T100 Triathlon World Tour - London,2025-08-09,Age Group,100000,Matthew Oconner,5:33:28,0:46:57,2:44:13,1:44:27,915,n55-59,GBR,1544,sportstats
T100 Triathlon World Tour - London,2025-08-09,Age Group,100000,Robert Brailey,5:33:37,0:43:35,2:41:43,1:53:38,916,n25-29,GBR,1122,sportstats
T100 Triathlon World Tour - London,2025-08-09,Age Group,100000,Diane Odonoghue,5:33:38,0:45:52,2:55:47,1:38:42,917,f30-34,IRL,2040,sportstats
T100 Triathlon World Tour - London,2025-08-09,Age Group,100000,Daniel Zeman,5:33:39,0:47:47,2:37:29,1:50:05,918,n50-54,CZE,1506,sportstats
T100 Triathlon World Tour - London,2025-08-09,Age Group,100000,Luke De Clerk,5:33:48,0:30:52,2:52:46,1:49:30,919,n25-29,GBR,2146,sportstats
T100 Triathlon World Tour - London,2025-08-09,Age Group,100000,Julien Hebert,5:33:55,0:49:10,2:33:50,1:56:17,920,n40-44,FRA,1876,sportstats
T100 Triathlon World Tour - London,2025-08-09,Age Group,100000,Chloe Eggers,5:34:03,0:43:25,2:55:28,1:44:52,921,f25-29,IRL,2080,sportstats
T100 Triathlon World Tour - London,2025-08-09,Age Group,100000,Ernst Kindhauser,5:34:35,0:40:19,2:40:02,1:51:17,922,n65-69,CHE,1726,sportstats
T100 Triathlon World Tour - London,2025-08-09,Age Group,100000,Anne Marais,5:34:49,0:38:44,2:57:08,1:47:48,923,f25-29,GBR,2347,sportstats
T100 Triathlon World Tour - London,2025-08-09,Age Group,100000,Alex Brown,5:34:51,0:43:40,2:34:27,2:02:49,924,n25-29,GBR,2059,sportstats
T100 Triathlon World Tour - London,2025-08-09,Age Group,100000,Luke Goodson,5:35:00,0:46:26,2:37:22,1:57:56,925,n30-34,GBR,1637,sportstats
T100 Triathlon World Tour - London,2025-08-09,Age Group,100000,Sean Mcphillips,5:35:01,0:43:15,2:44:17,1:53:59,926,n35-39,GBR,2053,sportstats
T100 Triathlon World Tour - London,2025-08-09,Age Group,100000,Charlie Crisp,5:35:29,0:44:44,2:53:20,1:31:58,927,n25-29,GBR,1557,sportstats
T100 Triathlon World Tour - London,2025-08-09,Age Group,100000,Paul Groom,5:35:33,0:48:14,2:28:56,2:04:06,928,n60-64,GBR,1691,sportstats
T100 Triathlon World Tour - London,2025-08-09,Age Group,100000,Wayne Perry,5:35:35,0:39:47,2:31:00,2:06:37,929,n45-49,GBR,1928,sportstats
T100 Triathlon World Tour - London,2025-08-09,Age Group,100000,Mark Goulding,5:35:40,0:42:35,2:36:41,2:01:57,930,n55-59,GBR,1423,sportstats
T100 Triathlon World Tour - London,2025-08-09,Age Group,100000,Marta Mambrilla Velazquez,5:35:41,0:46:29,2:51:37,1:41:17,931,f25-29,ESP,2286,sportstats
T100 Triathlon World Tour - London,2025-08-09,Age Group,100000,Ani Alia,5:35:44,0:45:13,2:45:26,1:48:27,932,n40-44,GBR,1856,sportstats
T100 Triathlon World Tour - London,2025-08-09,Age Group,100000,Adrian Tredant,5:35:53,0:44:30,2:36:58,2:02:44,933,n55-59,GBR,1350,sportstats
T100 Triathlon World Tour - London,2025-08-09,Age Group,100000,Chris Phipps,5:35:53,0:47:07,2:39:34,1:52:07,934,n55-59,GBR,1867,sportstats
T100 Triathlon World Tour - London,2025-08-09,Age Group,100000,Sarah Odell,5:35:54,0:47:29,2:46:30,1:48:44,935,f40-44,GBR,2293,sportstats
T100 Triathlon World Tour - London,2025-08-09,Age Group,100000,Ben Wood,5:36:00,0:47:06,2:57:44,1:36:00,936,n40-44,GBR,1959,sportstats
T100 Triathlon World Tour - London,2025-08-09,Age Group,100000,Oliver Godfrey,5:36:10,0:50:05,2:54:38,1:33:36,937,n30-34,GBR,2138,sportstats
T100 Triathlon World Tour - London,2025-08-09,Age Group,100000,Sallie Joseph,5:36:12,0:46:48,2:46:36,1:49:10,938,f50-54,GBR,2364,sportstats
T100 Triathlon World Tour - London,2025-08-09,Age Group,100000,Lisa Woods,5:36:13,0:50:30,2:34:04,1:55:55,939,f40-44,GBR,2183,sportstats
T100 Triathlon World Tour - London,2025-08-09,Age Group,100000,Alistair Davey,5:36:18,0:43:25,2:42:58,1:56:44,940,n25-29,GBR,2089,sportstats
T100 Triathlon World Tour - London,2025-08-09,Age Group,100000,Gwynfor Bonsels,5:36:30,0:43:03,2:51:52,1:49:24,941,n30-34,GBR,1572,sportstats
T100 Triathlon World Tour - London,2025-08-09,Age Group,100000,Lisa Laws,5:36:31,0:48:28,2:37:45,1:54:45,942,f55-59,GBR,2340,sportstats
T100 Triathlon World Tour - London,2025-08-09,Age Group,100000,Hannah Lambert,5:36:45,0:46:43,2:47:41,1:51:20,943,f18-19,GBR,2383,sportstats
T100 Triathlon World Tour - London,2025-08-09,Age Group,100000,Kyle Yourin,5:36:55,0:36:17,2:46:19,1:44:20,944,n25-29,GBR,2150,sportstats
T100 Triathlon World Tour - London,2025-08-09,Age Group,100000,Eric Downey,5:37:03,0:38:29,2:40:45,2:05:00,945,n55-59,GBR,2085,sportstats
T100 Triathlon World Tour - London,2025-08-09,Age Group,100000,Pippa Vilas,5:37:05,0:37:47,2:55:38,1:47:14,946,f35-39,GBR,2324,sportstats
T100 Triathlon World Tour - London,2025-08-09,Age Group,100000,Elliott Cole,5:37:06,0:51:54,2:33:41,1:56:44,947,n35-39,GBR,1356,sportstats
T100 Triathlon World Tour - London,2025-08-09,Age Group,100000,Shaun Durham,5:37:18,0:41:24,2:38:16,2:03:01,948,n50-54,GBR,1739,sportstats
T100 Triathlon World Tour - London,2025-08-09,Age Group,100000,Cliff Dye,5:37:22,0:44:18,2:37:03,2:05:10,949,n45-49,GBR,1848,sportstats
T100 Triathlon World Tour - London,2025-08-09,Age Group,100000,Massi Sarogni,5:37:28,0:43:32,2:37:38,2:02:40,950,n30-34,GBR,1631,sportstats
T100 Triathlon World Tour - London,2025-08-09,Age Group,100000,Manie De Bod,5:37:46,0:44:14,2:35:21,2:00:47,951,n50-54,ZAF,1958,sportstats
T100 Triathlon World Tour - London,2025-08-09,Age Group,100000,Oscar Ward,5:37:48,0:44:18,2:41:59,1:56:20,952,n35-39,GBR,1500,sportstats
T100 Triathlon World Tour - London,2025-08-09,Age Group,100000,Kiernan Easton,5:37:49,0:46:27,2:41:28,1:52:52,953,n50-54,GBR,2032,sportstats
T100 Triathlon World Tour - London,2025-08-09,Age Group,100000,Elaine Turner,5:37:52,0:44:56,2:56:10,1:43:42,954,f40-44,GBR,2349,sportstats
T100 Triathlon World Tour - London,2025-08-09,Age Group,100000,Hans Sjostrand,5:37:55,0:48:52,2:41:43,1:52:57,955,n55-59,SWE,1521,sportstats
T100 Triathlon World Tour - London,2025-08-09,Age Group,100000,Nick Dwyer,5:37:58,0:46:38,2:39:01,1:54:04,956,n35-39,GBR,1990,sportstats
T100 Triathlon World Tour - London,2025-08-09,Age Group,100000,Derek Mcdonald,5:38:07,0:43:37,2:26:39,2:13:54,957,n45-49,GBR,2022,sportstats
T100 Triathlon World Tour - London,2025-08-09,Age Group,100000,Phil Worboys,5:38:11,0:46:08,2:42:56,1:54:29,958,n30-34,GBR,2066,sportstats
T100 Triathlon World Tour - London,2025-08-09,Age Group,100000,Oliver Kinnear,5:38:26,0:48:33,3:02:01,1:34:54,959,n35-39,GBR,1810,sportstats
T100 Triathlon World Tour - London,2025-08-09,Age Group,100000,Junho Park,5:38:31,0:54:58,2:37:51,1:48:08,960,n45-49,KOR,1724,sportstats
T100 Triathlon World Tour - London,2025-08-09,Age Group,100000,Marie Meschkat,5:38:33,0:48:44,2:42:13,1:49:04,961,f25-29,DEU,1759,sportstats
T100 Triathlon World Tour - London,2025-08-09,Age Group,100000,Eduard Gercog,5:38:37,0:40:30,2:32:39,2:05:03,962,n40-44,LTU,2096,sportstats
T100 Triathlon World Tour - London,2025-08-09,Age Group,100000,Paul Quinlan,5:38:49,0:48:50,2:46:34,1:52:53,963,n25-29,IRL,1117,sportstats
T100 Triathlon World Tour - London,2025-08-09,Age Group,100000,David Thompson,5:39:01,0:43:54,2:30:07,2:06:59,964,n35-39,GBR,1953,sportstats
T100 Triathlon World Tour - London,2025-08-09,Age Group,100000,Francesco Manocchio,5:39:01,0:48:51,2:27:31,2:00:49,965,n35-39,ITA,1844,sportstats
T100 Triathlon World Tour - London,2025-08-09,Age Group,100000,Ken Hughes,5:39:08,0:42:39,2:44:35,1:56:54,966,n55-59,IRL,2124,sportstats
T100 Triathlon World Tour - London,2025-08-09,Age Group,100000,Alf Rune Planting Mathisen,5:39:13,0:42:27,2:33:09,2:09:47,967,n50-54,NOR,1202,sportstats
T100 Triathlon World Tour - London,2025-08-09,Age Group,100000,Kevin Sadler,5:39:13,0:50:25,3:05:18,1:36:38,968,n60-64,GBR,1490,sportstats
T100 Triathlon World Tour - London,2025-08-09,Age Group,100000,Ayla Ahmed,5:39:27,0:44:18,3:01:55,1:40:02,969,f25-29,GBR,1793,sportstats
T100 Triathlon World Tour - London,2025-08-09,Age Group,100000,Stefan Brennan,5:39:32,0:53:59,2:45:34,1:41:54,970,n45-49,GBR,2094,sportstats
T100 Triathlon World Tour - London,2025-08-09,Age Group,100000,Emma Garland,5:39:41,0:47:53,2:48:10,1:51:06,971,f30-34,GBR,2281,sportstats
T100 Triathlon World Tour - London,2025-08-09,Age Group,100000,Stephen Clark,5:39:59,0:40:44,2:41:39,2:02:57,972,n65-69,GBR,1520,sportstats
T100 Triathlon World Tour - London,2025-08-09,Age Group,100000,Keith Greenough,5:40:04,0:41:32,2:46:36,1:56:25,973,n70+,GBR,1863,sportstats
T100 Triathlon World Tour - London,2025-08-09,Age Group,100000,Ivan Genchev,5:40:06,0:53:50,2:41:26,1:46:29,974,n35-39,BGR,1936,sportstats
T100 Triathlon World Tour - London,2025-08-09,Age Group,100000,Szymon Binkowski,5:40:08,0:47:07,2:47:32,1:49:19,975,n30-34,POL,1770,sportstats
T100 Triathlon World Tour - London,2025-08-09,Age Group,100000,Samuel Kayne,5:40:18,0:41:40,2:41:58,1:59:13,976,n30-34,GBR,1975,sportstats
T100 Triathlon World Tour - London,2025-08-09,Age Group,100000,Henry Sanders,5:40:23,0:45:09,2:45:37,1:53:00,977,n20-24,GBR,1964,sportstats
T100 Triathlon World Tour - London,2025-08-09,Age Group,100000,Carine Vandael,5:40:27,0:55:48,2:33:50,1:56:26,978,f60-64,BEL,2380,sportstats
T100 Triathlon World Tour - London,2025-08-09,Age Group,100000,Angus Allsop,5:40:57,0:52:48,2:40:53,1:52:44,979,n55-59,GBR,1007,sportstats
T100 Triathlon World Tour - London,2025-08-09,Age Group,100000,Geoff Close,5:41:06,0:50:28,2:33:39,1:58:55,980,n65-69,GBR,1816,sportstats
T100 Triathlon World Tour - London,2025-08-09,Age Group,100000,Sam Race,5:41:13,0:47:02,2:38:55,2:00:51,981,f50-54,GBR,2137,sportstats
T100 Triathlon World Tour - London,2025-08-09,Age Group,100000,Pat Dunlea,5:41:33,0:49:54,2:27:01,2:07:31,982,n60-64,IRL,1610,sportstats
T100 Triathlon World Tour - London,2025-08-09,Age Group,100000,Victor Lopez,5:41:54,0:44:05,2:46:01,1:58:50,983,n40-44,ESP,1507,sportstats
T100 Triathlon World Tour - London,2025-08-09,Age Group,100000,Nicola Freeth,5:42:02,0:55:52,2:53:23,1:37:59,984,f35-39,GBR,2260,sportstats
T100 Triathlon World Tour - London,2025-08-09,Age Group,100000,Andrew James,5:42:03,0:52:55,2:38:47,1:56:14,985,n50-54,GBR,1969,sportstats
T100 Triathlon World Tour - London,2025-08-09,Age Group,100000,Midori Nakayama,5:42:04,0:53:48,2:50:40,1:41:04,986,f30-34,JPN,2216,sportstats
T100 Triathlon World Tour - London,2025-08-09,Age Group,100000,Evan Kislingbury,5:42:06,0:42:57,2:50:15,1:53:12,987,n45-49,GBR,1788,sportstats
T100 Triathlon World Tour - London,2025-08-09,Age Group,100000,Vasilis Sakellariou,5:42:15,0:40:32,2:37:55,2:04:59,988,n25-29,GRC,1932,sportstats
T100 Triathlon World Tour - London,2025-08-09,Age Group,100000,Vincent Spenceley,5:42:23,0:48:30,2:56:16,1:41:24,989,n45-49,GBR,1562,sportstats
T100 Triathlon World Tour - London,2025-08-09,Age Group,100000,Catriona Virden,5:42:41,0:48:49,2:58:17,1:41:22,990,f25-29,GBR,2396,sportstats
T100 Triathlon World Tour - London,2025-08-09,Age Group,100000,Jack Cullen,5:42:45,0:50:15,2:49:29,1:44:20,991,n25-29,GBR,1983,sportstats
T100 Triathlon World Tour - London,2025-08-09,Age Group,100000,Stewart Edwards,5:42:53,0:44:08,2:41:14,2:01:56,992,n45-49,GBR,1885,sportstats
T100 Triathlon World Tour - London,2025-08-09,Age Group,100000,Sam Horsfall,5:43:10,0:45:13,2:51:36,1:48:37,993,f50-54,GBR,2300,sportstats
T100 Triathlon World Tour - London,2025-08-09,Age Group,100000,Joanna Mylett,5:43:14,0:46:48,2:52:05,1:48:24,994,f35-39,GBR,2295,sportstats
T100 Triathlon World Tour - London,2025-08-09,Age Group,100000,Mike Tresise,5:43:23,0:43:22,2:47:29,1:59:41,995,n60-64,GBR,1498,sportstats
T100 Triathlon World Tour - London,2025-08-09,Age Group,100000,Will Shallish,5:43:28,0:41:27,2:40:51,2:01:50,996,n25-29,GBR,1943,sportstats
T100 Triathlon World Tour - London,2025-08-09,Age Group,100000,Adam Condron,5:43:35,0:40:21,2:49:22,2:00:36,997,n35-39,IRL,1868,sportstats
T100 Triathlon World Tour - London,2025-08-09,Age Group,100000,Simon Wilde,5:43:54,0:43:46,2:51:25,1:47:31,998,n45-49,GBR,1945,sportstats
T100 Triathlon World Tour - London,2025-08-09,Age Group,100000,Charles Russell,5:43:55,0:49:28,2:51:22,1:44:13,999,n50-54,IRL,1563,sportstats
T100 Triathlon World Tour - London,2025-08-09,Age Group,100000,Kirsten Smith,5:44:05,0:43:05,2:43:47,2:02:52,1000,f45-49,GBR,2044,sportstats
T100 Triathlon World Tour - London,2025-08-09,Age Group,100000,Nicholas Field,5:44:15,0:52:23,3:01:32,1:36:38,1001,n35-39,GBR,1746,sportstats
T100 Triathlon World Tour - London,2025-08-09,Age Group,100000,William Mccausland,5:44:21,0:40:29,2:38:03,2:07:56,1002,n30-34,GBR,1599,sportstats
T100 Triathlon World Tour - London,2025-08-09,Age Group,100000,Tom Bennett,5:44:29,0:46:43,2:41:55,2:01:09,1003,n30-34,GBR,1799,sportstats
T100 Triathlon World Tour - London,2025-08-09,Age Group,100000,William Simpson,5:44:38,0:38:49,2:54:58,1:53:38,1004,n30-34,GBR,1809,sportstats
T100 Triathlon World Tour - London,2025-08-09,Age Group,100000,Rob Shimwell,5:44:47,0:47:23,2:45:11,1:55:17,1005,n60-64,GBR,2224,sportstats
T100 Triathlon World Tour - London,2025-08-09,Age Group,100000,Sophie Tan,5:45:02,0:49:56,2:48:10,1:44:30,1006,f40-44,FRA,2314,sportstats
T100 Triathlon World Tour - London,2025-08-09,Age Group,100000,Desiree De Ronde,5:45:15,0:43:08,2:47:34,2:01:36,1007,f55-59,NLD,2263,sportstats
T100 Triathlon World Tour - London,2025-08-09,Age Group,100000,Andy Wakefield,5:45:22,0:47:14,2:40:15,2:01:47,1008,n25-29,GBR,2102,sportstats
T100 Triathlon World Tour - London,2025-08-09,Age Group,100000,Rachel Forbes-Standing,5:45:23,0:46:01,2:35:43,2:07:22,1009,f40-44,GBR,2331,sportstats
T100 Triathlon World Tour - London,2025-08-09,Age Group,100000,Kirsten Glen,5:45:29,0:40:54,2:44:44,2:06:00,1010,f25-29,GBR,2372,sportstats
T100 Triathlon World Tour - London,2025-08-09,Age Group,100000,Mutazz Hassanbek,5:45:38,0:46:58,2:43:26,1:53:30,1011,n25-29,GBR,1584,sportstats
T100 Triathlon World Tour - London,2025-08-09,Age Group,100000,Denis Mustafa,5:46:00,0:58:26,2:42:23,1:41:40,1012,n55-59,GBR,2217,sportstats
T100 Triathlon World Tour - London,2025-08-09,Age Group,100000,Gareth Hunt,5:46:02,0:52:13,2:45:23,1:53:52,1013,n50-54,GBR,1474,sportstats
T100 Triathlon World Tour - London,2025-08-09,Age Group,100000,Jamie Brannigan,5:46:08,0:54:22,2:42:54,1:51:33,1014,n45-49,GBR,1462,sportstats
T100 Triathlon World Tour - London,2025-08-09,Age Group,100000,Scott Pemberton,5:46:27,0:45:31,2:52:21,1:55:48,1015,n25-29,GBR,2086,sportstats
T100 Triathlon World Tour - London,2025-08-09,Age Group,100000,Grace Bird,5:46:33,0:37:54,2:41:55,2:14:54,1016,f30-34,GBR,2186,sportstats
T100 Triathlon World Tour - London,2025-08-09,Age Group,100000,Paget Dare Bryan,5:46:44,0:44:27,2:44:59,2:03:44,1017,n55-59,GBR,2119,sportstats
T100 Triathlon World Tour - London,2025-08-09,Age Group,100000,Yan Cucco Regua,5:46:51,0:36:49,2:46:21,2:09:49,1018,n30-34,ITA,1204,sportstats
T100 Triathlon World Tour - London,2025-08-09,Age Group,100000,Lyall Mew,5:46:51,1:02:37,2:36:16,1:54:37,1019,n30-34,GBR,1352,sportstats
T100 Triathlon World Tour - London,2025-08-09,Age Group,100000,Steve Robinson,5:47:17,0:52:01,2:47:15,1:53:52,1020,n50-54,GBR,1801,sportstats
T100 Triathlon World Tour - London,2025-08-09,Age Group,100000,William Jooste,5:47:18,0:46:02,3:00:27,1:44:19,1021,n55-59,GBR,1898,sportstats
T100 Triathlon World Tour - London,2025-08-09,Age Group,100000,Ben Arrowsmith,5:47:18,0:44:24,2:25:00,2:21:49,1022,n40-44,GBR,2228,sportstats
T100 Triathlon World Tour - London,2025-08-09,Age Group,100000,Andrea Rambert,5:47:23,0:55:33,2:55:09,1:41:27,1023,f35-39,FRA,2386,sportstats
T100 Triathlon World Tour - London,2025-08-09,Age Group,100000,Nakul Hirani,5:47:26,0:38:58,2:55:35,1:57:16,1024,n25-29,GBR,1689,sportstats
T100 Triathlon World Tour - London,2025-08-09,Age Group,100000,Scott Harriman,5:47:28,0:49:49,2:32:47,2:10:07,1025,n50-54,GBR,1712,sportstats
T100 Triathlon World Tour - London,2025-08-09,Age Group,100000,Oli Tresise,5:47:31,0:41:45,2:29:42,2:21:27,1026,n30-34,GBR,1499,sportstats
T100 Triathlon World Tour - London,2025-08-09,Age Group,100000,Grant Mcnulty,5:47:32,0:49:04,2:42:05,2:01:06,1027,n55-59,GBR,1674,sportstats
T100 Triathlon World Tour - London,2025-08-09,Age Group,100000,Nicholas Sealey,5:47:36,0:46:29,3:03:51,1:43:01,1028,n25-29,GBR,1488,sportstats
T100 Triathlon World Tour - London,2025-08-09,Age Group,100000,Francesca Wild,5:47:39,0:42:59,3:02:04,1:49:45,1029,f25-29,GBR,2058,sportstats
T100 Triathlon World Tour - London,2025-08-09,Age Group,100000,Dmitry Savelyev,5:47:40,0:43:53,2:53:18,1:57:46,1030,n40-44,RUS,1384,sportstats
T100 Triathlon World Tour - London,2025-08-09,Age Group,100000,Dain Thorne,5:47:51,0:49:25,2:31:48,2:14:24,1031,n50-54,GBR,1921,sportstats
T100 Triathlon World Tour - London,2025-08-09,Age Group,100000,Tatiana Siurdiaeva,5:47:58,0:40:30,3:01:22,1:51:59,1032,f35-39,RUS,2414,sportstats
T100 Triathlon World Tour - London,2025-08-09,Age Group,100000,Shenghao Zhou,5:48:05,0:52:10,2:30:03,2:11:29,1033,n25-29,CHN,2249,sportstats
T100 Triathlon World Tour - London,2025-08-09,Age Group,100000,Keita Vilka,5:48:27,0:45:39,3:00:33,1:46:57,1034,f25-29,LVA,2423,sportstats
T100 Triathlon World Tour - London,2025-08-09,Age Group,100000,Michel Moeliker,5:48:57,0:56:23,2:48:13,1:41:58,1035,n45-49,NLD,1216,sportstats
T100 Triathlon World Tour - London,2025-08-09,Age Group,100000,James Simpson,5:48:59,0:51:10,2:39:46,2:03:16,1036,n25-29,GBR,1877,sportstats
T100 Triathlon World Tour - London,2025-08-09,Age Group,100000,Mitchell Skilton,5:49:00,0:49:54,2:53:31,1:53:33,1037,n30-34,GBR,1879,sportstats
T100 Triathlon World Tour - London,2025-08-09,Age Group,100000,Rupinder Sidhu,5:49:06,0:48:29,2:50:02,1:52:13,1038,f50-54,GBR,2275,sportstats
T100 Triathlon World Tour - London,2025-08-09,Age Group,100000,Mauro Fazion,5:49:20,0:43:49,2:52:44,1:58:10,1039,n60-64,BRA,1873,sportstats
T100 Triathlon World Tour - London,2025-08-09,Age Group,100000,Emma Salter,5:49:23,0:46:44,2:39:18,2:11:11,1040,f30-34,GBR,2350,sportstats
T100 Triathlon World Tour - London,2025-08-09,Age Group,100000,Steve Convey,5:49:30,0:50:42,2:39:09,2:03:02,1041,n65-69,CAN,1842,sportstats
T100 Triathlon World Tour - London,2025-08-09,Age Group,100000,Lisa Tutass,5:49:41,0:46:55,2:56:44,1:47:28,1042,f55-59,GBR,2267,sportstats
T100 Triathlon World Tour - London,2025-08-09,Age Group,100000,Chi Shing Yiu,5:49:45,0:49:53,2:50:00,1:53:55,1043,n50-54,HKG,2143,sportstats
T100 Triathlon World Tour - London,2025-08-09,Age Group,100000,Francesco Damato,5:49:47,0:57:22,2:41:20,1:55:03,1044,n25-29,ITA,1884,sportstats
T100 Triathlon World Tour - London,2025-08-09,Age Group,100000,David Montanino,5:49:52,0:52:32,2:42:46,1:53:58,1045,n55-59,USA,1595,sportstats
T100 Triathlon World Tour - London,2025-08-09,Age Group,100000,Adam Shaw,5:49:59,0:46:01,2:49:30,1:54:39,1046,n55-59,GBR,1849,sportstats
T100 Triathlon World Tour - London,2025-08-09,Age Group,100000,Ian Mawdsley,5:50:07,0:40:15,2:51:53,1:59:16,1047,n50-54,GBR,1465,sportstats
T100 Triathlon World Tour - London,2025-08-09,Age Group,100000,Annette Lee,5:50:09,0:43:45,2:48:57,2:02:49,1048,f45-49,GBR,2037,sportstats
T100 Triathlon World Tour - London,2025-08-09,Age Group,100000,Hugo Leung,5:50:10,1:02:27,2:43:25,1:42:28,1049,n30-34,HKG,2234,sportstats
T100 Triathlon World Tour - London,2025-08-09,Age Group,100000,Jasem Buqamber,5:50:14,0:52:59,2:44:58,1:59:29,1050,n60-64,KWT,1756,sportstats
T100 Triathlon World Tour - London,2025-08-09,Age Group,100000,Jenny Campbell Ritchie,5:50:22,0:43:44,2:47:51,2:04:23,1051,f40-44,GBR,2400,sportstats
T100 Triathlon World Tour - London,2025-08-09,Age Group,100000,Christel Janssen,5:50:26,0:33:44,2:48:55,2:09:01,1052,f40-44,BEL,2346,sportstats
T100 Triathlon World Tour - London,2025-08-09,Age Group,100000,Julio Somoano,5:50:42,0:42:44,3:01:53,1:54:43,1053,n45-49,ESP,1973,sportstats
T100 Triathlon World Tour - London,2025-08-09,Age Group,100000,Fiona Reardon,5:50:57,0:49:16,2:51:54,1:57:07,1054,f40-44,GBR,2415,sportstats
T100 Triathlon World Tour - London,2025-08-09,Age Group,100000,Gulnar Matybayeva,5:51:02,0:44:53,2:57:54,1:55:05,1055,f40-44,KAZ,2196,sportstats
T100 Triathlon World Tour - London,2025-08-09,Age Group,100000,Vasileios Vogiatzis,5:51:02,0:40:04,2:42:42,2:15:36,1056,n20-24,GRC,2031,sportstats
T100 Triathlon World Tour - London,2025-08-09,Age Group,100000,Andreas Kuntz,5:51:03,0:46:31,2:43:39,2:04:47,1057,n50-54,CHE,2083,sportstats
T100 Triathlon World Tour - London,2025-08-09,Age Group,100000,Kirsty Fitz-Poole,5:51:08,0:48:59,2:47:59,1:59:30,1058,f35-39,GBR,2306,sportstats
T100 Triathlon World Tour - London,2025-08-09,Age Group,100000,Mark Phillips,5:51:17,0:51:36,2:44:33,1:59:20,1059,n50-54,IRL,1890,sportstats
T100 Triathlon World Tour - London,2025-08-09,Age Group,100000,Lucie Lachnitova,5:51:30,0:46:41,2:52:22,1:54:43,1060,f40-44,GBR,2373,sportstats
T100 Triathlon World Tour - London,2025-08-09,Age Group,100000,Iulia-Andreea Crivoi,5:52:06,0:49:52,2:39:17,2:06:52,1061,f50-54,ROU,2285,sportstats
T100 Triathlon World Tour - London,2025-08-09,Age Group,100000,Antonia Ehlers,5:52:18,0:49:47,2:52:03,1:57:20,1062,f25-29,DEU,2205,sportstats
T100 Triathlon World Tour - London,2025-08-09,Age Group,100000,Eirian Jones,5:52:34,0:47:25,2:45:18,2:05:32,1063,f55-59,GBR,2352,sportstats
T100 Triathlon World Tour - London,2025-08-09,Age Group,100000,Fraser Hammond,5:52:52,0:48:24,2:53:22,1:53:49,1064,n25-29,GBR,1600,sportstats
T100 Triathlon World Tour - London,2025-08-09,Age Group,100000,Amrita Pattni,5:52:52,0:58:34,2:46:52,1:54:20,1065,f35-39,KEN,1934,sportstats
T100 Triathlon World Tour - London,2025-08-09,Age Group,100000,Caleb Sampson,5:52:53,0:58:37,2:45:02,1:56:14,1066,n20-24,GBR,1941,sportstats
T100 Triathlon World Tour - London,2025-08-09,Age Group,100000,Bianca Fernandez-Clark,5:53:46,1:02:30,2:45:45,1:50:12,1067,f40-44,DOM,2401,sportstats
T100 Triathlon World Tour - London,2025-08-09,Age Group,100000,Andrew Edwards,5:53:54,0:49:39,2:29:14,2:17:57,1068,n35-39,GBR,1847,sportstats
T100 Triathlon World Tour - London,2025-08-09,Age Group,100000,Collette Waterfield,5:54:07,1:01:08,2:44:43,1:47:39,1069,f55-59,GBR,2274,sportstats
T100 Triathlon World Tour - London,2025-08-09,Age Group,100000,Paul Hammett,5:54:08,0:56:35,2:38:40,2:01:46,1070,n50-54,GBR,1735,sportstats
T100 Triathlon World Tour - London,2025-08-09,Age Group,100000,Ulrick Rudy Agbodan,5:54:20,0:56:36,2:40:45,2:01:03,1071,n25-29,FRA,1995,sportstats
T100 Triathlon World Tour - London,2025-08-09,Age Group,100000,Paul Ashcroft,5:54:20,0:32:41,3:21:55,1:42:45,1072,n35-39,GBR,1629,sportstats
T100 Triathlon World Tour - London,2025-08-09,Age Group,100000,Charlotte Bullivant,5:54:43,0:43:37,3:06:04,1:53:01,1073,f20-24,GBR,2315,sportstats
T100 Triathlon World Tour - London,2025-08-09,Age Group,100000,Balpreet Singh,5:54:51,0:49:06,2:45:42,2:01:03,1074,n40-44,IND,1442,sportstats
T100 Triathlon World Tour - London,2025-08-09,Age Group,100000,Henrietta Ridley,5:54:55,0:46:48,2:54:11,2:03:23,1075,f30-34,GBR,2357,sportstats
T100 Triathlon World Tour - London,2025-08-09,Age Group,100000,Nils Facey,5:55:03,0:54:29,2:43:25,2:03:09,1076,n25-29,GBR,2054,sportstats
T100 Triathlon World Tour - London,2025-08-09,Age Group,100000,Simon Overell,5:55:04,0:47:33,2:51:37,1:57:31,1077,n40-44,GBR,1904,sportstats
T100 Triathlon World Tour - London,2025-08-09,Age Group,100000,Michael Ngan Kee,5:55:05,0:51:42,2:56:55,1:49:29,1078,n30-34,NZL,2153,sportstats
T100 Triathlon World Tour - London,2025-08-09,Age Group,100000,Andrew George,5:55:08,0:53:15,2:40:22,2:07:13,1079,n55-59,GBR,1665,sportstats
T100 Triathlon World Tour - London,2025-08-09,Age Group,100000,Jason Durack-Kelly,5:55:30,0:59:34,2:34:03,2:08:23,1080,n35-39,GBR,1899,sportstats
T100 Triathlon World Tour - London,2025-08-09,Age Group,100000,Pip Medley,5:55:31,0:45:18,3:01:53,1:48:59,1081,f30-34,AUS,2230,sportstats
T100 Triathlon World Tour - London,2025-08-09,Age Group,100000,Elissa Clark,5:55:32,0:44:24,2:55:44,2:02:48,1082,f25-29,GBR,2265,sportstats
T100 Triathlon World Tour - London,2025-08-09,Age Group,100000,Oliver Watson,5:55:44,0:56:14,2:42:20,2:02:19,1083,n35-39,GBR,1652,sportstats
T100 Triathlon World Tour - London,2025-08-09,Age Group,100000,Molly Mckenzie,5:55:48,0:45:38,2:36:07,2:21:07,1084,f45-49,GBR,2406,sportstats
T100 Triathlon World Tour - London,2025-08-09,Age Group,100000,Amanda Criscuolo Church,5:56:15,0:45:21,3:00:19,1:57:58,1085,f30-34,GBR,2405,sportstats
T100 Triathlon World Tour - London,2025-08-09,Age Group,100000,Molly Cook,5:56:18,0:51:55,2:49:08,2:01:56,1086,f20-24,GBR,2374,sportstats
T100 Triathlon World Tour - London,2025-08-09,Age Group,100000,Mike Hanson,5:56:35,0:51:12,2:38:42,2:08:40,1087,n55-59,GBR,1846,sportstats
T100 Triathlon World Tour - London,2025-08-09,Age Group,100000,Christopher Bell,5:56:39,0:27:40,2:52:40,2:23:16,1088,n30-34,GBR,1718,sportstats
T100 Triathlon World Tour - London,2025-08-09,Age Group,100000,Dan Wiltshire,5:56:42,0:54:14,2:39:58,2:06:53,1089,n30-34,GBR,1916,sportstats
T100 Triathlon World Tour - London,2025-08-09,Age Group,100000,Luke Price,5:56:53,0:37:25,2:55:29,2:12:25,1090,n30-34,GBR,1930,sportstats
T100 Triathlon World Tour - London,2025-08-09,Age Group,100000,Oelrich Van Biljon,5:57:33,0:46:26,2:40:27,2:14:22,1091,n35-39,GBR,1733,sportstats
T100 Triathlon World Tour - London,2025-08-09,Age Group,100000,Matthew Poole,5:57:45,0:48:14,3:02:44,1:56:20,1092,n25-29,GBR,1764,sportstats
T100 Triathlon World Tour - London,2025-08-09,Age Group,100000,Richard File,5:58:00,0:46:03,2:45:47,2:06:52,1093,n70+,GBR,1852,sportstats
T100 Triathlon World Tour - London,2025-08-09,Age Group,100000,Jackie Schwarz,5:58:07,0:57:12,3:03:53,1:40:10,1094,f45-49,GBR,2299,sportstats
T100 Triathlon World Tour - London,2025-08-09,Age Group,100000,Graeme Tulloch,5:58:47,0:54:46,2:30:30,2:14:21,1095,n35-39,GBR,1533,sportstats
T100 Triathlon World Tour - London,2025-08-09,Age Group,100000,Antonio Burian,5:59:11,0:46:55,2:50:23,1:57:37,1096,n25-29,ROU,1970,sportstats
T100 Triathlon World Tour - London,2025-08-09,Age Group,100000,Catherine Leung,5:59:17,0:42:24,3:00:09,2:01:12,1097,f30-34,GBR,2049,sportstats
T100 Triathlon World Tour - London,2025-08-09,Age Group,100000,Jean-Pierre Martinez,5:59:39,0:47:44,2:49:25,2:05:22,1098,n30-34,FRA,1878,sportstats
T100 Triathlon World Tour - London,2025-08-09,Age Group,100000,Kirsty Kennedy,5:59:43,0:49:47,2:35:55,2:11:59,1099,f45-49,GBR,2270,sportstats
T100 Triathlon World Tour - London,2025-08-09,Age Group,100000,Tom Ryland,5:59:51,0:46:00,2:41:30,2:15:23,1100,n35-39,GBR,1774,sportstats
T100 Triathlon World Tour - London,2025-08-09,Age Group,100000,Paula Fisher,6:00:22,0:50:04,2:49:47,2:05:51,1101,f65-69,GBR,2278,sportstats
T100 Triathlon World Tour - London,2025-08-09,Age Group,100000,Joanna Lindley,6:00:41,0:42:42,2:52:18,2:01:43,1102,f50-54,GBR,2355,sportstats
T100 Triathlon World Tour - London,2025-08-09,Age Group,100000,Jordan Davies,6:00:42,0:44:17,2:35:55,2:22:01,1103,n40-44,GBR,1715,sportstats
T100 Triathlon World Tour - London,2025-08-09,Age Group,100000,Marc Daniels,6:00:51,0:50:40,2:40:27,2:10:58,1104,n50-54,GBR,1684,sportstats
T100 Triathlon World Tour - London,2025-08-09,Age Group,100000,Alexandra Ferdinando,6:01:14,0:41:13,3:03:56,1:57:10,1105,f25-29,GBR,2391,sportstats
T100 Triathlon World Tour - London,2025-08-09,Age Group,100000,Chloe Lea,6:01:19,0:50:12,2:55:49,2:00:24,1106,f35-39,GBR,2292,sportstats
T100 Triathlon World Tour - London,2025-08-09,Age Group,100000,Cami Santor,6:01:24,0:46:00,2:59:17,1:59:02,1107,f25-29,USA,2397,sportstats
T100 Triathlon World Tour - London,2025-08-09,Age Group,100000,Peter Gilligan,6:01:31,0:45:49,2:50:21,2:00:46,1108,n60-64,IRL,1935,sportstats
T100 Triathlon World Tour - London,2025-08-09,Age Group,100000,Dan Jones,6:01:37,0:54:10,2:55:59,1:55:38,1109,n20-24,GBR,1947,sportstats
T100 Triathlon World Tour - London,2025-08-09,Age Group,100000,Thomas Miller,6:01:52,0:47:28,2:47:19,2:12:02,1110,n30-34,GBR,2063,sportstats
T100 Triathlon World Tour - London,2025-08-09,Age Group,100000,Oliver Birden,6:01:58,1:08:25,2:44:10,1:52:19,1111,n25-29,GBR,2091,sportstats
T100 Triathlon World Tour - London,2025-08-09,Age Group,100000,Tam Mcgregor,6:02:16,0:40:54,2:45:56,2:24:07,1112,n35-39,GBR,1741,sportstats
T100 Triathlon World Tour - London,2025-08-09,Age Group,100000,Sharon Groom,6:02:54,0:42:35,2:49:01,2:15:00,1113,f55-59,GBR,2185,sportstats
T100 Triathlon World Tour - London,2025-08-09,Age Group,100000,Tara Mccullough,6:02:59,0:46:43,2:54:42,2:06:42,1114,f50-54,IRL,2191,sportstats
T100 Triathlon World Tour - London,2025-08-09,Age Group,100000,Francesca Santoni,6:03:32,0:45:26,2:52:17,2:07:52,1115,f35-39,GBR,2394,sportstats
T100 Triathlon World Tour - London,2025-08-09,Age Group,100000,Lewis Dark,6:03:41,1:06:09,2:33:34,2:08:12,1116,n35-39,GBR,1771,sportstats
T100 Triathlon World Tour - London,2025-08-09,Age Group,100000,Matt Parkes,6:03:57,0:56:29,2:33:54,2:15:30,1117,n50-54,GBR,2101,sportstats
T100 Triathlon World Tour - London,2025-08-09,Age Group,100000,Piftor Constantin,6:04:17,0:54:32,2:57:45,1:51:47,1118,n55-59,ROU,1929,sportstats
T100 Triathlon World Tour - London,2025-08-09,Age Group,100000,Shahid Mohammed,6:04:24,0:52:02,2:42:37,2:12:07,1119,n50-54,GBR,2093,sportstats
T100 Triathlon World Tour - London,2025-08-09,Age Group,100000,Tom Medd,6:04:31,0:56:59,2:53:21,2:00:59,1120,n30-34,GBR,1889,sportstats
T100 Triathlon World Tour - London,2025-08-09,Age Group,100000,Gemma Morris,6:04:48,0:54:22,2:40:15,2:13:36,1121,f40-44,GBR,2325,sportstats
T100 Triathlon World Tour - London,2025-08-09,Age Group,100000,Jake Glover,6:05:07,0:45:37,3:00:29,1:58:58,1122,n25-29,GBR,1952,sportstats
T100 Triathlon World Tour - London,2025-08-09,Age Group,100000,Jerome Teisson,6:05:21,0:52:27,2:52:54,1:57:47,1123,n65-69,FRA,1985,sportstats
T100 Triathlon World Tour - London,2025-08-09,Age Group,100000,Marla Haring,6:05:45,0:44:55,2:47:40,2:14:46,1124,f35-39,CAN,2289,sportstats
T100 Triathlon World Tour - London,2025-08-09,Age Group,100000,Richard Porter,6:05:54,0:48:32,3:13:55,1:49:03,1125,n40-44,GBR,2134,sportstats
T100 Triathlon World Tour - London,2025-08-09,Age Group,100000,Dave Blondell,6:06:07,0:47:57,2:29:05,2:34:31,1126,n50-54,NZL,2064,sportstats
T100 Triathlon World Tour - London,2025-08-09,Age Group,100000,Alex Cooke,6:06:23,0:54:54,2:39:26,2:15:03,1127,n25-29,GBR,1743,sportstats
T100 Triathlon World Tour - London,2025-08-09,Age Group,100000,Moyu Wang,6:06:39,1:08:38,2:54:00,1:46:10,1128,f30-34,CHN,2419,sportstats
T100 Triathlon World Tour - London,2025-08-09,Age Group,100000,Luke Playle,6:07:00,0:46:38,2:59:23,1:58:23,1129,n25-29,GBR,1874,sportstats
T100 Triathlon World Tour - London,2025-08-09,Age Group,100000,Chris Nolan,6:07:29,0:52:05,2:53:21,1:57:03,1130,n50-54,IRL,1522,sportstats
T100 Triathlon World Tour - London,2025-08-09,Age Group,100000,Olinda Alegria - Prevot,6:07:32,0:48:42,3:22:43,1:38:49,1131,f55-59,PER,2271,sportstats
T100 Triathlon World Tour - London,2025-08-09,Age Group,100000,Matt Walter,6:08:16,0:41:29,2:53:35,2:15:30,1132,n45-49,GBR,1725,sportstats
T100 Triathlon World Tour - London,2025-08-09,Age Group,100000,Wojciech Twarog,6:08:19,0:51:50,2:40:43,2:11:38,1133,n35-39,POL,1994,sportstats
T100 Triathlon World Tour - London,2025-08-09,Age Group,100000,Ian Campbell,6:08:30,1:23:07,3:38:53,1:29:27,1134,n45-49,GBR,1056,sportstats
T100 Triathlon World Tour - London,2025-08-09,Age Group,100000,David Blakeborough,6:08:34,0:43:54,2:51:30,2:21:11,1135,n35-39,GBR,1626,sportstats
T100 Triathlon World Tour - London,2025-08-09,Age Group,100000,Lilly Clark,6:08:38,0:47:27,3:08:55,1:58:04,1136,f25-29,GBR,2390,sportstats
T100 Triathlon World Tour - London,2025-08-09,Age Group,100000,Rachael Cawker,6:08:40,0:47:10,3:07:30,2:00:11,1137,f25-29,GBR,2348,sportstats
T100 Triathlon World Tour - London,2025-08-09,Age Group,100000,Zack Mclean,6:08:41,0:45:24,2:55:59,2:14:03,1138,n25-29,GBR,1926,sportstats
T100 Triathlon World Tour - London,2025-08-09,Age Group,100000,Rebecca Fletcher,6:08:41,1:09:04,3:30:06,1:40:47,1139,f35-39,GBR,2113,sportstats
T100 Triathlon World Tour - London,2025-08-09,Age Group,100000,Amanda Archer,6:08:51,0:46:47,3:03:57,2:01:36,1140,f45-49,GBR,2417,sportstats
T100 Triathlon World Tour - London,2025-08-09,Age Group,100000,Molly Blakeman,6:08:58,0:45:22,3:02:25,2:05:17,1141,f25-29,GBR,2097,sportstats
T100 Triathlon World Tour - London,2025-08-09,Age Group,100000,Mark Harwood,6:09:04,1:01:27,2:46:38,2:03:18,1142,n55-59,GBR,1871,sportstats
T100 Triathlon World Tour - London,2025-08-09,Age Group,100000,Stephanie Rosseel,6:09:26,0:56:25,2:41:28,2:01:50,1143,f50-54,BEL,2381,sportstats
T100 Triathlon World Tour - London,2025-08-09,Age Group,100000,Catherine Latta,6:09:32,0:38:25,2:54:10,2:13:07,1144,f60-64,GBR,2392,sportstats
T100 Triathlon World Tour - London,2025-08-09,Age Group,100000,Ekaterina Elshina,6:09:44,0:46:05,3:05:37,2:02:20,1145,f40-44,RUS,2290,sportstats
T100 Triathlon World Tour - London,2025-08-09,Age Group,100000,Moya Mcgough,6:09:47,0:47:02,2:57:47,2:06:46,1146,f40-44,GBR,2367,sportstats
T100 Triathlon World Tour - London,2025-08-09,Age Group,100000,Viet Le,6:10:03,0:51:23,3:17:01,1:41:08,1147,n40-44,FRA,2232,sportstats
T100 Triathlon World Tour - London,2025-08-09,Age Group,100000,Jing Ouyang,6:10:05,0:48:43,2:52:28,2:11:58,1148,n35-39,GBR,1896,sportstats
T100 Triathlon World Tour - London,2025-08-09,Age Group,100000,Anthony Chang,6:10:36,0:48:39,2:49:57,2:12:07,1149,n45-49,GBR,1891,sportstats
T100 Triathlon World Tour - London,2025-08-09,Age Group,100000,Simon Jones,6:10:37,0:46:03,3:02:26,2:00:36,1150,n55-59,GBR,1992,sportstats
T100 Triathlon World Tour - London,2025-08-09,Age Group,100000,Ray Thompson,6:10:42,0:45:08,2:45:33,2:25:37,1151,n60-64,GBR,1859,sportstats
T100 Triathlon World Tour - London,2025-08-09,Age Group,100000,Darren Thoirs,6:11:08,0:38:29,2:40:16,2:36:33,1152,n55-59,GBR,1738,sportstats
T100 Triathlon World Tour - London,2025-08-09,Age Group,100000,Paul Weaver,6:11:14,1:01:41,2:55:40,1:55:44,1153,n35-39,GBR,2162,sportstats
T100 Triathlon World Tour - London,2025-08-09,Age Group,100000,Harrison Hunt,6:12:05,0:50:12,2:50:47,2:16:11,1154,n25-29,GBR,1961,sportstats
T100 Triathlon World Tour - London,2025-08-09,Age Group,100000,Bradley Green,6:12:22,1:21:10,2:51:11,1:40:59,1155,n30-34,GBR,2060,sportstats
T100 Triathlon World Tour - London,2025-08-09,Age Group,100000,Kate Hennessy,6:13:01,0:46:15,2:59:52,2:05:49,1156,f35-39,IRL,2323,sportstats
T100 Triathlon World Tour - London,2025-08-09,Age Group,100000,Oliver Cannon,6:13:37,0:58:20,2:58:20,1:52:03,1157,n35-39,GBR,2072,sportstats
T100 Triathlon World Tour - London,2025-08-09,Age Group,100000,Louise Chaves,6:13:44,0:46:04,2:50:58,2:22:55,1158,f45-49,GBR,2166,sportstats
T100 Triathlon World Tour - London,2025-08-09,Age Group,100000,Andrew Ryan,6:13:53,0:54:52,2:36:15,2:21:50,1159,n50-54,IRL,2018,sportstats
T100 Triathlon World Tour - London,2025-08-09,Age Group,100000,Claire Davies,6:14:02,0:49:26,3:01:53,2:08:08,1160,f40-44,GBR,2398,sportstats
T100 Triathlon World Tour - London,2025-08-09,Age Group,100000,David Mascari,6:14:15,0:53:39,3:01:54,2:02:43,1161,n45-49,USA,2243,sportstats
T100 Triathlon World Tour - London,2025-08-09,Age Group,100000,Richard Gillin,6:14:31,1:17:44,3:27:18,1:55:06,1162,n30-34,GBR,1157,sportstats
T100 Triathlon World Tour - London,2025-08-09,Age Group,100000,Dermot Hayes,6:15:05,0:46:54,2:41:30,2:32:46,1163,n50-54,IRL,15655,sportstats
T100 Triathlon World Tour - London,2025-08-09,Age Group,100000,Nicholas Hawker,6:15:06,0:59:04,2:42:50,2:20:54,1164,n40-44,GBR,1569,sportstats
T100 Triathlon World Tour - London,2025-08-09,Age Group,100000,Anne Kwok,6:15:09,0:48:05,2:56:17,2:15:47,1165,f45-49,GBR,2190,sportstats
T100 Triathlon World Tour - London,2025-08-09,Age Group,100000,Ben Rynston,6:15:17,0:49:08,2:47:22,2:18:36,1166,n35-39,GBR,2127,sportstats
T100 Triathlon World Tour - London,2025-08-09,Age Group,100000,Csaba Bojtos,6:15:44,1:02:09,2:46:43,2:08:48,1167,n30-34,SVK,2370,sportstats
T100 Triathlon World Tour - London,2025-08-09,Age Group,100000,Dimitris Veliotis,6:16:04,0:55:06,2:51:09,2:08:37,1168,n40-44,GBR,2154,sportstats
T100 Triathlon World Tour - London,2025-08-09,Age Group,100000,Ronan Fox,6:16:13,0:50:15,2:46:49,2:22:59,1169,n60-64,IRL,1699,sportstats
T100 Triathlon World Tour - London,2025-08-09,Age Group,100000,Jonathan Oconnell,6:16:20,0:44:32,3:05:32,2:13:46,1170,n50-54,IRL,2067,sportstats
T100 Triathlon World Tour - London,2025-08-09,Age Group,100000,Catherine Ahn,6:16:40,0:42:50,2:55:56,2:10:07,1171,f45-49,ARM,2389,sportstats
T100 Triathlon World Tour - London,2025-08-09,Age Group,100000,Sean Hearson,6:17:17,1:01:03,3:03:39,1:54:35,1172,n35-39,GBR,1472,sportstats
T100 Triathlon World Tour - London,2025-08-09,Age Group,100000,Graeme Falconer,6:17:58,0:50:57,2:57:45,2:14:20,1173,n40-44,GBR,1624,sportstats
T100 Triathlon World Tour - London,2025-08-09,Age Group,100000,Natalie Low,6:18:14,0:53:00,3:06:30,2:03:08,1174,f20-24,GBR,2418,sportstats
T100 Triathlon World Tour - London,2025-08-09,Age Group,100000,German Aseguin,6:19:26,1:25:02,2:50:25,1:56:22,1175,n30-34,ARG,2170,sportstats
T100 Triathlon World Tour - London,2025-08-09,Age Group,100000,Sophia Staveley,6:19:41,0:46:22,3:07:15,2:10:30,1176,f20-24,GBR,2403,sportstats
T100 Triathlon World Tour - London,2025-08-09,Age Group,100000,Alice Klein,6:19:51,0:47:49,3:04:04,2:12:48,1177,f25-29,NZL,2218,sportstats
T100 Triathlon World Tour - London,2025-08-09,Age Group,100000,Julia Maciel,6:20:03,0:45:18,3:02:57,2:16:12,1178,f45-49,BRA,2287,sportstats
T100 Triathlon World Tour - London,2025-08-09,Age Group,100000,Jacob Lloyd,6:20:13,0:39:47,3:19:12,2:04:43,1179,n30-34,GBR,1984,sportstats
T100 Triathlon World Tour - London,2025-08-09,Age Group,100000,Francis Gee,6:20:17,0:56:29,2:59:02,2:14:08,1180,n20-24,GBR,2109,sportstats
T100 Triathlon World Tour - London,2025-08-09,Age Group,100000,Rhiannon May,6:20:45,0:49:57,3:02:27,2:13:16,1181,f35-39,GBR,2192,sportstats
T100 Triathlon World Tour - London,2025-08-09,Age Group,100000,Sharon Stanley,6:20:46,0:56:25,3:10:13,1:55:35,1182,f50-54,GBR,2362,sportstats
T100 Triathlon World Tour - London,2025-08-09,Age Group,100000,Afzal Ahmed,6:20:54,0:42:58,2:59:13,2:19:50,1183,n30-34,IND,1745,sportstats
T100 Triathlon World Tour - London,2025-08-09,Age Group,100000,Lewis Mcdermott,6:21:07,0:50:58,3:05:28,2:05:16,1184,n20-24,GBR,1965,sportstats
T100 Triathlon World Tour - London,2025-08-09,Age Group,100000,Hua Luk,6:21:55,0:50:26,2:56:22,2:18:37,1185,n40-44,GBR,2104,sportstats
T100 Triathlon World Tour - London,2025-08-09,Age Group,100000,June Shi,6:22:46,0:54:23,2:48:03,2:22:13,1186,f30-34,NZL,2412,sportstats
T100 Triathlon World Tour - London,2025-08-09,Age Group,100000,Jack Paterson,6:23:36,0:45:39,3:05:39,2:17:44,1187,n25-29,GBR,1043,sportstats
T100 Triathlon World Tour - London,2025-08-09,Age Group,100000,Vicki Gill,6:24:17,0:47:18,3:07:51,2:11:01,1188,f45-49,GBR,2259,sportstats
T100 Triathlon World Tour - London,2025-08-09,Age Group,100000,Andrei Bostan,6:24:24,0:46:40,3:11:54,2:06:44,1189,n25-29,ROU,1295,sportstats
T100 Triathlon World Tour - London,2025-08-09,Age Group,100000,Rachel Barker,6:24:51,0:56:50,2:52:41,2:06:53,1190,f45-49,GBR,2411,sportstats
T100 Triathlon World Tour - London,2025-08-09,Age Group,100000,Kareem Fouad,6:24:53,0:46:11,3:06:15,2:15:26,1191,n20-24,EGY,1794,sportstats
T100 Triathlon World Tour - London,2025-08-09,Age Group,100000,Alice Mayes,6:24:59,0:54:41,3:19:27,1:52:21,1192,f30-34,GBR,2422,sportstats
T100 Triathlon World Tour - London,2025-08-09,Age Group,100000,Virginia Fabrizi,6:25:15,0:55:37,3:02:37,2:03:13,1193,f35-39,ITA,2213,sportstats
T100 Triathlon World Tour - London,2025-08-09,Age Group,100000,Lars Meschkat,6:25:32,0:49:02,2:42:14,2:35:32,1194,n55-59,DEU,1760,sportstats
T100 Triathlon World Tour - London,2025-08-09,Age Group,100000,Gregor Mcdonald,6:25:39,0:45:27,2:49:32,2:32:25,1195,n35-39,GBR,1939,sportstats
T100 Triathlon World Tour - London,2025-08-09,Age Group,100000,Harry Skates,6:25:40,0:39:21,3:26:05,2:06:57,1196,n20-24,GBR,1797,sportstats
T100 Triathlon World Tour - London,2025-08-09,Age Group,100000,Hon Fai Woo,6:25:57,0:59:56,2:42:52,2:24:22,1197,n40-44,MYS,1823,sportstats
T100 Triathlon World Tour - London,2025-08-09,Age Group,100000,Noel Ryan,6:26:01,0:48:57,2:46:18,2:30:34,1198,n45-49,IRL,1854,sportstats
T100 Triathlon World Tour - London,2025-08-09,Age Group,100000,Ian Bolster,6:26:24,0:57:00,2:39:02,2:31:24,1199,n55-59,IRL,1980,sportstats
T100 Triathlon World Tour - London,2025-08-09,Age Group,100000,Robert Riesen,6:26:27,0:46:44,2:41:11,2:38:44,1200,n50-54,CHE,1843,sportstats
T100 Triathlon World Tour - London,2025-08-09,Age Group,100000,Stephen Zaleski,6:27:22,0:51:28,2:58:33,2:19:14,1201,n60-64,GBR,2238,sportstats
T100 Triathlon World Tour - London,2025-08-09,Age Group,100000,Matthew Radford,6:27:24,0:39:18,2:55:22,2:37:22,1202,n30-34,GBR,1979,sportstats
T100 Triathlon World Tour - London,2025-08-09,Age Group,100000,Fabien Strawbridge,6:27:25,0:54:52,3:14:49,2:00:48,1203,n45-49,FRA,2151,sportstats
T100 Triathlon World Tour - London,2025-08-09,Age Group,100000,Saleh Zandiyyeh,6:27:56,1:02:14,3:09:10,1:55:09,1204,n30-34,IRN,2147,sportstats
T100 Triathlon World Tour - London,2025-08-09,Age Group,100000,Kohinoor Darda,6:28:06,0:53:12,3:21:35,1:57:23,1205,f30-34,IND,2369,sportstats
T100 Triathlon World Tour - London,2025-08-09,Age Group,100000,Becky Dsylva,6:28:52,1:00:00,3:08:17,2:02:05,1206,f30-34,GBR,2246,sportstats
T100 Triathlon World Tour - London,2025-08-09,Age Group,100000,Peter Dry,6:29:00,0:57:27,3:06:10,2:01:01,1207,n70+,GBR,2133,sportstats
T100 Triathlon World Tour - London,2025-08-09,Age Group,100000,Jonathan Getz,6:29:10,0:45:57,2:33:01,2:52:28,1208,n60-64,GBR,1850,sportstats
T100 Triathlon World Tour - London,2025-08-09,Age Group,100000,Tim Jones,6:29:16,1:09:03,2:50:05,2:14:36,1209,n65-69,GBR,2027,sportstats
T100 Triathlon World Tour - London,2025-08-09,Age Group,100000,Tracy Griffin,6:29:46,1:06:03,3:12:05,1:58:58,1210,f45-49,IRL,2310,sportstats
T100 Triathlon World Tour - London,2025-08-09,Age Group,100000,Philip Jarvis,6:30:01,0:48:23,2:57:38,2:24:42,1211,n45-49,GBR,1862,sportstats
T100 Triathlon World Tour - London,2025-08-09,Age Group,100000,Louis Naughton,6:30:20,1:05:19,2:53:42,2:11:52,1212,n30-34,IRL,2098,sportstats
T100 Triathlon World Tour - London,2025-08-09,Age Group,100000,Spiro Youakim,6:30:27,0:56:07,3:09:45,2:06:08,1213,n55-59,LBN,1576,sportstats
T100 Triathlon World Tour - London,2025-08-09,Age Group,100000,Makis Laftsidis,6:30:57,1:25:21,2:54:10,1:56:36,1214,n50-54,GRC,2033,sportstats
T100 Triathlon World Tour - London,2025-08-09,Age Group,100000,Aimee Shimwell,6:31:42,0:53:53,3:05:23,2:09:11,1215,f25-29,GBR,2377,sportstats
T100 Triathlon World Tour - London,2025-08-09,Age Group,100000,Chris Roberts,6:31:44,0:54:56,2:49:47,2:29:10,1216,n50-54,GBR,1365,sportstats
T100 Triathlon World Tour - London,2025-08-09,Age Group,100000,Aaron Rees,6:31:44,0:50:49,2:58:24,2:26:15,1217,n30-34,GBR,1872,sportstats
T100 Triathlon World Tour - London,2025-08-09,Age Group,100000,Becky Shimwell,6:31:48,0:52:01,3:05:22,2:09:11,1218,f25-29,GBR,2376,sportstats
T100 Triathlon World Tour - London,2025-08-09,Age Group,100000,Jamila Mack,6:32:21,0:57:49,3:10:06,2:04:28,1219,f40-44,DEU,1911,sportstats
T100 Triathlon World Tour - London,2025-08-09,Age Group,100000,Dave Howard,6:32:30,1:03:07,2:40:21,2:21:35,1220,n50-54,GBR,1933,sportstats
T100 Triathlon World Tour - London,2025-08-09,Age Group,100000,Victoria Mcgregor,6:32:35,0:51:51,2:48:10,2:37:21,1221,f40-44,GBR,2291,sportstats
T100 Triathlon World Tour - London,2025-08-09,Age Group,100000,Amy Ball,6:32:53,1:08:24,2:55:46,2:12:24,1222,f50-54,IRL,2189,sportstats
T100 Triathlon World Tour - London,2025-08-09,Age Group,100000,Cheryl Law,6:33:31,0:49:48,3:30:57,1:39:24,1223,f40-44,HKG,2283,sportstats
T100 Triathlon World Tour - London,2025-08-09,Age Group,100000,David Miller,6:34:29,0:51:27,2:50:53,2:59:11,1224,n65-69,GBR,2198,sportstats
T100 Triathlon World Tour - London,2025-08-09,Age Group,100000,Bobby Dipple,6:34:38,0:57:41,2:48:10,2:31:30,1225,n45-49,GBR,2160,sportstats
T100 Triathlon World Tour - London,2025-08-09,Age Group,100000,James Mcdonald,6:34:48,0:55:47,3:32:07,1:48:37,1226,n50-54,USA,1974,sportstats
T100 Triathlon World Tour - London,2025-08-09,Age Group,100000,Sam Denny,6:35:23,0:50:35,2:56:39,2:30:06,1227,f35-39,GBR,2410,sportstats
T100 Triathlon World Tour - London,2025-08-09,Age Group,100000,Kalin Vatev,6:35:32,1:22:06,2:35:42,2:17:49,1228,n50-54,GBR,1882,sportstats
T100 Triathlon World Tour - London,2025-08-09,Age Group,100000,Ana Rocha,6:35:42,0:53:30,3:00:58,2:23:54,1229,f35-39,PRT,1510,sportstats
T100 Triathlon World Tour - London,2025-08-09,Age Group,100000,Viren Dulabh,6:35:58,0:59:10,3:31:11,1:49:44,1230,n20-24,GBR,1495,sportstats
T100 Triathlon World Tour - London,2025-08-09,Age Group,100000,Octavian Taranu Toma,6:36:11,0:52:04,3:20:05,2:03:48,1231,n25-29,ROU,1960,sportstats
T100 Triathlon World Tour - London,2025-08-09,Age Group,100000,Mohammad Ziaee,6:38:09,0:54:42,3:06:59,2:23:28,1232,n50-54,USA,1011,sportstats
T100 Triathlon World Tour - London,2025-08-09,Age Group,100000,Millie Smiles,6:38:40,0:49:46,3:01:40,2:30:38,1233,f25-29,GBR,2393,sportstats
T100 Triathlon World Tour - London,2025-08-09,Age Group,100000,Eloise Nash,6:40:27,0:45:55,2:56:50,2:41:49,1234,f35-39,GBR,2351,sportstats
T100 Triathlon World Tour - London,2025-08-09,Age Group,100000,Pauline Alderman,6:40:30,1:01:43,3:06:41,2:11:06,1235,f55-59,GBR,2378,sportstats
T100 Triathlon World Tour - London,2025-08-09,Age Group,100000,Montse Santa-Olalla,6:40:51,0:52:54,3:26:06,2:07:56,1236,f30-34,GBR,2384,sportstats
T100 Triathlon World Tour - London,2025-08-09,Age Group,100000,Lianne Bowker,6:41:35,2:35:02,1:19:01,3:09:43,1237,f35-39,ZAF,2430,sportstats
T100 Triathlon World Tour - London,2025-08-09,Age Group,100000,Leo Tolentino,6:43:04,1:02:43,3:07:46,2:13:16,1238,n60-64,USA,2214,sportstats
T100 Triathlon World Tour - London,2025-08-09,Age Group,100000,Celina Barrett,6:43:22,0:54:03,3:09:59,2:24:36,1239,f55-59,IRL,2371,sportstats
T100 Triathlon World Tour - London,2025-08-09,Age Group,100000,Rasmus Maack,6:44:30,0:49:21,2:55:42,2:38:17,1240,n40-44,DNK,1895,sportstats
T100 Triathlon World Tour - London,2025-08-09,Age Group,100000,Mat Jones,6:44:53,0:43:50,3:18:43,2:23:11,1241,n50-54,GBR,2010,sportstats
T100 Triathlon World Tour - London,2025-08-09,Age Group,100000,Brian Cheng,6:44:55,0:55:39,3:07:05,2:25:08,1242,n45-49,HKG,1977,sportstats
T100 Triathlon World Tour - London,2025-08-09,Age Group,100000,Gavin Henneker,6:46:52,0:46:47,3:10:36,2:31:15,1243,n60-64,GBR,1997,sportstats
T100 Triathlon World Tour - London,2025-08-09,Age Group,100000,Rutuja Achalare,6:47:39,0:48:56,3:32:35,2:11:16,1244,f35-39,IND,2368,sportstats
T100 Triathlon World Tour - London,2025-08-09,Age Group,100000,Glynis Greenough,6:48:21,0:53:01,3:01:10,2:29:46,1245,f70+,GBR,2353,sportstats
T100 Triathlon World Tour - London,2025-08-09,Age Group,100000,Morne Adriaans,6:49:15,1:01:55,3:08:23,2:22:39,1246,n40-44,GBR,1993,sportstats
T100 Triathlon World Tour - London,2025-08-09,Age Group,100000,Nuha Luqman,6:50:08,1:02:15,3:20:06,2:08:59,1247,f45-49,ARE,2365,sportstats
T100 Triathlon World Tour - London,2025-08-09,Age Group,100000,Kirsty Middlemist,6:51:01,0:45:56,3:02:14,2:41:44,1248,f50-54,GBR,2416,sportstats
T100 Triathlon World Tour - London,2025-08-09,Age Group,100000,John Leahy,6:51:07,0:57:28,2:59:21,2:35:40,1249,n55-59,IRL,1855,sportstats
T100 Triathlon World Tour - London,2025-08-09,Age Group,100000,Louise Mcintosh,6:53:22,1:00:57,3:13:56,2:20:08,1250,f45-49,GBR,2408,sportstats
T100 Triathlon World Tour - London,2025-08-09,Age Group,100000,Haley Justice,6:54:21,0:50:48,3:42:36,2:07:45,1251,f25-29,USA,2343,sportstats
T100 Triathlon World Tour - London,2025-08-09,Age Group,100000,Owen Legg,6:55:37,0:49:00,3:02:33,2:27:17,1252,n20-24,GBR,2155,sportstats
T100 Triathlon World Tour - London,2025-08-09,Age Group,100000,Barry Deakin,6:57:25,1:10:08,2:59:39,2:24:58,1253,n50-54,GBR,2065,sportstats
T100 Triathlon World Tour - London,2025-08-09,Age Group,100000,Jonathan Lam,6:59:19,0:59:13,3:18:51,2:14:12,1254,n35-39,HKG,1713,sportstats
T100 Triathlon World Tour - London,2025-08-09,Age Group,100000,Bayo Osobe,7:04:30,1:02:10,3:02:27,2:40:01,1255,n55-59,GBR,2100,sportstats
T100 Triathlon World Tour - London,2025-08-09,Age Group,100000,Chris Lam,7:04:57,1:12:20,3:08:54,2:22:56,1256,n65-69,GBR,1948,sportstats
T100 Triathlon World Tour - London,2025-08-09,Age Group,100000,Victoria Christmas,7:06:42,0:52:22,3:15:30,2:44:19,1257,f20-24,GBR,2359,sportstats
T100 Triathlon World Tour - London,2025-08-09,Age Group,100000,Georgie Morris,7:07:00,0:48:58,3:26:46,2:30:01,1258,f20-24,GBR,1900,sportstats
T100 Triathlon World Tour - London,2025-08-09,Age Group,100000,Tamsin Morrow,7:09:29,0:57:06,3:24:08,2:32:47,1259,f18-19,GBR,2201,sportstats
T100 Triathlon World Tour - London,2025-08-09,Age Group,100000,Tony Bennett,7:10:11,0:49:35,3:09:23,2:45:21,1260,n50-54,GBR,2046,sportstats
T100 Triathlon World Tour - London,2025-08-09,Age Group,100000,James Oneill,7:10:16,1:05:27,3:14:43,2:26:50,1261,n55-59,GBR,2045,sportstats
T100 Triathlon World Tour - London,2025-08-09,Age Group,100000,Sally Smith,7:10:59,0:53:52,3:17:00,2:42:37,1262,f70+,GBR,2409,sportstats
T100 Triathlon World Tour - London,2025-08-09,Age Group,100000,Benjamin Swan,7:11:04,1:31:06,3:49:06,2:11:57,1263,n30-34,GBR,1827,sportstats
T100 Triathlon World Tour - London,2025-08-09,Age Group,100000,Karen Cheung,7:14:56,1:08:20,3:14:49,2:19:43,1264,f40-44,AUS,2298,sportstats
T100 Triathlon World Tour - London,2025-08-09,Age Group,100000,Declan Lawler,7:16:55,1:00:56,3:05:53,2:46:22,1265,n50-54,IRL,1235,sportstats
T100 Triathlon World Tour - London,2025-08-09,Age Group,100000,Chanelle Mistry,7:16:55,0:55:02,3:33:21,2:24:53,1266,f30-34,GBR,2420,sportstats
T100 Triathlon World Tour - London,2025-08-09,Age Group,100000,Sophie Jeffs,7:23:32,0:54:04,3:07:31,3:00:01,1267,f30-34,GBR,2385,sportstats
T100 Triathlon World Tour - London,2025-08-09,Age Group,100000,Jeffrey Roberts,7:23:50,0:51:23,2:57:30,2:34:41,1268,n65-69,CAN,1894,sportstats
T100 Triathlon World Tour - London,2025-08-09,Age Group,100000,Conor Douglas,7:33:56,0:39:30,3:28:54,3:03:51,1269,n35-39,GBR,2129,sportstats
T100 Triathlon World Tour - London,2025-08-09,Age Group,100000,Aaron Barzey,7:43:28,1:05:46,4:00:12,2:16:43,1270,n40-44,GBR,2158,sportstats
T100 Triathlon World Tour - London,2025-08-09,Age Group,100000,Rachel Preston,7:55:03,1:10:08,3:35:30,2:52:53,1271,f40-44,GBR,2407,sportstats
T100 Triathlon World Tour - London,2025-08-09,Age Group,100000,Nigel Donaghy,8:08:05,0:56:49,3:14:50,3:23:35,1272,n50-54,GBR,1851,sportstats
