event_name,event_date,race_name,distance_m,athlete_name,finish_time,swim_time,bike_time,run_time,overall_position,category,country,bib,source
T100 Triathlon World Tour - Dubai,2024-11-17,T100,100000,Quentin Amaral,3:25:45,0:30:09,1:45:46,1:05:47,1,male 25-29,ARE,1056,sportstats
T100 Triathlon World Tour - Dubai,2024-11-17,T100,100000,Keith Ryan,3:28:54,0:20:26,0:42:26,2:19:12,2,male 45-49,ARE,1537,sportstats
T100 Triathlon World Tour - Dubai,2024-11-17,T100,100000,Etienne Tillon,3:28:56,0:26:43,1:47:18,1:10:25,3,male 18-24,ARE,2801,sportstats
T100 Triathlon World Tour - Dubai,2024-11-17,T100,100000,Ryan Christian,3:30:20,0:28:46,1:46:09,1:11:22,4,male 35-39,ARE,1946,sportstats
T100 Triathlon World Tour - Dubai,2024-11-17,T100,100000,Roman Evgrafov,3:30:50,0:27:36,1:50:43,1:07:29,5,male 40-44,RUS,2057,sportstats
T100 Triathlon World Tour - Dubai,2024-11-17,T100,100000,Donovan Geldenhuys,3:31:45,0:29:15,1:45:45,1:10:39,6,male 40-44,ZAF,2113,sportstats
T100 Triathlon World Tour - Dubai,2024-11-17,T100,100000,Ilya Slepov,3:31:49,0:29:33,1:49:50,1:08:05,7,male 40-44,CYP,2732,sportstats
T100 Triathlon World Tour - Dubai,2024-11-17,T100,100000,Alexey Nikulin,3:34:22,0:27:21,1:51:22,1:10:59,8,male 45-49,RUS,1457,sportstats
T100 Triathlon World Tour - Dubai,2024-11-17,T100,100000,Maksim Kniazev,3:35:17,0:31:24,1:47:23,1:10:54,9,male 30-34,RUS,2319,sportstats
T100 Triathlon World Tour - Dubai,2024-11-17,T100,100000,Rayan Alkhuwaiter,3:36:44,0:33:08,1:47:24,1:11:58,10,male 35-39,SAU,1749,sportstats
T100 Triathlon World Tour - Dubai,2024-11-17,T100,100000,Tim Gosnjak,3:37:05,0:33:26,1:45:16,1:11:10,11,male 30-34,SVN,2136,sportstats
T100 Triathlon World Tour - Dubai,2024-11-17,T100,100000,Florin Parfuss,3:37:13,0:27:05,1:47:13,1:16:42,12,male 18-24,CHE,1481,sportstats
T100 Triathlon World Tour - Dubai,2024-11-17,T100,100000,Oliver Lockyer,3:40:25,0:32:53,1:50:16,1:11:27,13,male 30-34,ARE,2381,sportstats
T100 Triathlon World Tour - Dubai,2024-11-17,T100,100000,David Hynes,3:41:12,0:28:41,1:45:23,1:21:49,14,male 40-44,OMN,1296,sportstats
T100 Triathlon World Tour - Dubai,2024-11-17,T100,100000,Dmitrii Zaloga,3:44:30,0:33:18,1:51:31,1:14:38,15,male 30-34,RUS,2915,sportstats
T100 Triathlon World Tour - Dubai,2024-11-17,T100,100000,Nathan Ward,3:46:10,0:31:13,1:53:25,1:15:27,16,male 30-34,IRL,1646,sportstats
T100 Triathlon World Tour - Dubai,2024-11-17,T100,100000,Patryk Bielik,3:46:26,0:34:05,1:52:00,1:14:48,17,male 30-34,ARE,1093,sportstats
T100 Triathlon World Tour - Dubai,2024-11-17,T100,100000,Volker Voit,3:46:43,0:38:14,1:44:49,1:17:37,18,male 40-44,DEU,1639,sportstats
T100 Triathlon World Tour - Dubai,2024-11-17,T100,100000,Ilya Fedorov,3:46:53,0:27:44,1:58:33,1:15:28,19,male 18-24,ARE,2066,sportstats
T100 Triathlon World Tour - Dubai,2024-11-17,T100,100000,Andreas Yiafas,3:47:35,0:36:55,1:50:32,1:14:45,20,male 40-44,CYP,1662,sportstats
T100 Triathlon World Tour - Dubai,2024-11-17,T100,100000,Valerii Turbaba,3:47:38,0:33:38,1:51:33,1:16:39,21,male 35-39,RUS,2823,sportstats
T100 Triathlon World Tour - Dubai,2024-11-17,T100,100000,Tom Holland,3:47:38,0:31:35,1:54:31,1:14:25,22,male 25-29,AUS,2202,sportstats
T100 Triathlon World Tour - Dubai,2024-11-17,T100,100000,Misael Mester,3:47:55,0:33:11,1:47:59,1:20:17,23,male 30-34,DEU,2460,sportstats
T100 Triathlon World Tour - Dubai,2024-11-17,T100,100000,Anton Vagin,3:48:30,0:30:33,1:53:59,1:17:41,24,male 40-44,RUS,1623,sportstats
T100 Triathlon World Tour - Dubai,2024-11-17,T100,100000,Evgeniy Ushakov,3:48:43,0:36:11,1:52:12,1:12:23,25,male 40-44,RUS,2829,sportstats
T100 Triathlon World Tour - Dubai,2024-11-17,T100,100000,Aleksandr Mishin,3:50:11,0:29:12,1:50:50,1:23:52,26,male 40-44,ARE,2927,sportstats
T100 Triathlon World Tour - Dubai,2024-11-17,T100,100000,Luis Silva,3:50:25,0:28:38,1:58:36,1:17:41,27,male 35-39,SAU,1569,sportstats
T100 Triathlon World Tour - Dubai,2024-11-17,T100,100000,Gilles Ghoussoub,3:50:44,0:35:22,1:52:32,1:16:23,28,male 40-44,ARE,1253,sportstats
T100 Triathlon World Tour - Dubai,2024-11-17,T100,100000,Lucas Wise,3:51:27,0:28:59,1:57:32,1:18:59,29,male 35-39,ARE,2893,sportstats
T100 Triathlon World Tour - Dubai,2024-11-17,T100,100000,James Duncan,3:51:55,0:35:15,1:51:02,1:18:53,30,male 35-39,ARE,1192,sportstats
T100 Triathlon World Tour - Dubai,2024-11-17,T100,100000,Julien Bletterie,3:52:01,0:38:16,1:51:25,1:15:33,31,male 30-34,ARE,1866,sportstats
T100 Triathlon World Tour - Dubai,2024-11-17,T100,100000,James Plant,3:53:17,0:33:42,1:52:26,1:18:38,32,male 40-44,ARE,1500,sportstats
T100 Triathlon World Tour - Dubai,2024-11-17,T100,100000,Ayoub Essbai,3:53:37,0:37:00,2:00:39,1:09:30,33,male 25-29,ARE,2053,sportstats
T100 Triathlon World Tour - Dubai,2024-11-17,T100,100000,Philipp Strolz,3:53:49,0:32:49,1:51:29,1:23:46,34,male 45-49,AUT,2761,sportstats
T100 Triathlon World Tour - Dubai,2024-11-17,T100,100000,Joe Cooper,3:54:19,0:28:37,2:05:21,1:14:41,35,male 25-29,GBR,1961,sportstats
T100 Triathlon World Tour - Dubai,2024-11-17,T100,100000,Baizhan Kanafin,3:54:29,0:36:22,1:52:46,1:18:55,36,male 40-44,KAZ,2263,sportstats
T100 Triathlon World Tour - Dubai,2024-11-17,T100,100000,Daniel Power,3:54:38,0:35:43,1:52:50,1:19:21,37,male 35-39,QAT,2590,sportstats
T100 Triathlon World Tour - Dubai,2024-11-17,T100,100000,Brice Tchaplyguine,3:54:53,0:34:15,1:57:55,1:16:25,38,male 35-39,SGP,2788,sportstats
T100 Triathlon World Tour - Dubai,2024-11-17,T100,100000,Guilherme Goncalves,3:55:17,0:35:06,1:53:36,1:21:07,39,male 35-39,ARE,1262,sportstats
T100 Triathlon World Tour - Dubai,2024-11-17,T100,100000,Artem Sitnikov,3:55:32,0:39:09,1:54:53,1:15:33,40,male 40-44,CYP,2729,sportstats
T100 Triathlon World Tour - Dubai,2024-11-17,T100,100000,Alexander Gorobchenko,3:55:33,0:34:51,1:58:41,1:17:21,41,male 35-39,ARE,2135,sportstats
T100 Triathlon World Tour - Dubai,2024-11-17,T100,100000,Jack Stead,3:55:45,0:33:48,1:57:44,1:18:06,42,male 25-29,GBR,2752,sportstats
T100 Triathlon World Tour - Dubai,2024-11-17,T100,100000,Diego Mora,3:55:52,0:38:36,1:55:31,1:15:07,43,male 50-54,ARE,1422,sportstats
T100 Triathlon World Tour - Dubai,2024-11-17,T100,100000,Iker Ballestero Barrutia,3:56:03,0:33:29,1:59:06,1:18:05,44,male 30-34,ARE,1075,sportstats
T100 Triathlon World Tour - Dubai,2024-11-17,T100,100000,Mervin Rencel Santiago,3:56:25,0:35:13,2:00:26,1:15:42,45,male 30-34,PHL,2675,sportstats
T100 Triathlon World Tour - Dubai,2024-11-17,T100,100000,Taavi Rand,3:56:37,0:34:12,1:59:54,1:16:33,46,male 25-29,EST,2607,sportstats
T100 Triathlon World Tour - Dubai,2024-11-17,T100,100000,Ian Farrell,3:56:59,0:37:40,1:52:27,1:20:36,47,male 40-44,ARE,1226,sportstats
T100 Triathlon World Tour - Dubai,2024-11-17,T100,100000,Ahmed Iraky,3:57:01,0:35:56,2:00:29,1:14:25,48,male 45-49,ARE,1298,sportstats
T100 Triathlon World Tour - Dubai,2024-11-17,T100,100000,James Arnestad,3:57:15,0:34:49,1:59:23,1:16:49,49,male 35-39,ARE,1060,sportstats
T100 Triathlon World Tour - Dubai,2024-11-17,T100,100000,Khodor Yassine,3:57:24,0:36:39,1:58:59,1:14:59,50,male 30-34,ARE,2907,sportstats
T100 Triathlon World Tour - Dubai,2024-11-17,T100,100000,Niall Foley,3:57:27,0:31:06,1:59:15,1:21:04,51,male 25-29,ARE,1239,sportstats
T100 Triathlon World Tour - Dubai,2024-11-17,T100,100000,Joao Arteche,3:57:51,0:30:57,1:57:49,1:22:32,52,male 40-44,ARE,1063,sportstats
T100 Triathlon World Tour - Dubai,2024-11-17,T100,100000,Alex Shedden,3:57:58,0:34:24,1:58:32,1:19:30,53,male 30-34,ARE,1565,sportstats
T100 Triathlon World Tour - Dubai,2024-11-17,T100,100000,Aleksandr Variukhin,3:58:07,0:30:22,2:03:15,1:19:07,54,male 30-34,TUR,2845,sportstats
T100 Triathlon World Tour - Dubai,2024-11-17,T100,100000,Aleksei Lapik,3:58:10,0:35:36,1:57:51,1:17:17,55,male 30-34,CYP,2363,sportstats
T100 Triathlon World Tour - Dubai,2024-11-17,T100,100000,Leonid Ponomarev,3:58:20,0:38:53,1:51:56,1:20:39,56,male 45-49,ARE,1502,sportstats
T100 Triathlon World Tour - Dubai,2024-11-17,T100,100000,Ahmed Alhussain,3:58:44,0:38:55,1:54:22,1:19:20,57,male 35-39,SAU,1032,sportstats
T100 Triathlon World Tour - Dubai,2024-11-17,T100,100000,Peter Weiss,3:58:52,0:30:56,1:59:56,1:22:50,58,male 50-54,ARE,2880,sportstats
T100 Triathlon World Tour - Dubai,2024-11-17,T100,100000,Philip McLoughlin,3:58:57,0:28:27,2:04:05,1:18:44,59,male 35-39,IRL,2444,sportstats
T100 Triathlon World Tour - Dubai,2024-11-17,T100,100000,Nicholas Georgiadis,3:59:21,0:37:40,1:57:29,1:16:54,60,male 35-39,ARE,1248,sportstats
T100 Triathlon World Tour - Dubai,2024-11-17,T100,100000,Artem Stolkov,4:00:20,0:35:07,1:58:42,1:19:11,61,male 35-39,RUS,2756,sportstats
T100 Triathlon World Tour - Dubai,2024-11-17,T100,100000,Anthony Ebdon,4:00:43,0:37:35,1:55:22,1:21:06,62,male 50-54,ARE,2028,sportstats
T100 Triathlon World Tour - Dubai,2024-11-17,T100,100000,Pankkaj Dhiman,4:00:44,0:36:45,2:01:45,1:15:27,63,male 40-44,IND,2007,sportstats
T100 Triathlon World Tour - Dubai,2024-11-17,T100,100000,Danny Waddy,4:00:57,0:36:38,1:53:39,1:24:19,64,male 30-34,ARE,1640,sportstats
T100 Triathlon World Tour - Dubai,2024-11-17,T100,100000,Glyn Painter,4:01:22,0:33:00,1:53:45,1:28:39,65,male 50-54,GBR,1476,sportstats
T100 Triathlon World Tour - Dubai,2024-11-17,T100,100000,Thomas Crompton,4:01:27,0:34:30,1:55:45,1:23:55,66,male 40-44,ARE,1970,sportstats
T100 Triathlon World Tour - Dubai,2024-11-17,T100,100000,Anastas Panchenko,4:01:50,0:32:12,2:02:30,1:18:59,67,male 35-39,ARE,1477,sportstats
T100 Triathlon World Tour - Dubai,2024-11-17,T100,100000,Vainius Kaleda,4:02:25,0:36:40,1:58:18,1:20:45,68,male 30-34,ARE,1314,sportstats
T100 Triathlon World Tour - Dubai,2024-11-17,T100,100000,Caroline Bridges,4:02:26,0:29:19,2:05:55,1:20:46,69,female 30-34,ARE,1114,sportstats
T100 Triathlon World Tour - Dubai,2024-11-17,T100,100000,Elkin Blanco,4:02:48,0:39:00,1:57:53,1:19:36,70,male 35-39,ARE,1865,sportstats
T100 Triathlon World Tour - Dubai,2024-11-17,T100,100000,Maciej Fraczek,4:03:07,0:34:45,1:57:05,1:24:20,71,male 25-29,POL,2086,sportstats
T100 Triathlon World Tour - Dubai,2024-11-17,T100,100000,Abay Ussenov,4:03:22,0:32:52,2:02:22,1:21:01,72,male 35-39,KAZ,2831,sportstats
T100 Triathlon World Tour - Dubai,2024-11-17,T100,100000,Benjamin Parnell,4:03:22,0:29:50,1:56:54,1:31:32,73,male 40-44,ARE,2558,sportstats
T100 Triathlon World Tour - Dubai,2024-11-17,T100,100000,Benjamin Grolimund,4:03:49,0:35:06,1:56:47,1:25:51,74,male 35-39,ARE,1271,sportstats
T100 Triathlon World Tour - Dubai,2024-11-17,T100,100000,Jenni Paglia,4:04:03,0:34:28,2:01:48,1:21:45,75,female 35-39,CHE,1475,sportstats
T100 Triathlon World Tour - Dubai,2024-11-17,T100,100000,Hussein Mowafi,4:04:09,0:35:12,2:02:01,1:19:27,76,male 35-39,ARE,1435,sportstats
T100 Triathlon World Tour - Dubai,2024-11-17,T100,100000,Richard Farren,4:04:12,0:34:57,1:59:32,1:23:40,77,male 30-34,ARE,1227,sportstats
T100 Triathlon World Tour - Dubai,2024-11-17,T100,100000,Artjoms Voitovs,4:04:42,0:33:34,1:56:28,1:27:39,78,male 35-39,LVA,2859,sportstats
T100 Triathlon World Tour - Dubai,2024-11-17,T100,100000,Abdulla Allqeti,4:04:47,0:36:50,1:59:54,1:21:07,79,male 40-44,ARE,1039,sportstats
T100 Triathlon World Tour - Dubai,2024-11-17,T100,100000,Volodymyr Nikolaiev,4:04:55,0:32:02,2:02:22,1:23:43,80,male 45-49,ESP,2510,sportstats
T100 Triathlon World Tour - Dubai,2024-11-17,T100,100000,Blinov Alexander,4:05:12,0:37:51,1:59:55,1:21:36,81,male 35-39,RUS,1026,sportstats
T100 Triathlon World Tour - Dubai,2024-11-17,T100,100000,Ross McKiernan,4:05:18,0:34:45,1:59:07,1:24:42,82,male 30-34,QAT,2442,sportstats
T100 Triathlon World Tour - Dubai,2024-11-17,T100,100000,Andreas Westling,4:05:21,0:36:36,1:55:05,1:26:48,83,male 40-44,SWE,2883,sportstats
T100 Triathlon World Tour - Dubai,2024-11-17,T100,100000,Yann-Eric Gille,4:05:36,0:40:11,2:00:00,1:19:26,84,male 50-54,ARE,1257,sportstats
T100 Triathlon World Tour - Dubai,2024-11-17,T100,100000,Anton Oborin,4:05:45,0:42:47,2:00:57,1:13:16,85,male 30-34,RUS,2526,sportstats
T100 Triathlon World Tour - Dubai,2024-11-17,T100,100000,Lea Lienshoeft,4:05:51,0:37:08,2:03:48,1:19:39,86,female 35-39,ARE,1363,sportstats
T100 Triathlon World Tour - Dubai,2024-11-17,T100,100000,Kader Es Slami,4:05:53,0:35:10,2:06:18,1:17:02,87,male 55-59,ARE,1217,sportstats
T100 Triathlon World Tour - Dubai,2024-11-17,T100,100000,Joren Selleslaghs,4:06:14,0:38:36,2:00:03,1:20:29,88,male 35-39,ARE,2699,sportstats
T100 Triathlon World Tour - Dubai,2024-11-17,T100,100000,Andrea Cavalet,4:06:16,0:35:16,1:54:51,1:30:18,89,male 40-44,ARE,1136,sportstats
T100 Triathlon World Tour - Dubai,2024-11-17,T100,100000,Maksims Lukasevics,4:06:20,0:36:48,1:58:37,1:24:23,90,male 30-34,ARE,2392,sportstats
T100 Triathlon World Tour - Dubai,2024-11-17,T100,100000,Ilya Belyaev,4:06:33,0:36:55,1:57:22,1:26:20,91,male 40-44,PRT,1851,sportstats
T100 Triathlon World Tour - Dubai,2024-11-17,T100,100000,Emilia Mangilinan,4:06:43,0:34:57,2:08:09,1:17:42,92,female 35-39,ARE,1388,sportstats
T100 Triathlon World Tour - Dubai,2024-11-17,T100,100000,Frank Afeaki,4:06:57,0:31:28,1:59:20,1:29:27,93,male 35-39,ARE,1010,sportstats
T100 Triathlon World Tour - Dubai,2024-11-17,T100,100000,Murray Baker,4:07:07,0:38:22,1:55:27,1:25:07,94,male 40-44,ARE,1073,sportstats
T100 Triathlon World Tour - Dubai,2024-11-17,T100,100000,Simone Walter,4:07:10,0:36:09,2:06:00,1:18:22,95,female 35-39,ARE,1644,sportstats
T100 Triathlon World Tour - Dubai,2024-11-17,T100,100000,Christopher Van Der Walt,4:07:13,0:32:29,1:57:58,1:30:11,96,male 30-34,ARE,2838,sportstats
T100 Triathlon World Tour - Dubai,2024-11-17,T100,100000,Jon Lacey,4:07:17,0:36:09,2:03:31,1:21:06,97,male 30-34,ARE,1343,sportstats
T100 Triathlon World Tour - Dubai,2024-11-17,T100,100000,Sari Alhammadi,4:07:42,0:40:42,1:58:51,1:20:58,98,male 40-44,ARE,2932,sportstats
T100 Triathlon World Tour - Dubai,2024-11-17,T100,100000,Brian Santos,4:07:55,0:34:45,1:59:02,1:26:06,99,male 30-34,ARE,2676,sportstats
T100 Triathlon World Tour - Dubai,2024-11-17,T100,100000,Alessandro Gattamorta,4:08:23,0:38:22,2:00:40,1:22:45,100,male 55-59,ITA,2108,sportstats
T100 Triathlon World Tour - Dubai,2024-11-17,T100,100000,Ben Wade,4:08:39,0:35:20,2:05:37,1:20:19,101,male 50-54,ARE,2861,sportstats
T100 Triathlon World Tour - Dubai,2024-11-17,T100,100000,David Labouchere,4:09:31,0:38:26,1:56:33,1:25:26,102,male 60-64,ARE,1342,sportstats
T100 Triathlon World Tour - Dubai,2024-11-17,T100,100000,Mike Slaton,4:09:37,0:34:53,1:58:21,1:26:57,103,male 45-49,SGP,2931,sportstats
T100 Triathlon World Tour - Dubai,2024-11-17,T100,100000,Francesco Bartoloni,4:09:44,0:37:01,2:06:51,1:19:00,104,male 30-34,ARE,1837,sportstats
T100 Triathlon World Tour - Dubai,2024-11-17,T100,100000,Joshua Lahiri,4:09:48,0:33:35,1:58:58,1:30:44,105,male 30-34,GBR,2354,sportstats
T100 Triathlon World Tour - Dubai,2024-11-17,T100,100000,Richard Brooke,4:09:49,0:35:46,1:58:48,1:28:11,106,male 50-54,ARE,1118,sportstats
T100 Triathlon World Tour - Dubai,2024-11-17,T100,100000,Ahmed Almessabi,4:09:50,0:42:15,2:00:20,1:18:55,107,male 40-44,ARE,1042,sportstats
T100 Triathlon World Tour - Dubai,2024-11-17,T100,100000,Francesc Lucena Juve,4:10:08,0:35:17,1:52:41,1:35:45,108,male 35-39,ARE,1372,sportstats
T100 Triathlon World Tour - Dubai,2024-11-17,T100,100000,Jack Lear,4:10:10,0:40:26,2:01:29,1:20:49,109,male 35-39,GBR,2374,sportstats
T100 Triathlon World Tour - Dubai,2024-11-17,T100,100000,Roscoe Friend,4:10:33,0:34:51,1:54:32,1:34:12,110,male 40-44,ARE,2089,sportstats
T100 Triathlon World Tour - Dubai,2024-11-17,T100,100000,Gabor Varga,4:10:33,0:36:03,2:02:29,1:26:21,111,male 40-44,ARE,2843,sportstats
T100 Triathlon World Tour - Dubai,2024-11-17,T100,100000,Bulat Zinnurov,4:10:36,0:35:22,2:04:13,1:24:13,112,male 45-49,RUS,2925,sportstats
T100 Triathlon World Tour - Dubai,2024-11-17,T100,100000,Abdullah Aldeyabi,4:10:41,0:32:21,2:04:31,1:27:27,113,male 35-39,SAU,1726,sportstats
T100 Triathlon World Tour - Dubai,2024-11-17,T100,100000,Laura Brown,4:10:47,0:33:26,2:08:07,1:23:20,114,female 35-39,ARE,1120,sportstats
T100 Triathlon World Tour - Dubai,2024-11-17,T100,100000,Francisco Razo,4:10:52,0:38:06,2:08:22,1:16:13,115,male 30-34,ARE,2612,sportstats
T100 Triathlon World Tour - Dubai,2024-11-17,T100,100000,Tim Fletcher,4:11:01,0:35:19,2:02:19,1:26:41,116,male 40-44,ARE,2078,sportstats
T100 Triathlon World Tour - Dubai,2024-11-17,T100,100000,Sybrand De Waal,4:11:03,0:33:06,2:02:48,1:26:02,117,male 30-34,ARE,1178,sportstats
T100 Triathlon World Tour - Dubai,2024-11-17,T100,100000,Yousef Juma,4:11:08,0:40:35,2:02:37,1:22:33,118,male 35-39,JOR,2255,sportstats
T100 Triathlon World Tour - Dubai,2024-11-17,T100,100000,Edward Brownsey,4:11:14,0:30:30,2:07:01,1:24:40,119,male 35-39,ARE,1895,sportstats
T100 Triathlon World Tour - Dubai,2024-11-17,T100,100000,Hamish Baxter,4:11:15,0:34:47,2:02:42,1:26:51,120,male 30-34,ARE,1842,sportstats
T100 Triathlon World Tour - Dubai,2024-11-17,T100,100000,Nicholas Mc Lauchlan,4:11:17,0:34:39,2:06:29,1:24:09,121,male 35-39,ARE,1402,sportstats
T100 Triathlon World Tour - Dubai,2024-11-17,T100,100000,Philippe Kassab,4:11:43,0:37:07,2:06:11,1:21:34,122,male 40-44,USA,1320,sportstats
T100 Triathlon World Tour - Dubai,2024-11-17,T100,100000,Martin Bond,4:11:51,0:30:48,2:03:34,1:30:54,123,male 50-54,ARE,1871,sportstats
T100 Triathlon World Tour - Dubai,2024-11-17,T100,100000,Melissa Abbey,4:12:06,0:35:34,2:05:54,1:24:18,124,female 30-34,ARE,1670,sportstats
T100 Triathlon World Tour - Dubai,2024-11-17,T100,100000,Carl Kaulfersch,4:12:12,0:33:05,2:04:55,1:24:18,125,male 40-44,AUT,2284,sportstats
T100 Triathlon World Tour - Dubai,2024-11-17,T100,100000,Khalifa Aldarmaki,4:12:17,0:40:37,1:59:54,1:24:31,126,male 40-44,ARE,1025,sportstats
T100 Triathlon World Tour - Dubai,2024-11-17,T100,100000,Rinat Mustafin,4:12:33,0:36:05,2:03:25,1:26:37,127,male 45-49,ARE,2491,sportstats
T100 Triathlon World Tour - Dubai,2024-11-17,T100,100000,Mohammed Aifan,4:12:36,0:40:47,2:01:03,1:22:49,128,male 45-49,ARE,1013,sportstats
T100 Triathlon World Tour - Dubai,2024-11-17,T100,100000,Tilo Hubmann,4:12:42,0:34:48,2:02:34,1:27:48,129,male 30-34,CHE,2208,sportstats
T100 Triathlon World Tour - Dubai,2024-11-17,T100,100000,Alexey Salkinov,4:13:07,0:36:23,2:01:16,1:30:12,130,male 30-34,RUS,2667,sportstats
T100 Triathlon World Tour - Dubai,2024-11-17,T100,100000,Sridath Sudheer,4:13:18,0:32:28,2:07:26,1:26:59,131,male 18-24,ARE,2765,sportstats
T100 Triathlon World Tour - Dubai,2024-11-17,T100,100000,Raffaele Polonara,4:13:28,0:34:23,2:13:26,1:19:23,132,male 30-34,ARE,2587,sportstats
T100 Triathlon World Tour - Dubai,2024-11-17,T100,100000,Josh Newcombe,4:13:35,0:35:55,2:03:59,1:25:58,133,male 35-39,ARE,1453,sportstats
T100 Triathlon World Tour - Dubai,2024-11-17,T100,100000,Sergei Bescherov,4:13:41,0:41:42,1:56:19,1:28:49,134,male 40-44,RUS,1858,sportstats
T100 Triathlon World Tour - Dubai,2024-11-17,T100,100000,Marwan Albanna,4:13:48,0:37:36,2:05:45,1:24:18,135,male 25-29,ARE,1024,sportstats
T100 Triathlon World Tour - Dubai,2024-11-17,T100,100000,Matthieu Prouillac,4:13:51,0:38:23,2:03:47,1:24:31,136,male 40-44,ARE,1507,sportstats
T100 Triathlon World Tour - Dubai,2024-11-17,T100,100000,Michelle Nagle,4:14:02,0:37:22,2:04:43,1:26:03,137,female 25-29,ARE,2497,sportstats
T100 Triathlon World Tour - Dubai,2024-11-17,T100,100000,Fahad Ali,4:14:24,0:46:02,2:04:59,1:18:01,138,male 35-39,BHR,1737,sportstats
T100 Triathlon World Tour - Dubai,2024-11-17,T100,100000,Andrey Kharkin,4:14:29,0:42:44,2:08:25,1:16:24,139,male 35-39,RUS,2306,sportstats
T100 Triathlon World Tour - Dubai,2024-11-17,T100,100000,Stephen Davis,4:14:36,0:41:21,1:52:36,1:32:01,140,male 40-44,ARE,1170,sportstats
T100 Triathlon World Tour - Dubai,2024-11-17,T100,100000,Saleh Almuhaini,4:14:39,0:38:18,2:03:31,1:23:31,141,male 35-39,KWT,1044,sportstats
T100 Triathlon World Tour - Dubai,2024-11-17,T100,100000,Nick Hayman,4:14:51,0:34:36,2:10:44,1:21:22,142,male 45-49,ARE,2186,sportstats
T100 Triathlon World Tour - Dubai,2024-11-17,T100,100000,Yerkebulan Syrlybay,4:14:57,0:40:11,1:59:54,1:27:21,143,male 30-34,KAZ,2773,sportstats
T100 Triathlon World Tour - Dubai,2024-11-17,T100,100000,Rob Jones,4:14:58,0:33:52,2:07:03,1:25:53,144,male 35-39,ARE,2247,sportstats
T100 Triathlon World Tour - Dubai,2024-11-17,T100,100000,Thibault Maurisset,4:15:00,0:34:54,2:03:26,1:28:24,145,male 18-24,NLD,2432,sportstats
T100 Triathlon World Tour - Dubai,2024-11-17,T100,100000,Amir Sardina,4:15:04,0:29:28,2:09:34,1:29:47,146,male 30-34,EGY,2677,sportstats
T100 Triathlon World Tour - Dubai,2024-11-17,T100,100000,Sam Westhead,4:15:27,0:44:04,2:01:57,1:22:07,147,male 55-59,ARE,2882,sportstats
T100 Triathlon World Tour - Dubai,2024-11-17,T100,100000,Kenneth Heney,4:15:41,0:35:06,2:03:51,1:31:04,148,male 45-49,ARE,1284,sportstats
T100 Triathlon World Tour - Dubai,2024-11-17,T100,100000,Bradley Fulton,4:15:42,0:38:31,2:06:59,1:22:45,149,male 25-29,AUS,2093,sportstats
T100 Triathlon World Tour - Dubai,2024-11-17,T100,100000,Kara Moddemann,4:15:44,0:32:23,2:06:53,1:29:32,150,female 40-44,ARE,1416,sportstats
T100 Triathlon World Tour - Dubai,2024-11-17,T100,100000,Ruben Duarte,4:15:47,0:39:11,2:04:50,1:20:58,151,male 30-34,ARE,1191,sportstats
T100 Triathlon World Tour - Dubai,2024-11-17,T100,100000,Karl Buchholtz,4:15:56,0:33:00,1:57:48,1:38:17,152,male 45-49,OMN,1121,sportstats
T100 Triathlon World Tour - Dubai,2024-11-17,T100,100000,Petr Celis,4:16:02,0:38:38,2:01:47,1:27:47,153,male 50-54,ARE,1929,sportstats
T100 Triathlon World Tour - Dubai,2024-11-17,T100,100000,Ivo Rusev,4:16:17,0:39:38,2:03:02,1:24:54,154,male 35-39,BGR,2651,sportstats
T100 Triathlon World Tour - Dubai,2024-11-17,T100,100000,Mark Cook,4:16:17,0:37:17,1:59:42,1:29:36,155,male 40-44,HKG,1156,sportstats
T100 Triathlon World Tour - Dubai,2024-11-17,T100,100000,Tom Keefe,4:16:26,0:35:28,2:07:41,1:25:47,156,male 18-24,GBR,2285,sportstats
T100 Triathlon World Tour - Dubai,2024-11-17,T100,100000,Ben Waters,4:16:39,0:36:36,2:09:00,1:24:33,157,male 30-34,ARE,2871,sportstats
T100 Triathlon World Tour - Dubai,2024-11-17,T100,100000,Jonathan Guiffant,4:16:47,0:38:58,2:02:10,1:27:35,158,male 40-44,ARE,1273,sportstats
T100 Triathlon World Tour - Dubai,2024-11-17,T100,100000,Konstantin Vedmed,4:16:54,0:36:23,2:05:00,1:27:45,159,male 45-49,KAZ,2851,sportstats
T100 Triathlon World Tour - Dubai,2024-11-17,T100,100000,Haitham Samman,4:16:56,0:38:50,1:57:35,1:29:21,160,male 40-44,ARE,2670,sportstats
T100 Triathlon World Tour - Dubai,2024-11-17,T100,100000,George Willis,4:17:02,0:33:26,2:01:12,1:33:31,161,male 25-29,ARE,1654,sportstats
T100 Triathlon World Tour - Dubai,2024-11-17,T100,100000,Pavel Lagutin,4:17:05,0:36:55,2:02:45,1:30:22,162,male 40-44,RUS,2353,sportstats
T100 Triathlon World Tour - Dubai,2024-11-17,T100,100000,Georges Kfoury,4:17:39,0:36:25,2:10:59,1:22:52,163,male 35-39,GRC,2299,sportstats
T100 Triathlon World Tour - Dubai,2024-11-17,T100,100000,Brian Hrynkow,4:17:50,0:33:38,1:57:38,1:38:58,164,male 35-39,CAN,2207,sportstats
T100 Triathlon World Tour - Dubai,2024-11-17,T100,100000,Dan Pluck,4:17:52,0:42:22,2:01:29,1:26:16,165,male 50-54,ARE,1501,sportstats
T100 Triathlon World Tour - Dubai,2024-11-17,T100,100000,Shamis Alshamsi,4:18:07,0:47:28,1:59:45,1:23:21,166,male 30-34,ARE,2947,sportstats
T100 Triathlon World Tour - Dubai,2024-11-17,T100,100000,Toby Davies,4:18:16,0:38:37,2:07:27,1:25:41,167,male 30-34,ARE,1168,sportstats
T100 Triathlon World Tour - Dubai,2024-11-17,T100,100000,Jomar Cana,4:18:41,0:39:38,2:05:08,1:26:03,168,male 45-49,ARE,1918,sportstats
T100 Triathlon World Tour - Dubai,2024-11-17,T100,100000,Jean Sebastien Berland,4:19:19,0:39:20,2:01:28,1:30:49,169,male 50-54,ARE,1856,sportstats
T100 Triathlon World Tour - Dubai,2024-11-17,T100,100000,David Norton,4:19:24,0:35:13,2:03:45,1:33:34,170,male 40-44,ARE,2516,sportstats
T100 Triathlon World Tour - Dubai,2024-11-17,T100,100000,Marco Gack,4:19:31,0:37:42,2:03:19,1:31:33,171,male 35-39,DEU,2094,sportstats
T100 Triathlon World Tour - Dubai,2024-11-17,T100,100000,Stephen Anderson,4:19:46,0:41:28,2:11:10,1:19:24,172,male 50-54,ARE,1057,sportstats
T100 Triathlon World Tour - Dubai,2024-11-17,T100,100000,Jan Brzeski,4:19:46,0:39:08,2:04:54,1:26:18,173,male 25-29,ARE,1899,sportstats
T100 Triathlon World Tour - Dubai,2024-11-17,T100,100000,Sven Ludwig,4:20:02,0:39:49,2:00:11,1:30:28,174,male 50-54,ARE,2390,sportstats
T100 Triathlon World Tour - Dubai,2024-11-17,T100,100000,Francisco Baez Morant,4:20:35,0:38:40,2:04:58,1:30:17,175,male 45-49,ARE,1072,sportstats
T100 Triathlon World Tour - Dubai,2024-11-17,T100,100000,Nael Al Koudsi,4:21:01,0:39:55,2:04:39,1:28:43,176,male 40-44,ARE,1019,sportstats
T100 Triathlon World Tour - Dubai,2024-11-17,T100,100000,Richard Gaugeler,4:21:03,0:38:36,2:03:25,1:31:56,177,male 40-44,ARE,1246,sportstats
T100 Triathlon World Tour - Dubai,2024-11-17,T100,100000,Galym Tazhibakhyt,4:21:13,0:36:16,2:05:39,1:31:05,178,male 35-39,KAZ,2787,sportstats
T100 Triathlon World Tour - Dubai,2024-11-17,T100,100000,Alexander Lee,4:21:13,0:37:26,2:05:18,1:28:28,179,male 40-44,KAZ,2377,sportstats
T100 Triathlon World Tour - Dubai,2024-11-17,T100,100000,Isabelle Darby,4:21:19,0:37:29,2:05:22,1:31:24,180,female 25-29,ARE,1982,sportstats
T100 Triathlon World Tour - Dubai,2024-11-17,T100,100000,Kevin Griffiths,4:21:24,0:37:11,2:06:10,1:29:55,181,male 45-49,ARE,1267,sportstats
T100 Triathlon World Tour - Dubai,2024-11-17,T100,100000,Alfredo Llaneza,4:21:35,0:33:13,2:08:34,1:32:20,182,male 45-49,ARE,1366,sportstats
T100 Triathlon World Tour - Dubai,2024-11-17,T100,100000,Varjavand Contractor,4:21:39,0:33:35,2:02:24,1:38:33,183,male 25-29,ARE,1154,sportstats
T100 Triathlon World Tour - Dubai,2024-11-17,T100,100000,Pavel Golikov,4:21:55,0:40:55,2:05:05,1:29:39,184,male 35-39,SAU,2128,sportstats
T100 Triathlon World Tour - Dubai,2024-11-17,T100,100000,Lois Pickering,4:21:56,0:37:03,2:08:05,1:29:05,185,female 30-34,ARE,1496,sportstats
T100 Triathlon World Tour - Dubai,2024-11-17,T100,100000,Mohamed Fadel,4:21:57,0:41:00,2:11:18,1:21:07,186,male 30-34,DEU,1223,sportstats
T100 Triathlon World Tour - Dubai,2024-11-17,T100,100000,Peter Cizmar,4:22:06,0:41:27,2:05:05,1:27:09,187,male 35-39,CHE,1947,sportstats
T100 Triathlon World Tour - Dubai,2024-11-17,T100,100000,Fabien Cresp,4:22:06,0:36:16,2:05:32,1:30:51,188,male 40-44,ARE,1161,sportstats
T100 Triathlon World Tour - Dubai,2024-11-17,T100,100000,Lloyd Berndt,4:22:22,0:41:57,1:54:14,1:39:58,189,male 40-44,ARE,1857,sportstats
T100 Triathlon World Tour - Dubai,2024-11-17,T100,100000,Vaidas Velutis,4:22:27,0:37:09,2:03:41,1:33:59,190,male 40-44,LTU,2852,sportstats
T100 Triathlon World Tour - Dubai,2024-11-17,T100,100000,Inalize Oosthuizen,4:22:28,0:35:13,2:17:03,1:24:37,191,female 40-44,ARE,1469,sportstats
T100 Triathlon World Tour - Dubai,2024-11-17,T100,100000,Iurii Tokarev,4:22:29,0:44:35,2:00:47,1:29:57,192,male 35-39,RUS,2804,sportstats
T100 Triathlon World Tour - Dubai,2024-11-17,T100,100000,Mohamed El Kamash,4:22:29,0:42:39,2:08:55,1:24:48,193,male 35-39,SAU,1201,sportstats
T100 Triathlon World Tour - Dubai,2024-11-17,T100,100000,Osmar Santiago,4:22:56,0:41:56,2:08:46,1:23:51,194,male 30-34,MEX,2674,sportstats
T100 Triathlon World Tour - Dubai,2024-11-17,T100,100000,Michael Medhat,4:22:58,0:40:18,2:02:49,1:32:08,195,male 35-39,EGY,2451,sportstats
T100 Triathlon World Tour - Dubai,2024-11-17,T100,100000,Namir Chahine,4:22:59,0:35:13,2:04:03,1:32:39,196,male 30-34,ARE,1932,sportstats
T100 Triathlon World Tour - Dubai,2024-11-17,T100,100000,Ingit Anand,4:23:10,0:40:52,2:08:39,1:21:21,197,male 40-44,IND,1782,sportstats
T100 Triathlon World Tour - Dubai,2024-11-17,T100,100000,Daniela Rodriguez,4:23:15,0:42:02,2:10:06,1:23:14,198,female 35-39,ARE,1528,sportstats
T100 Triathlon World Tour - Dubai,2024-11-17,T100,100000,Slawomir Pradzynski,4:23:19,0:48:14,1:57:45,1:30:53,199,male 40-44,POL,2591,sportstats
T100 Triathlon World Tour - Dubai,2024-11-17,T100,100000,Dmitrii Savelev,4:23:30,0:27:20,2:07:23,1:42:32,200,male 18-24,ARE,2682,sportstats
T100 Triathlon World Tour - Dubai,2024-11-17,T100,100000,Mohamad Mansour,4:23:35,0:33:14,2:10:14,1:33:34,201,male 30-34,SAU,2417,sportstats
T100 Triathlon World Tour - Dubai,2024-11-17,T100,100000,Dimitris Papadimitriou,4:23:44,0:39:31,2:09:02,1:28:13,202,male 40-44,GRC,2547,sportstats
T100 Triathlon World Tour - Dubai,2024-11-17,T100,100000,Armin Bodmer,4:23:51,0:39:28,2:13:28,1:22:02,203,male 55-59,ARE,1097,sportstats
T100 Triathlon World Tour - Dubai,2024-11-17,T100,100000,Egor Elsakov,4:23:58,0:36:17,2:01:55,1:39:01,204,male 18-24,ARE,2043,sportstats
T100 Triathlon World Tour - Dubai,2024-11-17,T100,100000,Serge Maurice,4:24:13,0:37:34,2:04:02,1:33:41,205,male 40-44,ARE,2430,sportstats
T100 Triathlon World Tour - Dubai,2024-11-17,T100,100000,Karim Khair,4:24:17,0:49:54,1:58:37,1:25:25,206,male 35-39,ARE,1326,sportstats
T100 Triathlon World Tour - Dubai,2024-11-17,T100,100000,Ayten Alqersh,4:24:41,0:32:15,2:09:26,1:35:40,207,female 30-34,ARE,1048,sportstats
T100 Triathlon World Tour - Dubai,2024-11-17,T100,100000,Dmitry Cheklov,4:24:42,0:36:13,2:05:44,1:35:39,208,male 35-39,DEU,1938,sportstats
T100 Triathlon World Tour - Dubai,2024-11-17,T100,100000,Artem Volovikov,4:24:42,0:40:59,2:03:18,1:33:32,209,male 35-39,RUS,2860,sportstats
T100 Triathlon World Tour - Dubai,2024-11-17,T100,100000,Taff Morris,4:24:58,0:35:59,2:01:10,1:39:25,210,male 50-54,ARE,1427,sportstats
T100 Triathlon World Tour - Dubai,2024-11-17,T100,100000,Dave Lange,4:25:07,0:38:35,2:07:34,1:31:48,211,male 40-44,ARE,2361,sportstats
T100 Triathlon World Tour - Dubai,2024-11-17,T100,100000,Dimitri Trofim,4:25:08,0:40:08,2:01:11,1:34:11,212,male 40-44,CYP,2813,sportstats
T100 Triathlon World Tour - Dubai,2024-11-17,T100,100000,Aleksandr Kamenskikh,4:25:21,0:39:46,2:04:01,1:33:48,213,male 45-49,RUS,1315,sportstats
T100 Triathlon World Tour - Dubai,2024-11-17,T100,100000,Derek Oreilly,4:25:42,0:36:04,2:10:01,1:31:16,214,male 50-54,GBR,1470,sportstats
T100 Triathlon World Tour - Dubai,2024-11-17,T100,100000,Charlene Tang,4:25:42,0:36:10,2:12:19,1:27:38,215,female 30-34,NLD,2780,sportstats
T100 Triathlon World Tour - Dubai,2024-11-17,T100,100000,Cian Lombard,4:25:50,0:32:15,2:09:18,1:36:41,216,male 30-34,ARE,2383,sportstats
T100 Triathlon World Tour - Dubai,2024-11-17,T100,100000,Stanislav Kolpashchikov,4:25:54,0:42:43,1:57:47,1:36:54,217,male 35-39,RUS,2323,sportstats
T100 Triathlon World Tour - Dubai,2024-11-17,T100,100000,Neil Goulsbra,4:26:09,0:42:37,1:59:01,1:39:08,218,male 55-59,ARE,2138,sportstats
T100 Triathlon World Tour - Dubai,2024-11-17,T100,100000,Aleksei Maksimkin,4:26:14,0:40:05,2:04:24,1:31:35,219,male 35-39,RUS,2410,sportstats
T100 Triathlon World Tour - Dubai,2024-11-17,T100,100000,Mariana Perez Lingg,4:26:19,0:32:58,2:15:13,1:31:22,220,female 40-44,ARE,1491,sportstats
T100 Triathlon World Tour - Dubai,2024-11-17,T100,100000,Philip Emslie,4:26:26,0:29:32,2:07:38,1:42:01,221,male 40-44,ARE,1210,sportstats
T100 Triathlon World Tour - Dubai,2024-11-17,T100,100000,Viktor Maslov,4:26:26,0:37:26,2:08:38,1:32:53,222,male 40-44,RUS,2426,sportstats
T100 Triathlon World Tour - Dubai,2024-11-17,T100,100000,Imogen Llewellyn,4:26:33,0:36:34,2:09:58,1:32:53,223,female 25-29,ARE,1367,sportstats
T100 Triathlon World Tour - Dubai,2024-11-17,T100,100000,Silvio Musso,4:26:35,0:35:10,2:00:24,1:43:26,224,male 35-39,ARE,1440,sportstats
T100 Triathlon World Tour - Dubai,2024-11-17,T100,100000,Bjoern Kollmorgen,4:26:44,0:39:48,2:11:28,1:28:05,225,male 45-49,SAU,2322,sportstats
T100 Triathlon World Tour - Dubai,2024-11-17,T100,100000,Hamad Al Aydi,4:26:46,0:44:28,2:15:05,1:21:09,226,male 30-34,ARE,1015,sportstats
T100 Triathlon World Tour - Dubai,2024-11-17,T100,100000,Rebecca Hayward,4:26:47,0:39:11,2:13:14,1:27:25,227,female 40-44,ARE,1281,sportstats
T100 Triathlon World Tour - Dubai,2024-11-17,T100,100000,Michiel Van De Steen,4:26:49,0:38:57,2:06:25,1:32:07,228,male 18-24,BEL,2836,sportstats
T100 Triathlon World Tour - Dubai,2024-11-17,T100,100000,Viktor Daniliuk,4:26:59,0:36:22,2:01:49,1:41:23,229,male 35-39,ARE,1167,sportstats
T100 Triathlon World Tour - Dubai,2024-11-17,T100,100000,Andy Myers,4:27:05,0:37:54,2:10:59,1:26:37,230,male 45-49,ARE,2493,sportstats
T100 Triathlon World Tour - Dubai,2024-11-17,T100,100000,Wouter De Vet,4:27:09,0:37:56,1:59:05,1:40:59,231,male 35-39,ARE,1990,sportstats
T100 Triathlon World Tour - Dubai,2024-11-17,T100,100000,Ronan Bransfield,4:27:23,0:39:40,2:14:20,1:26:47,232,male 25-29,ARE,1110,sportstats
T100 Triathlon World Tour - Dubai,2024-11-17,T100,100000,Evgenii Sytnik,4:27:30,0:46:41,2:03:17,1:30:31,233,male 35-39,ARE,1597,sportstats
T100 Triathlon World Tour - Dubai,2024-11-17,T100,100000,Elliot Lewis,4:27:41,0:36:22,2:09:21,1:35:13,234,male 50-54,ARE,1360,sportstats
T100 Triathlon World Tour - Dubai,2024-11-17,T100,100000,Ingird Hansen,4:27:43,0:33:41,2:12:52,1:34:02,235,female 45-49,CHN,2174,sportstats
T100 Triathlon World Tour - Dubai,2024-11-17,T100,100000,Alexander Zhukov,4:27:43,0:40:13,2:06:58,1:33:16,236,male 45-49,FRA,2923,sportstats
T100 Triathlon World Tour - Dubai,2024-11-17,T100,100000,Igor Veselov,4:28:09,0:36:52,2:08:36,1:36:08,237,male 55-59,ARE,1633,sportstats
T100 Triathlon World Tour - Dubai,2024-11-17,T100,100000,Omar Elarabi,4:28:12,0:39:51,2:11:47,1:29:34,238,male 40-44,EGY,1204,sportstats
T100 Triathlon World Tour - Dubai,2024-11-17,T100,100000,Olivier Acquaviva,4:28:14,0:41:33,2:11:46,1:26:32,239,male 40-44,ARE,1008,sportstats
T100 Triathlon World Tour - Dubai,2024-11-17,T100,100000,Anuar Aldamuratov,4:28:15,0:37:07,2:05:43,1:37:08,240,male 40-44,KAZ,1725,sportstats
T100 Triathlon World Tour - Dubai,2024-11-17,T100,100000,Dmitry Titov,4:28:22,0:38:58,2:08:20,1:34:32,241,male 35-39,RUS,2803,sportstats
T100 Triathlon World Tour - Dubai,2024-11-17,T100,100000,Mark Wood,4:28:36,0:37:42,2:05:44,1:37:12,242,male 40-44,ARE,2898,sportstats
T100 Triathlon World Tour - Dubai,2024-11-17,T100,100000,Alexis Chatzinikolaou,4:28:57,0:32:39,1:59:58,1:49:10,243,male 40-44,ARE,1143,sportstats
T100 Triathlon World Tour - Dubai,2024-11-17,T100,100000,Barkley Remigio,4:29:02,0:37:59,2:10:04,1:31:24,244,male 30-34,BHR,1521,sportstats
T100 Triathlon World Tour - Dubai,2024-11-17,T100,100000,Grigorii Cherniaev,4:29:03,0:39:56,2:06:53,1:35:24,245,male 35-39,ARE,1939,sportstats
T100 Triathlon World Tour - Dubai,2024-11-17,T100,100000,Egor Yatsuk,4:29:06,0:42:04,2:19:24,1:21:05,246,male 30-34,POL,2938,sportstats
T100 Triathlon World Tour - Dubai,2024-11-17,T100,100000,Gennaro De Marco,4:29:11,0:42:53,2:04:44,1:32:06,247,male 45-49,ARE,1177,sportstats
T100 Triathlon World Tour - Dubai,2024-11-17,T100,100000,Marat Galyavov,4:29:17,0:38:48,2:06:59,1:36:26,248,male 18-24,CYP,2101,sportstats
T100 Triathlon World Tour - Dubai,2024-11-17,T100,100000,Paolo Barbera,4:29:19,0:43:15,2:08:25,1:24:58,249,male 50-54,ITA,1831,sportstats
T100 Triathlon World Tour - Dubai,2024-11-17,T100,100000,Laura Friend,4:29:30,0:39:05,2:12:21,1:30:05,250,female 40-44,ARE,2090,sportstats
T100 Triathlon World Tour - Dubai,2024-11-17,T100,100000,Jonathan Pryke,4:29:31,0:31:39,1:59:43,1:49:26,251,male 35-39,ARE,1510,sportstats
T100 Triathlon World Tour - Dubai,2024-11-17,T100,100000,Harry Buglass,4:29:34,0:35:15,2:19:38,1:27:15,252,male 25-29,SAU,1902,sportstats
T100 Triathlon World Tour - Dubai,2024-11-17,T100,100000,Craig Osmond,4:29:35,0:39:57,2:18:21,1:23:18,253,male 35-39,ARE,1472,sportstats
T100 Triathlon World Tour - Dubai,2024-11-17,T100,100000,John Taylor,4:29:41,0:36:23,2:09:30,1:35:05,254,male 30-34,QAT,2782,sportstats
T100 Triathlon World Tour - Dubai,2024-11-17,T100,100000,Mark Fourie,4:29:46,0:34:49,2:03:39,1:42:44,255,male 50-54,ARE,2085,sportstats
T100 Triathlon World Tour - Dubai,2024-11-17,T100,100000,Lister Ray Tungala,4:29:46,0:37:32,2:09:55,1:34:14,256,male 25-29,ARE,1619,sportstats
T100 Triathlon World Tour - Dubai,2024-11-17,T100,100000,Jasem Alrujaib,4:29:52,0:35:20,2:09:42,1:37:10,257,male 30-34,KWT,1760,sportstats
T100 Triathlon World Tour - Dubai,2024-11-17,T100,100000,Christian Becker,4:29:55,0:45:27,2:09:05,1:28:03,258,male 35-39,ARE,1084,sportstats
T100 Triathlon World Tour - Dubai,2024-11-17,T100,100000,Christian Peirce,4:29:57,0:42:38,2:08:23,1:31:49,259,male 35-39,ARE,2566,sportstats
T100 Triathlon World Tour - Dubai,2024-11-17,T100,100000,Moataz Alsuhaimi,4:30:07,0:47:33,2:11:44,1:24:58,260,male 30-34,SAU,1771,sportstats
T100 Triathlon World Tour - Dubai,2024-11-17,T100,100000,Andrew MacKie,4:30:09,0:36:14,2:08:03,1:38:36,261,male 40-44,ARE,1376,sportstats
T100 Triathlon World Tour - Dubai,2024-11-17,T100,100000,Benjamin Mouflard,4:30:16,0:47:23,2:11:57,1:23:22,262,male 35-39,ARE,1431,sportstats
T100 Triathlon World Tour - Dubai,2024-11-17,T100,100000,Arnaud Bouf,4:30:19,0:40:17,2:07:56,1:35:15,263,male 50-54,ARE,1107,sportstats
T100 Triathlon World Tour - Dubai,2024-11-17,T100,100000,Dmitrii Gladyshev,4:30:47,0:43:05,2:06:35,1:33:28,264,male 25-29,ARE,2125,sportstats
T100 Triathlon World Tour - Dubai,2024-11-17,T100,100000,Cavin Noah,4:30:49,0:31:52,2:12:06,1:31:21,265,male 35-39,ARE,2514,sportstats
T100 Triathlon World Tour - Dubai,2024-11-17,T100,100000,Janne Hyrylainen,4:30:49,0:43:20,2:11:43,1:29:13,266,male 55-59,ARE,2214,sportstats
T100 Triathlon World Tour - Dubai,2024-11-17,T100,100000,Henrique Assumpcao Montanha,4:30:53,0:39:59,2:11:13,1:33:04,267,male 40-44,ARE,1798,sportstats
T100 Triathlon World Tour - Dubai,2024-11-17,T100,100000,Matthias Buttner,4:30:55,0:39:50,2:10:23,1:33:16,268,male 45-49,ARE,1910,sportstats
T100 Triathlon World Tour - Dubai,2024-11-17,T100,100000,May Alhaji,4:30:55,0:45:45,2:10:45,1:26:30,269,female 40-44,BHR,1028,sportstats
T100 Triathlon World Tour - Dubai,2024-11-17,T100,100000,Fran Loranca,4:30:58,0:37:17,2:08:00,1:37:23,270,male 35-39,ARE,1369,sportstats
T100 Triathlon World Tour - Dubai,2024-11-17,T100,100000,Dmitry Tochkin,4:31:01,0:40:30,2:06:51,1:35:49,271,male 35-39,RUS,1615,sportstats
T100 Triathlon World Tour - Dubai,2024-11-17,T100,100000,Sandrine Zandotti,4:31:04,0:47:35,2:07:51,1:29:03,272,female 50-54,ARE,1665,sportstats
T100 Triathlon World Tour - Dubai,2024-11-17,T100,100000,Pawel Wojcik,4:31:13,0:38:30,2:03:10,1:42:03,273,male 40-44,POL,2895,sportstats
T100 Triathlon World Tour - Dubai,2024-11-17,T100,100000,Ian Thorpe,4:31:20,0:43:30,2:07:31,1:31:26,274,male 30-34,ARE,1612,sportstats
T100 Triathlon World Tour - Dubai,2024-11-17,T100,100000,Vinicius Rodrigues,4:31:22,0:47:10,2:04:44,1:31:56,275,male 35-39,ARE,1526,sportstats
T100 Triathlon World Tour - Dubai,2024-11-17,T100,100000,Marcus Jores,4:31:31,0:35:12,1:57:19,1:50:07,276,male 60-64,ROU,2252,sportstats
T100 Triathlon World Tour - Dubai,2024-11-17,T100,100000,Ulas Evirgen,4:31:40,0:40:57,2:06:45,1:37:17,277,male 45-49,ARE,1221,sportstats
T100 Triathlon World Tour - Dubai,2024-11-17,T100,100000,Diego Almeida,4:31:40,0:35:12,2:11:36,1:35:30,278,male 35-39,ARE,1752,sportstats
T100 Triathlon World Tour - Dubai,2024-11-17,T100,100000,Yury Grigorenko,4:31:48,0:40:37,2:05:46,1:38:21,279,male 30-34,RUS,2146,sportstats
T100 Triathlon World Tour - Dubai,2024-11-17,T100,100000,Jason Bryan,4:31:57,0:44:14,2:08:23,1:32:50,280,male 50-54,ARE,1898,sportstats
T100 Triathlon World Tour - Dubai,2024-11-17,T100,100000,Anthony Fernando,4:31:58,0:41:40,2:13:00,1:29:11,281,male 40-44,USA,1233,sportstats
T100 Triathlon World Tour - Dubai,2024-11-17,T100,100000,Kambar Kappanov,4:31:59,0:44:04,2:07:22,1:31:28,282,male 35-39,KAZ,2273,sportstats
T100 Triathlon World Tour - Dubai,2024-11-17,T100,100000,Andrea Stadler,4:32:04,0:37:10,2:12:13,1:34:37,283,female 45-49,QAT,2750,sportstats
T100 Triathlon World Tour - Dubai,2024-11-17,T100,100000,David Charlier,4:32:19,0:40:56,2:09:26,1:33:12,284,male 50-54,ARE,1142,sportstats
T100 Triathlon World Tour - Dubai,2024-11-17,T100,100000,Felipe Diaz,4:32:37,0:44:11,2:03:19,1:36:10,285,male 40-44,ARE,2010,sportstats
T100 Triathlon World Tour - Dubai,2024-11-17,T100,100000,Natalia Parfenteva,4:32:51,0:44:28,2:07:47,1:32:25,286,female 30-34,CYP,2551,sportstats
T100 Triathlon World Tour - Dubai,2024-11-17,T100,100000,Ahmed Alaa,4:32:55,0:43:48,2:08:20,1:32:25,287,male 35-39,ARE,1022,sportstats
T100 Triathlon World Tour - Dubai,2024-11-17,T100,100000,Ben Mellett,4:32:56,0:34:48,2:10:40,1:39:29,288,male 30-34,ARE,1408,sportstats
T100 Triathlon World Tour - Dubai,2024-11-17,T100,100000,Martin Flueler,4:33:09,0:39:06,2:19:53,1:27:08,289,male 50-54,CHE,2079,sportstats
T100 Triathlon World Tour - Dubai,2024-11-17,T100,100000,Tanita Okennedy,4:33:10,0:34:46,2:16:14,1:34:29,290,female 30-34,ARE,1467,sportstats
T100 Triathlon World Tour - Dubai,2024-11-17,T100,100000,Yury Yurchanka,4:33:11,0:41:58,2:07:58,1:35:01,291,male 35-39,BLR,2911,sportstats
T100 Triathlon World Tour - Dubai,2024-11-17,T100,100000,Mustafa Ismail,4:33:14,0:40:43,2:16:49,1:28:39,292,male 25-29,EGY,2226,sportstats
T100 Triathlon World Tour - Dubai,2024-11-17,T100,100000,Denis Sitdikov,4:33:21,0:40:26,2:10:34,1:33:49,293,male 40-44,RUS,2728,sportstats
T100 Triathlon World Tour - Dubai,2024-11-17,T100,100000,Franco Bosoni,4:33:26,0:34:19,2:16:04,1:35:16,294,male 40-44,ARE,1106,sportstats
T100 Triathlon World Tour - Dubai,2024-11-17,T100,100000,Arnel Suerte,4:33:29,0:36:32,2:15:06,1:34:28,295,male 40-44,ARE,1590,sportstats
T100 Triathlon World Tour - Dubai,2024-11-17,T100,100000,Mohamed Taymour,4:33:31,0:40:26,2:08:31,1:37:46,296,male 30-34,ARE,2786,sportstats
T100 Triathlon World Tour - Dubai,2024-11-17,T100,100000,Ahmed Essam,4:33:46,0:50:29,2:10:05,1:26:07,297,male 30-34,EGY,2052,sportstats
T100 Triathlon World Tour - Dubai,2024-11-17,T100,100000,Alpha Kennedy,4:33:47,0:46:48,2:17:26,1:21:44,298,male 35-39,ARE,1324,sportstats
T100 Triathlon World Tour - Dubai,2024-11-17,T100,100000,Robert Hamilton,4:33:51,0:42:57,2:03:05,1:38:53,299,male 25-29,QAT,2168,sportstats
T100 Triathlon World Tour - Dubai,2024-11-17,T100,100000,Roman Bykov,4:33:56,0:39:34,2:08:22,1:37:10,300,male 45-49,RUS,1127,sportstats
T100 Triathlon World Tour - Dubai,2024-11-17,T100,100000,Karim Ramadan,4:34:06,0:47:41,2:06:52,1:29:53,301,male 40-44,ARE,1518,sportstats
T100 Triathlon World Tour - Dubai,2024-11-17,T100,100000,Amine Senhaji,4:34:07,0:44:54,2:05:57,1:34:12,302,male 35-39,ARE,2702,sportstats
T100 Triathlon World Tour - Dubai,2024-11-17,T100,100000,Alex Keefe,4:34:08,0:37:38,2:03:26,1:43:08,303,male 25-29,GBR,2286,sportstats
T100 Triathlon World Tour - Dubai,2024-11-17,T100,100000,Paul Sharry,4:34:14,0:44:40,2:08:21,1:31:33,304,male 35-39,ARE,2712,sportstats
T100 Triathlon World Tour - Dubai,2024-11-17,T100,100000,Kirill Smirnov,4:34:19,0:43:10,2:06:55,1:35:28,305,male 35-39,RUS,1576,sportstats
T100 Triathlon World Tour - Dubai,2024-11-17,T100,100000,Hamid Khan,4:34:29,0:45:20,2:20:32,1:21:38,306,male 50-54,ARE,1329,sportstats
T100 Triathlon World Tour - Dubai,2024-11-17,T100,100000,Rose Marsh,4:34:29,0:37:08,2:10:54,1:37:45,307,female 35-39,ARE,1394,sportstats
T100 Triathlon World Tour - Dubai,2024-11-17,T100,100000,Harold De Bellefroid,4:34:38,0:37:27,2:10:31,1:38:47,308,male 35-39,ARE,1171,sportstats
T100 Triathlon World Tour - Dubai,2024-11-17,T100,100000,Gregg Carvel,4:34:49,0:40:28,2:07:59,1:38:47,309,male 60-64,USA,1926,sportstats
T100 Triathlon World Tour - Dubai,2024-11-17,T100,100000,Nathan Buswell,4:34:52,0:35:28,2:10:22,1:40:11,310,male 40-44,ARE,1907,sportstats
T100 Triathlon World Tour - Dubai,2024-11-17,T100,100000,Feras Alothman,4:34:54,0:30:36,2:21:49,1:30:35,311,male 45-49,KWT,1757,sportstats
T100 Triathlon World Tour - Dubai,2024-11-17,T100,100000,Svyatoslav Kastritskiy,4:35:17,0:43:05,2:03:40,1:39:48,312,male 50-54,RUS,2283,sportstats
T100 Triathlon World Tour - Dubai,2024-11-17,T100,100000,Jessica Troch,4:35:18,0:41:45,2:15:56,1:27:35,313,female 35-39,ARE,2812,sportstats
T100 Triathlon World Tour - Dubai,2024-11-17,T100,100000,Gennadii Meshkov,4:35:18,0:38:54,2:11:18,1:36:11,314,male 25-29,CYP,2459,sportstats
T100 Triathlon World Tour - Dubai,2024-11-17,T100,100000,Julion Gallagher,4:35:23,0:41:00,2:09:09,1:38:12,315,female 40-44,GBR,2100,sportstats
T100 Triathlon World Tour - Dubai,2024-11-17,T100,100000,Othmane Saifaoui,4:35:29,0:40:28,2:08:39,1:39:02,316,male 30-34,ARE,1540,sportstats
T100 Triathlon World Tour - Dubai,2024-11-17,T100,100000,Mikhail Mamaev,4:35:36,0:45:32,2:10:20,1:32:29,317,male 40-44,ARE,2416,sportstats
T100 Triathlon World Tour - Dubai,2024-11-17,T100,100000,Eugene Gorkunov,4:35:42,0:42:42,2:07:29,1:37:09,318,male 45-49,RUS,2133,sportstats
T100 Triathlon World Tour - Dubai,2024-11-17,T100,100000,Martin Dewaste,4:35:53,0:42:51,2:20:33,1:24:42,319,male 25-29,ARE,2006,sportstats
T100 Triathlon World Tour - Dubai,2024-11-17,T100,100000,Byron Penny,4:36:08,0:38:27,2:10:02,1:40:08,320,male 30-34,ARE,1490,sportstats
T100 Triathlon World Tour - Dubai,2024-11-17,T100,100000,Amy Burnett,4:36:27,0:39:42,2:12:00,1:36:22,321,female 18-24,IRL,1123,sportstats
T100 Triathlon World Tour - Dubai,2024-11-17,T100,100000,Dino Syafitri,4:36:35,0:41:54,2:08:00,1:34:57,322,male 40-44,ARE,1596,sportstats
T100 Triathlon World Tour - Dubai,2024-11-17,T100,100000,Ali Imam,4:36:38,0:40:17,2:13:47,1:35:16,323,male 35-39,EGY,2220,sportstats
T100 Triathlon World Tour - Dubai,2024-11-17,T100,100000,Alban Lecellier,4:36:44,0:32:41,2:06:19,1:49:57,324,male 30-34,ARE,2375,sportstats
T100 Triathlon World Tour - Dubai,2024-11-17,T100,100000,Clement Pacaud,4:36:54,0:44:37,2:21:11,1:23:48,325,male 30-34,ARE,2542,sportstats
T100 Triathlon World Tour - Dubai,2024-11-17,T100,100000,Bader Albastaki,4:37:07,0:39:39,2:14:03,1:35:55,326,male 30-34,BHR,1722,sportstats
T100 Triathlon World Tour - Dubai,2024-11-17,T100,100000,Robert Tansley,4:37:17,0:36:20,2:08:13,1:44:22,327,male 35-39,ARE,1602,sportstats
T100 Triathlon World Tour - Dubai,2024-11-17,T100,100000,Abdulrahman Alghamdi,4:37:21,0:38:49,2:14:04,1:34:40,328,male 35-39,SAU,1734,sportstats
T100 Triathlon World Tour - Dubai,2024-11-17,T100,100000,Nishi Saran,4:37:23,0:42:52,2:14:32,1:30:24,329,male 45-49,ARE,1546,sportstats
T100 Triathlon World Tour - Dubai,2024-11-17,T100,100000,Antonio Maestro Cuesta,4:37:24,0:38:03,2:18:15,1:32:38,330,male 45-49,ARE,1379,sportstats
T100 Triathlon World Tour - Dubai,2024-11-17,T100,100000,Mikhail Aleshchenko,4:37:28,0:37:09,2:11:24,1:43:33,331,male 35-39,ESP,1730,sportstats
T100 Triathlon World Tour - Dubai,2024-11-17,T100,100000,Rafael Hoffelder Pinno,4:37:37,0:42:37,2:06:28,1:39:18,332,male 25-29,ARE,2201,sportstats
T100 Triathlon World Tour - Dubai,2024-11-17,T100,100000,Constantin Nathen,4:37:41,0:41:41,2:09:36,1:37:02,333,male 18-24,DEU,1446,sportstats
T100 Triathlon World Tour - Dubai,2024-11-17,T100,100000,Oleg Proskurin,4:37:42,0:45:22,2:14:17,1:30:07,334,male 30-34,ARE,2936,sportstats
T100 Triathlon World Tour - Dubai,2024-11-17,T100,100000,Ahmed Marey,4:37:47,0:45:27,2:02:42,1:42:46,335,male 40-44,ARE,1392,sportstats
T100 Triathlon World Tour - Dubai,2024-11-17,T100,100000,Juliana Van Niekerk,4:37:51,0:38:49,2:08:10,1:44:05,336,female 40-44,ARE,1629,sportstats
T100 Triathlon World Tour - Dubai,2024-11-17,T100,100000,Adam Schmidlechner,4:37:53,0:38:35,2:19:25,1:32:26,337,male 50-54,ARE,1552,sportstats
T100 Triathlon World Tour - Dubai,2024-11-17,T100,100000,Hirotake Miyakane,4:37:56,0:48:46,2:10:59,1:29:08,338,male 35-39,ARE,2469,sportstats
T100 Triathlon World Tour - Dubai,2024-11-17,T100,100000,Sager Alkhalifa,4:38:13,0:39:30,2:11:43,1:39:59,339,male 40-44,BHR,1037,sportstats
T100 Triathlon World Tour - Dubai,2024-11-17,T100,100000,Ferdinand De Guzman,4:38:18,0:36:25,2:07:51,1:41:52,340,male 45-49,ARE,1174,sportstats
T100 Triathlon World Tour - Dubai,2024-11-17,T100,100000,Ekaterina Gavrilova,4:38:19,0:43:09,2:15:18,1:32:14,341,female 35-39,RUS,2110,sportstats
T100 Triathlon World Tour - Dubai,2024-11-17,T100,100000,Carlos Giron,4:38:19,0:43:14,2:08:52,1:37:54,342,male 35-39,ARE,2124,sportstats
T100 Triathlon World Tour - Dubai,2024-11-17,T100,100000,James Esau,4:38:21,0:41:42,2:08:52,1:38:18,343,male 40-44,ARE,1218,sportstats
T100 Triathlon World Tour - Dubai,2024-11-17,T100,100000,Jack Jeffries,4:38:22,0:37:58,2:01:20,1:49:17,344,male 30-34,ARE,1305,sportstats
T100 Triathlon World Tour - Dubai,2024-11-17,T100,100000,Jay Burnside,4:38:25,0:45:36,2:07:49,1:35:07,345,male 50-54,ARE,1906,sportstats
T100 Triathlon World Tour - Dubai,2024-11-17,T100,100000,Thierry Perret,4:38:27,0:36:15,2:06:01,1:48:37,346,male 50-54,ARE,1493,sportstats
T100 Triathlon World Tour - Dubai,2024-11-17,T100,100000,Arlene Cowgill,4:38:42,0:47:17,2:19:03,1:24:33,347,female 40-44,OMN,1159,sportstats
T100 Triathlon World Tour - Dubai,2024-11-17,T100,100000,Mehdi Ait Yahoui,4:38:47,0:43:22,2:14:18,1:31:21,348,male 35-39,ARE,1692,sportstats
T100 Triathlon World Tour - Dubai,2024-11-17,T100,100000,Anya Culling,4:38:48,0:47:28,2:28:17,1:12:19,349,female 25-29,GBR,1975,sportstats
T100 Triathlon World Tour - Dubai,2024-11-17,T100,100000,Simon Nicolas,4:38:50,0:39:28,2:13:04,1:39:21,350,male 30-34,ARE,1456,sportstats
T100 Triathlon World Tour - Dubai,2024-11-17,T100,100000,Darwin John Corpuz,4:38:51,0:41:36,2:09:51,1:39:51,351,male 30-34,ARE,1158,sportstats
T100 Triathlon World Tour - Dubai,2024-11-17,T100,100000,Ryan Woolf,4:38:56,0:44:12,2:16:12,1:31:43,352,male 30-34,ARE,2901,sportstats
T100 Triathlon World Tour - Dubai,2024-11-17,T100,100000,Jessica Arnzen,4:38:59,0:35:22,2:31:33,1:26:39,353,female 30-34,USA,1793,sportstats
T100 Triathlon World Tour - Dubai,2024-11-17,T100,100000,Sergey So,4:39:03,0:42:16,2:04:01,1:44:22,354,male 30-34,KAZ,2740,sportstats
T100 Triathlon World Tour - Dubai,2024-11-17,T100,100000,Omar Roshdy,4:39:05,0:34:43,2:13:10,1:38:01,355,male 35-39,EGY,2648,sportstats
T100 Triathlon World Tour - Dubai,2024-11-17,T100,100000,Muhammad Farghaly,4:39:06,0:42:13,2:13:51,1:35:24,356,male 35-39,EGY,2062,sportstats
T100 Triathlon World Tour - Dubai,2024-11-17,T100,100000,Abhinav Kothakota,4:39:09,0:49:52,2:05:31,1:33:34,357,male 35-39,ARE,2335,sportstats
T100 Triathlon World Tour - Dubai,2024-11-17,T100,100000,Christopher Taylor,4:39:14,0:36:38,2:15:09,1:40:33,358,male 50-54,ARE,1604,sportstats
T100 Triathlon World Tour - Dubai,2024-11-17,T100,100000,Jonathon Hughes,4:39:14,0:33:59,2:21:02,1:34:14,359,male 30-34,ARE,2210,sportstats
T100 Triathlon World Tour - Dubai,2024-11-17,T100,100000,Carlo Suanes,4:39:14,0:41:15,2:10:18,1:40:29,360,male 45-49,ARE,2763,sportstats
T100 Triathlon World Tour - Dubai,2024-11-17,T100,100000,Rowan Tyler,4:39:26,0:33:57,2:06:59,1:51:09,361,male 45-49,ARE,2825,sportstats
T100 Triathlon World Tour - Dubai,2024-11-17,T100,100000,Arnaud Foulon,4:39:29,0:46:27,2:15:36,1:28:01,362,male 40-44,QAT,2084,sportstats
T100 Triathlon World Tour - Dubai,2024-11-17,T100,100000,Erik Boekel,4:39:38,0:42:28,2:05:33,1:42:53,363,male 55-59,ARE,1098,sportstats
T100 Triathlon World Tour - Dubai,2024-11-17,T100,100000,Vincent Barouki,4:39:43,0:39:30,2:12:53,1:39:38,364,male 45-49,ARE,1834,sportstats
T100 Triathlon World Tour - Dubai,2024-11-17,T100,100000,Filip Baranowski,4:39:55,0:43:14,2:11:59,1:35:57,365,male 35-39,DEU,1077,sportstats
T100 Triathlon World Tour - Dubai,2024-11-17,T100,100000,Filip Walotka,4:40:02,0:37:51,2:08:24,1:45:14,366,male 40-44,POL,2863,sportstats
T100 Triathlon World Tour - Dubai,2024-11-17,T100,100000,Igor Scherbenok,4:40:02,0:38:55,2:21:40,1:32:18,367,male 35-39,BLR,1551,sportstats
T100 Triathlon World Tour - Dubai,2024-11-17,T100,100000,Mert Kalafatoglu,4:40:10,0:38:54,2:10:53,1:42:05,368,male 45-49,TUR,2261,sportstats
T100 Triathlon World Tour - Dubai,2024-11-17,T100,100000,Matthew Clayton,4:40:11,0:46:03,2:05:54,1:38:53,369,male 50-54,FRA,1950,sportstats
T100 Triathlon World Tour - Dubai,2024-11-17,T100,100000,Antonio Alcantara,4:40:12,0:35:48,2:04:43,1:48:12,370,male 35-39,ARE,1723,sportstats
T100 Triathlon World Tour - Dubai,2024-11-17,T100,100000,Pavel Artyushenko,4:40:13,0:45:31,2:07:29,1:36:34,371,male 45-49,KAZ,2942,sportstats
T100 Triathlon World Tour - Dubai,2024-11-17,T100,100000,Lev Zhidkov,4:40:13,0:38:15,2:26:24,1:28:22,372,male 35-39,RUS,2920,sportstats
T100 Triathlon World Tour - Dubai,2024-11-17,T100,100000,Nurali Aliyev,4:40:16,0:45:35,2:07:29,1:36:34,373,male 35-39,ARE,2934,sportstats
T100 Triathlon World Tour - Dubai,2024-11-17,T100,100000,Calum Erskine,4:40:17,0:43:01,2:15:48,1:33:17,374,male 35-39,ARE,1216,sportstats
T100 Triathlon World Tour - Dubai,2024-11-17,T100,100000,Joshua Bowerman,4:40:22,0:40:09,2:15:32,1:34:42,375,male 30-34,ARE,1877,sportstats
T100 Triathlon World Tour - Dubai,2024-11-17,T100,100000,Ian Ngai,4:40:33,0:40:18,2:07:12,1:43:58,376,male 35-39,HKG,2508,sportstats
T100 Triathlon World Tour - Dubai,2024-11-17,T100,100000,Sofia Tzachristou,4:40:39,0:34:11,2:31:34,1:27:39,377,female 45-49,GRC,1621,sportstats
T100 Triathlon World Tour - Dubai,2024-11-17,T100,100000,Victor Saint Pere,4:40:46,0:42:46,2:09:08,1:39:51,378,male 35-39,ARE,2660,sportstats
T100 Triathlon World Tour - Dubai,2024-11-17,T100,100000,Maciej Dzwonnik,4:40:50,0:42:48,2:10:26,1:39:41,379,male 30-34,ARE,2027,sportstats
T100 Triathlon World Tour - Dubai,2024-11-17,T100,100000,Jard Van Oers,4:40:52,0:39:24,2:17:21,1:35:51,380,male 40-44,NLD,2840,sportstats
T100 Triathlon World Tour - Dubai,2024-11-17,T100,100000,Oliver Cooksey,4:40:52,0:40:18,2:02:58,1:49:27,381,male 25-29,GBR,1959,sportstats
T100 Triathlon World Tour - Dubai,2024-11-17,T100,100000,Rurik Ian Santos,4:40:55,0:44:20,2:12:50,1:36:11,382,male 45-49,SAU,1545,sportstats
T100 Triathlon World Tour - Dubai,2024-11-17,T100,100000,Hjalmar Mulder,4:40:57,0:39:43,2:06:52,1:45:53,383,male 40-44,ARE,1436,sportstats
T100 Triathlon World Tour - Dubai,2024-11-17,T100,100000,Omar Al Sharif,4:41:02,0:43:32,2:08:12,1:37:51,384,male 50-54,OMN,1020,sportstats
T100 Triathlon World Tour - Dubai,2024-11-17,T100,100000,Tarek Assem El-Badawi,4:41:13,0:44:33,2:02:58,1:41:09,385,male 35-39,ARE,2037,sportstats
T100 Triathlon World Tour - Dubai,2024-11-17,T100,100000,Amy Wu,4:41:18,0:39:51,2:17:43,1:34:54,386,female 25-29,ARE,1660,sportstats
T100 Triathlon World Tour - Dubai,2024-11-17,T100,100000,Alvaro Villagra Lobo,4:41:23,0:46:03,2:13:15,1:33:50,387,male 40-44,ARE,1636,sportstats
T100 Triathlon World Tour - Dubai,2024-11-17,T100,100000,Gerard Gallagher,4:41:27,0:36:48,2:08:57,1:47:09,388,male 50-54,GBR,2099,sportstats
T100 Triathlon World Tour - Dubai,2024-11-17,T100,100000,Milan Stojanovic,4:41:30,0:43:13,1:58:29,1:51:38,389,male 35-39,ARE,2755,sportstats
T100 Triathlon World Tour - Dubai,2024-11-17,T100,100000,Lucy Blanchard,4:41:35,0:45:14,2:17:00,1:31:59,390,female 35-39,ARE,1095,sportstats
T100 Triathlon World Tour - Dubai,2024-11-17,T100,100000,Lionel Lande,4:41:49,0:49:27,2:08:21,1:37:02,391,male 40-44,CHE,2358,sportstats
T100 Triathlon World Tour - Dubai,2024-11-17,T100,100000,Abdulrahman Almarzooqi,4:41:50,0:43:05,2:12:07,1:39:08,392,male 35-39,ARE,1040,sportstats
T100 Triathlon World Tour - Dubai,2024-11-17,T100,100000,Gustavo Alvarez,4:42:03,0:39:33,2:20:27,1:33:59,393,male 45-49,ARE,1777,sportstats
T100 Triathlon World Tour - Dubai,2024-11-17,T100,100000,Dale Demmer,4:42:03,0:35:27,2:14:15,1:45:08,394,male 35-39,ARE,2002,sportstats
T100 Triathlon World Tour - Dubai,2024-11-17,T100,100000,Medvedev Maksim,4:42:04,0:40:12,2:16:59,1:37:20,395,male 35-39,ARE,2409,sportstats
T100 Triathlon World Tour - Dubai,2024-11-17,T100,100000,Johan Van Niekerk,4:42:08,0:44:05,2:11:05,1:39:11,396,male 40-44,ARE,1628,sportstats
T100 Triathlon World Tour - Dubai,2024-11-17,T100,100000,Jose Antonio Arregui Lazaro,4:42:11,0:42:45,2:15:08,1:36:47,397,male 40-44,ARE,1061,sportstats
T100 Triathlon World Tour - Dubai,2024-11-17,T100,100000,Brendan Manning,4:42:19,0:41:45,2:16:40,1:36:50,398,male 50-54,AUS,1391,sportstats
T100 Triathlon World Tour - Dubai,2024-11-17,T100,100000,Alexandre Lacambra,4:42:23,0:39:56,2:20:31,1:33:17,399,male 25-29,ARE,2352,sportstats
T100 Triathlon World Tour - Dubai,2024-11-17,T100,100000,Dmitry Gostev,4:42:23,0:41:02,2:13:27,1:40:26,400,male 40-44,RUS,2137,sportstats
T100 Triathlon World Tour - Dubai,2024-11-17,T100,100000,Kristian James Henry,4:42:24,0:38:14,2:13:17,1:45:06,401,male 40-44,ARE,2191,sportstats
T100 Triathlon World Tour - Dubai,2024-11-17,T100,100000,Uwe Bork,4:42:26,0:40:00,2:08:00,1:44:28,402,male 55-59,ARE,1104,sportstats
T100 Triathlon World Tour - Dubai,2024-11-17,T100,100000,Ante Svagusa,4:42:27,0:36:37,2:02:57,1:55:46,403,male 40-44,ARE,2769,sportstats
T100 Triathlon World Tour - Dubai,2024-11-17,T100,100000,Arnaud Moreau,4:42:31,0:39:42,2:18:23,1:32:39,404,male 35-39,ARE,1424,sportstats
T100 Triathlon World Tour - Dubai,2024-11-17,T100,100000,Ahmed Al-Naabi,4:42:51,0:44:45,2:15:30,1:34:57,405,male 35-39,OMN,1753,sportstats
T100 Triathlon World Tour - Dubai,2024-11-17,T100,100000,Suleiman Alalawi,4:42:54,0:39:21,2:11:29,1:41:17,406,male 50-54,OMN,1711,sportstats
T100 Triathlon World Tour - Dubai,2024-11-17,T100,100000,Gary Marescia,4:43:03,0:35:19,2:11:04,1:49:30,407,male 55-59,ARE,2419,sportstats
T100 Triathlon World Tour - Dubai,2024-11-17,T100,100000,Murat Kanafin,4:43:14,0:45:00,2:07:17,1:40:09,408,male 40-44,KAZ,2264,sportstats
T100 Triathlon World Tour - Dubai,2024-11-17,T100,100000,Alan Conway,4:43:15,0:50:37,2:10:36,1:31:09,409,male 35-39,ARE,1155,sportstats
T100 Triathlon World Tour - Dubai,2024-11-17,T100,100000,Sabo Rusev,4:43:17,0:43:38,2:04:10,1:46:47,410,male 30-34,BGR,2652,sportstats
T100 Triathlon World Tour - Dubai,2024-11-17,T100,100000,Albin Kesselbacher,4:43:17,0:40:32,2:06:17,1:47:39,411,male 40-44,AUT,2297,sportstats
T100 Triathlon World Tour - Dubai,2024-11-17,T100,100000,Peter May,4:43:20,0:40:02,2:18:47,1:33:44,412,male 35-39,ARE,2437,sportstats
T100 Triathlon World Tour - Dubai,2024-11-17,T100,100000,Jason Harrod,4:43:21,0:44:16,2:14:45,1:36:40,413,male 35-39,ARE,2180,sportstats
T100 Triathlon World Tour - Dubai,2024-11-17,T100,100000,Mohanned Awad,4:43:25,0:43:05,2:09:53,1:37:21,414,male 45-49,ARE,1806,sportstats
T100 Triathlon World Tour - Dubai,2024-11-17,T100,100000,Hidare Rechak,4:43:27,0:49:11,2:07:54,1:33:36,415,male 45-49,ARE,2614,sportstats
T100 Triathlon World Tour - Dubai,2024-11-17,T100,100000,Mauro Romano,4:43:34,0:38:42,2:14:43,1:43:02,416,male 45-49,ARE,2643,sportstats
T100 Triathlon World Tour - Dubai,2024-11-17,T100,100000,Murray Higgs,4:43:36,0:37:42,2:29:12,1:27:02,417,male 55-59,SGP,2198,sportstats
T100 Triathlon World Tour - Dubai,2024-11-17,T100,100000,Markus Wagener,4:43:41,0:46:58,2:14:15,1:32:29,418,male 50-54,ARE,2862,sportstats
T100 Triathlon World Tour - Dubai,2024-11-17,T100,100000,David Millington,4:43:48,0:37:19,2:15:49,1:39:38,419,male 50-54,ARE,1412,sportstats
T100 Triathlon World Tour - Dubai,2024-11-17,T100,100000,Josh Cornally,4:43:49,0:33:29,2:19:47,1:41:08,420,male 35-39,ARE,1965,sportstats
T100 Triathlon World Tour - Dubai,2024-11-17,T100,100000,Jean-Michel Gebran,4:43:55,0:45:59,2:14:08,1:31:14,421,male 35-39,BHR,2112,sportstats
T100 Triathlon World Tour - Dubai,2024-11-17,T100,100000,Alexander Loza,4:43:58,0:43:18,2:12:38,1:39:09,422,male 40-44,ARE,2388,sportstats
T100 Triathlon World Tour - Dubai,2024-11-17,T100,100000,Mario Ellermann,4:44:03,0:41:24,2:09:03,1:45:27,423,male 35-39,ARE,1207,sportstats
T100 Triathlon World Tour - Dubai,2024-11-17,T100,100000,Mario Illan,4:44:05,0:48:59,2:24:10,1:20:58,424,male 45-49,ARE,2217,sportstats
T100 Triathlon World Tour - Dubai,2024-11-17,T100,100000,Amr Marzouk,4:44:29,0:41:29,2:14:04,1:41:28,425,male 30-34,EGY,2425,sportstats
T100 Triathlon World Tour - Dubai,2024-11-17,T100,100000,Omkar Jokar,4:44:39,0:39:59,2:20:02,1:37:43,426,male 25-29,IND,2246,sportstats
T100 Triathlon World Tour - Dubai,2024-11-17,T100,100000,Gemma Brown,4:44:47,0:35:23,2:13:12,1:49:20,427,female 35-39,ARE,1892,sportstats
T100 Triathlon World Tour - Dubai,2024-11-17,T100,100000,Richard Fitzgerald,4:44:51,0:43:02,2:16:58,1:37:17,428,male 40-44,ARE,2075,sportstats
T100 Triathlon World Tour - Dubai,2024-11-17,T100,100000,Jamie Spencer,4:44:59,0:45:23,2:12:34,1:36:58,429,male 40-44,ARE,2746,sportstats
T100 Triathlon World Tour - Dubai,2024-11-17,T100,100000,Ian George,4:45:07,0:38:37,2:14:41,1:43:56,430,male 55-59,GBR,2114,sportstats
T100 Triathlon World Tour - Dubai,2024-11-17,T100,100000,Rosanna Gilbey,4:45:20,0:35:53,2:18:49,1:35:56,431,female 30-34,ARE,1256,sportstats
T100 Triathlon World Tour - Dubai,2024-11-17,T100,100000,Matthew Benson,4:45:26,0:32:04,2:16:25,1:46:28,432,male 50-54,ARE,1089,sportstats
T100 Triathlon World Tour - Dubai,2024-11-17,T100,100000,John McMillan,4:45:35,0:50:51,2:08:50,1:37:02,433,male 45-49,ARE,1405,sportstats
T100 Triathlon World Tour - Dubai,2024-11-17,T100,100000,Alessio Samperi,4:45:40,0:45:37,2:17:29,1:34:44,434,male 30-34,ARE,2671,sportstats
T100 Triathlon World Tour - Dubai,2024-11-17,T100,100000,Damien Marshall,4:45:45,0:37:53,2:11:03,1:46:09,435,male 40-44,ARE,1395,sportstats
T100 Triathlon World Tour - Dubai,2024-11-17,T100,100000,Kim Myers,4:45:50,0:41:59,2:20:31,1:36:28,436,female 40-44,ARE,2494,sportstats
T100 Triathlon World Tour - Dubai,2024-11-17,T100,100000,Maarten De Vet,4:45:53,0:37:46,2:12:59,1:46:40,437,male 30-34,NLD,1989,sportstats
T100 Triathlon World Tour - Dubai,2024-11-17,T100,100000,Lars Bohrenz,4:45:57,0:46:39,2:12:43,1:37:04,438,male 50-54,DEU,1100,sportstats
T100 Triathlon World Tour - Dubai,2024-11-17,T100,100000,Ozgur Dincsalman,4:45:57,0:36:48,2:15:18,1:46:51,439,male 45-49,ARE,1187,sportstats
T100 Triathlon World Tour - Dubai,2024-11-17,T100,100000,Jennifer Kokk,4:45:59,0:38:59,2:24:25,1:33:39,440,female 25-29,ARE,2321,sportstats
T100 Triathlon World Tour - Dubai,2024-11-17,T100,100000,James Starr,4:46:02,0:42:04,2:16:52,1:35:42,441,male 35-39,ARE,2751,sportstats
T100 Triathlon World Tour - Dubai,2024-11-17,T100,100000,Michael Le Bihan,4:46:04,0:36:59,2:14:18,1:47:25,442,male 40-44,ARE,1347,sportstats
T100 Triathlon World Tour - Dubai,2024-11-17,T100,100000,Ayoub Alali,4:46:10,0:57:11,2:00:36,1:39:23,443,male 45-49,ARE,1712,sportstats
T100 Triathlon World Tour - Dubai,2024-11-17,T100,100000,Pascal Dufour,4:46:14,0:43:30,2:06:07,1:48:58,444,male 50-54,ARE,2021,sportstats
T100 Triathlon World Tour - Dubai,2024-11-17,T100,100000,Javier Saavedra,4:46:15,0:37:16,2:10:40,1:49:53,445,male 40-44,ARE,2656,sportstats
T100 Triathlon World Tour - Dubai,2024-11-17,T100,100000,Viacheslav Kolpashchikov,4:46:18,0:50:56,2:07:52,1:39:20,446,male 45-49,ARE,2324,sportstats
T100 Triathlon World Tour - Dubai,2024-11-17,T100,100000,Karolis Kupcikas,4:46:24,0:40:42,2:14:40,1:39:45,447,male 30-34,ARE,2347,sportstats
T100 Triathlon World Tour - Dubai,2024-11-17,T100,100000,Mark Lavery,4:46:33,0:37:23,2:13:06,1:45:09,448,male 50-54,ARE,2368,sportstats
T100 Triathlon World Tour - Dubai,2024-11-17,T100,100000,Frank Willem De Wit,4:46:38,0:40:42,2:15:37,1:37:51,449,male 50-54,LUX,1179,sportstats
T100 Triathlon World Tour - Dubai,2024-11-17,T100,100000,Karim Elsafty,4:46:42,0:46:57,2:09:13,1:40:08,450,male 30-34,DEU,2042,sportstats
T100 Triathlon World Tour - Dubai,2024-11-17,T100,100000,Hussien Abdelkhalek,4:46:56,0:36:14,2:16:35,1:45:46,451,male 30-34,EGY,1674,sportstats
T100 Triathlon World Tour - Dubai,2024-11-17,T100,100000,Aba Orera S Chados,4:47:00,0:57:41,2:13:01,1:28:27,452,male 40-44,ARE,1930,sportstats
T100 Triathlon World Tour - Dubai,2024-11-17,T100,100000,Gordon Barnard,4:47:01,0:38:23,2:07:29,1:50:54,453,male 40-44,ARE,1080,sportstats
T100 Triathlon World Tour - Dubai,2024-11-17,T100,100000,Alexandra Messager,4:47:02,0:43:01,2:14:27,1:38:51,454,female 40-44,FRA,1411,sportstats
T100 Triathlon World Tour - Dubai,2024-11-17,T100,100000,Juan Garcia,4:47:16,0:47:23,2:12:57,1:38:40,455,male 35-39,ARE,2104,sportstats
T100 Triathlon World Tour - Dubai,2024-11-17,T100,100000,Samuel Turton,4:47:31,0:42:21,2:14:13,1:42:30,456,male 30-34,ARE,2824,sportstats
T100 Triathlon World Tour - Dubai,2024-11-17,T100,100000,Alan Suarez,4:47:32,0:49:02,2:14:47,1:34:36,457,male 45-49,ARE,2764,sportstats
T100 Triathlon World Tour - Dubai,2024-11-17,T100,100000,Issa Azar,4:47:43,0:39:40,2:17:12,1:40:46,458,male 45-49,ARE,1071,sportstats
T100 Triathlon World Tour - Dubai,2024-11-17,T100,100000,Adrian Stoppe,4:47:50,0:40:08,2:19:44,1:38:21,459,male 45-49,ARE,2759,sportstats
T100 Triathlon World Tour - Dubai,2024-11-17,T100,100000,Mark Irish,4:47:52,0:43:30,2:18:35,1:33:16,460,male 35-39,USA,1300,sportstats
T100 Triathlon World Tour - Dubai,2024-11-17,T100,100000,Osvaldo Ferreira Porto Filho,4:47:53,0:45:54,2:15:38,1:37:42,461,male 40-44,ARE,1235,sportstats
T100 Triathlon World Tour - Dubai,2024-11-17,T100,100000,James Carroll,4:47:55,0:44:49,2:16:20,1:38:02,462,male 40-44,ARE,1135,sportstats
T100 Triathlon World Tour - Dubai,2024-11-17,T100,100000,Mohammed Hafiz,4:47:56,0:38:56,2:15:22,1:45:55,463,male 45-49,SAU,1277,sportstats
T100 Triathlon World Tour - Dubai,2024-11-17,T100,100000,Hans Van Der Wulp,4:48:15,0:33:07,2:20:11,1:47:11,464,male 55-59,NLD,2839,sportstats
T100 Triathlon World Tour - Dubai,2024-11-17,T100,100000,Rodney Howard,4:48:16,0:40:54,2:13:46,1:44:00,465,male 50-54,AUS,1290,sportstats
T100 Triathlon World Tour - Dubai,2024-11-17,T100,100000,Irina Obydennaya,4:48:20,0:39:55,2:23:19,1:37:20,466,female 35-39,RUS,1463,sportstats
T100 Triathlon World Tour - Dubai,2024-11-17,T100,100000,Nilesh Zawar,4:48:20,0:39:58,2:15:16,1:40:49,467,male 40-44,IND,2917,sportstats
T100 Triathlon World Tour - Dubai,2024-11-17,T100,100000,Chris Kelly,4:48:25,0:45:56,2:15:41,1:37:13,468,male 35-39,GBR,2292,sportstats
T100 Triathlon World Tour - Dubai,2024-11-17,T100,100000,Nikita Terekhov,4:48:26,0:38:09,2:11:39,1:49:01,469,male 35-39,ARE,2792,sportstats
T100 Triathlon World Tour - Dubai,2024-11-17,T100,100000,Luis Garcia Mora,4:48:26,0:38:04,2:17:31,1:45:06,470,male 35-39,QAT,2106,sportstats
T100 Triathlon World Tour - Dubai,2024-11-17,T100,100000,Aina Ussenova,4:48:30,0:54:07,2:16:04,1:28:14,471,female 30-34,KAZ,2832,sportstats
T100 Triathlon World Tour - Dubai,2024-11-17,T100,100000,Mark Malone,4:48:31,0:41:00,2:26:09,1:35:34,472,male 40-44,ARE,1385,sportstats
T100 Triathlon World Tour - Dubai,2024-11-17,T100,100000,James Grinnell,4:48:39,0:37:09,2:05:26,1:59:39,473,male 50-54,ARE,1268,sportstats
T100 Triathlon World Tour - Dubai,2024-11-17,T100,100000,Henning Wiedemeyer,4:48:46,0:43:00,2:10:25,1:46:01,474,male 45-49,ARE,2888,sportstats
T100 Triathlon World Tour - Dubai,2024-11-17,T100,100000,Coralie Mouniau,4:48:57,0:43:42,2:20:31,1:32:41,475,female 35-39,ARE,1432,sportstats
T100 Triathlon World Tour - Dubai,2024-11-17,T100,100000,Martinique Hurter,4:49:05,0:38:00,2:29:09,1:34:46,476,female 30-34,ARE,1295,sportstats
T100 Triathlon World Tour - Dubai,2024-11-17,T100,100000,Kirstin Robertson,4:49:05,0:35:55,2:20:12,1:43:54,477,female 45-49,SAU,2635,sportstats
T100 Triathlon World Tour - Dubai,2024-11-17,T100,100000,Garett Cailles,4:49:05,0:44:53,2:11:16,1:42:12,478,male 45-49,QAT,1913,sportstats
T100 Triathlon World Tour - Dubai,2024-11-17,T100,100000,Andrei Zhizhin,4:49:06,0:40:42,2:16:25,1:43:41,479,male 40-44,RUS,2921,sportstats
T100 Triathlon World Tour - Dubai,2024-11-17,T100,100000,Ian Orme,4:49:11,0:34:46,2:12:53,1:50:38,480,male 40-44,ARE,1471,sportstats
T100 Triathlon World Tour - Dubai,2024-11-17,T100,100000,Simon Fagg,4:49:22,0:51:47,2:11:23,1:37:14,481,male 55-59,ARE,1224,sportstats
T100 Triathlon World Tour - Dubai,2024-11-17,T100,100000,Valentin Golubev,4:49:42,0:41:22,2:13:27,1:46:37,482,male 35-39,RUS,1260,sportstats
T100 Triathlon World Tour - Dubai,2024-11-17,T100,100000,Raniel Dela Cruz,4:49:42,0:44:54,2:16:32,1:38:41,483,male 35-39,ARE,1996,sportstats
T100 Triathlon World Tour - Dubai,2024-11-17,T100,100000,Akinori Kawaharada,4:49:44,0:42:00,2:14:17,1:46:02,484,male 35-39,ARE,1322,sportstats
T100 Triathlon World Tour - Dubai,2024-11-17,T100,100000,Saul Anthony Sibayan,4:49:45,0:41:21,2:08:59,1:48:04,485,male 35-39,QAT,2721,sportstats
T100 Triathlon World Tour - Dubai,2024-11-17,T100,100000,Zafer Tumer Yazici,4:49:48,0:35:17,2:15:42,1:49:07,486,male 45-49,ARE,1661,sportstats
T100 Triathlon World Tour - Dubai,2024-11-17,T100,100000,Calvin Scott,4:49:48,0:47:46,2:03:19,1:49:43,487,male 35-39,ARE,2691,sportstats
T100 Triathlon World Tour - Dubai,2024-11-17,T100,100000,Timothy Demchenko,4:49:53,0:40:27,2:11:55,1:48:42,488,male 50-54,ARE,2000,sportstats
T100 Triathlon World Tour - Dubai,2024-11-17,T100,100000,Charlotte Miller,4:49:54,0:39:47,2:22:07,1:37:05,489,female 25-29,ARE,2466,sportstats
T100 Triathlon World Tour - Dubai,2024-11-17,T100,100000,Ahmed Loay Elsawaf,4:49:55,0:47:40,2:14:54,1:37:29,490,male 50-54,EGY,2044,sportstats
T100 Triathlon World Tour - Dubai,2024-11-17,T100,100000,Philippe Reffinato,4:50:03,0:43:00,2:08:17,1:48:24,491,male 55-59,FRA,2615,sportstats
T100 Triathlon World Tour - Dubai,2024-11-17,T100,100000,Francois Prunel,4:50:07,0:36:48,2:18:42,1:45:50,492,male 35-39,ARE,1509,sportstats
T100 Triathlon World Tour - Dubai,2024-11-17,T100,100000,Khalid Alshamsi,4:50:13,0:43:03,2:10:21,1:46:25,493,male 25-29,ARE,1766,sportstats
T100 Triathlon World Tour - Dubai,2024-11-17,T100,100000,Malcolm Rose,4:50:14,0:42:37,2:14:02,1:44:29,494,male 50-54,ARE,1533,sportstats
T100 Triathlon World Tour - Dubai,2024-11-17,T100,100000,Benjamin Gutteridge,4:50:18,0:44:21,2:21:39,1:35:17,495,male 40-44,ARE,2157,sportstats
T100 Triathlon World Tour - Dubai,2024-11-17,T100,100000,Juliane Jundt,4:50:23,0:51:29,2:21:03,1:28:05,496,female 35-39,BHR,2256,sportstats
T100 Triathlon World Tour - Dubai,2024-11-17,T100,100000,Novismindo JR Madera,4:50:38,0:34:17,2:21:02,1:47:21,497,male 35-39,QAT,2401,sportstats
T100 Triathlon World Tour - Dubai,2024-11-17,T100,100000,Omar Saleh,4:50:51,0:47:53,2:24:16,1:30:27,498,male 30-34,EGY,2665,sportstats
T100 Triathlon World Tour - Dubai,2024-11-17,T100,100000,Abdulla Shaheen Alkaabi,4:50:55,0:47:33,2:13:13,1:39:12,499,male 35-39,QAT,1742,sportstats
T100 Triathlon World Tour - Dubai,2024-11-17,T100,100000,Giuseppe Ostuni,4:50:55,0:40:53,2:18:25,1:42:21,500,male 40-44,ARE,1473,sportstats
T100 Triathlon World Tour - Dubai,2024-11-17,T100,100000,Yerlan Nurakhmetov,4:50:55,0:58:08,2:12:38,1:32:46,501,male 45-49,KAZ,1462,sportstats
T100 Triathlon World Tour - Dubai,2024-11-17,T100,100000,Khalid Arar,4:51:04,0:42:11,2:10:03,1:45:14,502,male 35-39,ARE,1790,sportstats
T100 Triathlon World Tour - Dubai,2024-11-17,T100,100000,George Cliffe,4:51:06,0:54:24,2:21:07,1:22:01,503,male 30-34,ARE,1952,sportstats
T100 Triathlon World Tour - Dubai,2024-11-17,T100,100000,Stephen Cooper,4:51:08,0:44:07,2:05:31,1:51:45,504,male 45-49,ARE,1157,sportstats
T100 Triathlon World Tour - Dubai,2024-11-17,T100,100000,Winston Cowie,4:51:09,0:42:27,2:20:18,1:40:33,505,male 40-44,ARE,1160,sportstats
T100 Triathlon World Tour - Dubai,2024-11-17,T100,100000,Valerianne Nicolaou-Gambini,4:51:26,0:36:01,2:20:08,1:48:18,506,female 35-39,ARE,1455,sportstats
T100 Triathlon World Tour - Dubai,2024-11-17,T100,100000,Carlos De Teresa,4:51:31,0:38:42,2:25:59,1:36:07,507,male 30-34,ARE,1988,sportstats
T100 Triathlon World Tour - Dubai,2024-11-17,T100,100000,Gareth Scott,4:51:34,0:41:37,2:11:10,1:47:55,508,male 35-39,SAU,2690,sportstats
T100 Triathlon World Tour - Dubai,2024-11-17,T100,100000,Paul Banks,4:51:44,0:49:04,2:26:01,1:27:41,509,male 50-54,ARE,1828,sportstats
T100 Triathlon World Tour - Dubai,2024-11-17,T100,100000,Martin Waud,4:51:52,0:53:31,2:14:04,1:36:39,510,male 40-44,ARE,2876,sportstats
T100 Triathlon World Tour - Dubai,2024-11-17,T100,100000,George Moussalem,4:51:55,0:47:05,2:10:48,1:44:01,511,male 40-44,ARE,1433,sportstats
T100 Triathlon World Tour - Dubai,2024-11-17,T100,100000,Vladimir Kulgun,4:52:12,0:40:44,2:14:34,1:46:30,512,male 45-49,RUS,1340,sportstats
T100 Triathlon World Tour - Dubai,2024-11-17,T100,100000,Diego Carmona,4:52:12,0:44:34,2:17:15,1:37:03,513,male 35-39,ARE,1132,sportstats
T100 Triathlon World Tour - Dubai,2024-11-17,T100,100000,Michelle Lindqvist,4:52:18,0:44:29,2:11:43,1:49:05,514,female 30-34,ARE,2379,sportstats
T100 Triathlon World Tour - Dubai,2024-11-17,T100,100000,Rodolfo Silvio,4:52:26,0:41:55,2:17:53,1:43:01,515,male 40-44,ARE,2724,sportstats
T100 Triathlon World Tour - Dubai,2024-11-17,T100,100000,Bartlomiej Dmoch,4:52:43,0:48:35,2:16:37,1:40:05,516,male 35-39,POL,2014,sportstats
T100 Triathlon World Tour - Dubai,2024-11-17,T100,100000,Christian Hewitt,4:52:43,0:43:54,2:04:51,1:54:12,517,male 50-54,ARE,1285,sportstats
T100 Triathlon World Tour - Dubai,2024-11-17,T100,100000,Yannis Giannopoulos,4:52:53,0:44:45,2:09:41,1:49:30,518,male 50-54,ARE,1254,sportstats
T100 Triathlon World Tour - Dubai,2024-11-17,T100,100000,Simone Camposeranio,4:52:53,0:42:45,2:15:26,1:46:04,519,male 45-49,ARE,1131,sportstats
T100 Triathlon World Tour - Dubai,2024-11-17,T100,100000,William Pridham,4:52:54,0:44:00,2:14:48,1:41:17,520,male 35-39,ARE,2593,sportstats
T100 Triathlon World Tour - Dubai,2024-11-17,T100,100000,Myles Worthe,4:53:00,0:43:38,2:23:03,1:40:33,521,male 35-39,ARE,1657,sportstats
T100 Triathlon World Tour - Dubai,2024-11-17,T100,100000,Alexandre De Rinaldis,4:53:05,0:41:16,2:08:23,1:52:57,522,male 50-54,IDN,1987,sportstats
T100 Triathlon World Tour - Dubai,2024-11-17,T100,100000,Elkhalil Mohamed Binebine,4:53:22,0:42:06,2:08:07,1:49:33,523,male 60-64,USA,2940,sportstats
T100 Triathlon World Tour - Dubai,2024-11-17,T100,100000,Abdulaziz Altamimi,4:53:27,0:46:54,2:14:44,1:39:44,524,male 35-39,ARE,2943,sportstats
T100 Triathlon World Tour - Dubai,2024-11-17,T100,100000,Aydar Khuzin,4:53:30,0:45:46,2:13:55,1:43:59,525,male 40-44,RUS,1331,sportstats
T100 Triathlon World Tour - Dubai,2024-11-17,T100,100000,Scott Blydenburgh,4:53:37,0:36:49,2:20:33,1:47:26,526,male 35-39,ARE,1096,sportstats
T100 Triathlon World Tour - Dubai,2024-11-17,T100,100000,Joseph Joy Caluma,4:53:37,0:43:39,2:06:37,1:54:26,527,male 40-44,ARE,1916,sportstats
T100 Triathlon World Tour - Dubai,2024-11-17,T100,100000,Mohammed Al-Thani,4:53:40,0:43:20,2:31:31,1:25:32,528,male 35-39,QAT,1776,sportstats
T100 Triathlon World Tour - Dubai,2024-11-17,T100,100000,Marius Fritz,4:53:55,0:48:47,2:16:51,1:40:42,529,male 30-34,ARE,2091,sportstats
T100 Triathlon World Tour - Dubai,2024-11-17,T100,100000,Bakhit Alqars,4:53:57,0:43:06,2:36:37,1:27:37,530,male 30-34,ARE,1759,sportstats
T100 Triathlon World Tour - Dubai,2024-11-17,T100,100000,Michele Croce,4:54:00,0:44:48,2:17:37,1:40:28,531,male 50-54,USA,1969,sportstats
T100 Triathlon World Tour - Dubai,2024-11-17,T100,100000,Nicolas Majeau,4:54:01,0:43:13,2:12:57,1:49:27,532,male 45-49,ARE,2405,sportstats
T100 Triathlon World Tour - Dubai,2024-11-17,T100,100000,Amanda Webb,4:54:14,0:40:38,2:23:43,1:42:10,533,female 40-44,ARE,1648,sportstats
T100 Triathlon World Tour - Dubai,2024-11-17,T100,100000,Istvan Deak,4:54:26,0:41:05,2:05:49,1:58:07,534,male 40-44,QAT,1180,sportstats
T100 Triathlon World Tour - Dubai,2024-11-17,T100,100000,Adolfo Carvajal,4:54:53,0:45:22,2:17:26,1:43:07,535,male 50-54,QAT,1925,sportstats
T100 Triathlon World Tour - Dubai,2024-11-17,T100,100000,Hazza Alneaimi,4:54:54,0:48:16,2:09:15,1:46:52,536,male 45-49,ARE,1755,sportstats
T100 Triathlon World Tour - Dubai,2024-11-17,T100,100000,Annie Frederick,4:54:56,0:37:48,2:22:53,1:47:14,537,female 30-34,GBR,2088,sportstats
T100 Triathlon World Tour - Dubai,2024-11-17,T100,100000,Jaap De Groot,4:54:58,0:41:44,2:18:12,1:41:03,538,male 55-59,NLD,1983,sportstats
T100 Triathlon World Tour - Dubai,2024-11-17,T100,100000,Mathew Boice,4:55:01,0:44:17,2:12:31,1:43:02,539,male 55-59,ARE,1869,sportstats
T100 Triathlon World Tour - Dubai,2024-11-17,T100,100000,Pedro Carreiras,4:55:03,0:44:15,2:09:01,1:47:48,540,male 45-49,ARE,1134,sportstats
T100 Triathlon World Tour - Dubai,2024-11-17,T100,100000,Luca Sparascio,4:55:04,0:38:14,2:08:22,1:57:10,541,male 18-24,ARE,2745,sportstats
T100 Triathlon World Tour - Dubai,2024-11-17,T100,100000,Karl Street,4:55:12,0:45:10,2:12:10,1:48:15,542,male 60-64,QAT,2760,sportstats
T100 Triathlon World Tour - Dubai,2024-11-17,T100,100000,Alan Kourie,4:55:18,0:34:20,2:16:11,1:56:34,543,male 45-49,ARE,2340,sportstats
T100 Triathlon World Tour - Dubai,2024-11-17,T100,100000,Dmytro Berezhnyi,4:55:23,0:42:58,2:23:10,1:40:58,544,male 35-39,ARE,1853,sportstats
T100 Triathlon World Tour - Dubai,2024-11-17,T100,100000,Khalid Al Muflehi,4:55:25,0:40:07,2:20:55,1:43:13,545,female 35-39,ARE,1706,sportstats
T100 Triathlon World Tour - Dubai,2024-11-17,T100,100000,Alex Leonel Mendoza,4:55:34,0:41:59,2:07:20,1:57:51,546,male 40-44,ARE,2453,sportstats
T100 Triathlon World Tour - Dubai,2024-11-17,T100,100000,Andy Veall,4:55:35,0:51:35,2:13:05,1:42:58,547,male 45-49,ARE,2849,sportstats
T100 Triathlon World Tour - Dubai,2024-11-17,T100,100000,Domenico Squllacioti,4:55:35,0:49:44,2:14:31,1:39:19,548,male 40-44,POL,2749,sportstats
T100 Triathlon World Tour - Dubai,2024-11-17,T100,100000,Anis Chagar,4:55:36,0:41:59,2:29:19,1:33:20,549,male 30-34,ARE,1931,sportstats
T100 Triathlon World Tour - Dubai,2024-11-17,T100,100000,Azzam Al Kiyoumi,4:55:40,0:41:18,2:18:13,1:46:26,550,male 30-34,OMN,1702,sportstats
T100 Triathlon World Tour - Dubai,2024-11-17,T100,100000,Zakaria Bahlouli,4:55:42,0:43:53,2:18:24,1:42:10,551,male 25-29,ARE,1817,sportstats
T100 Triathlon World Tour - Dubai,2024-11-17,T100,100000,Aymric Boillot,4:55:42,0:35:44,2:22:22,1:49:54,552,male 45-49,ARE,1101,sportstats
T100 Triathlon World Tour - Dubai,2024-11-17,T100,100000,Yeison Londono,4:55:45,0:55:37,2:21:35,1:30:58,553,male 35-39,ARE,2385,sportstats
T100 Triathlon World Tour - Dubai,2024-11-17,T100,100000,Radek Wojcik,4:55:48,0:39:33,2:13:38,1:50:55,554,male 50-54,ARE,2894,sportstats
T100 Triathlon World Tour - Dubai,2024-11-17,T100,100000,Pedro Vicente Uceda,4:55:50,0:43:22,2:22:13,1:42:29,555,male 45-49,ARE,2856,sportstats
T100 Triathlon World Tour - Dubai,2024-11-17,T100,100000,Shintaro Nishimura,4:55:51,0:53:14,2:13:09,1:41:03,556,male 35-39,ARE,2512,sportstats
T100 Triathlon World Tour - Dubai,2024-11-17,T100,100000,Ian Rogers,4:56:05,0:42:25,2:11:20,1:54:29,557,male 60-64,ARE,1531,sportstats
T100 Triathlon World Tour - Dubai,2024-11-17,T100,100000,Matthieu Gobert,4:56:10,0:41:19,2:22:33,1:41:33,558,male 45-49,ARE,2126,sportstats
T100 Triathlon World Tour - Dubai,2024-11-17,T100,100000,Robert Thorp,4:56:13,0:44:10,2:16:14,1:46:26,559,male 30-34,ARE,2799,sportstats
T100 Triathlon World Tour - Dubai,2024-11-17,T100,100000,Solomon Clark,4:56:17,0:43:46,2:15:47,1:45:39,560,male 30-34,ARE,1948,sportstats
T100 Triathlon World Tour - Dubai,2024-11-17,T100,100000,Erika Rasmussen,4:56:29,0:46:57,2:14:19,1:47:31,561,female 40-44,ARE,1519,sportstats
T100 Triathlon World Tour - Dubai,2024-11-17,T100,100000,Raf Van Steenbergen,4:56:29,0:47:53,2:21:39,1:37:44,562,male 40-44,ARE,2842,sportstats
T100 Triathlon World Tour - Dubai,2024-11-17,T100,100000,Tania Forichon,4:56:36,0:45:46,2:19:12,1:43:35,563,female 25-29,ARE,1241,sportstats
T100 Triathlon World Tour - Dubai,2024-11-17,T100,100000,Roland Hancock,4:56:45,0:46:33,2:19:11,1:39:21,564,male 45-49,ARE,2172,sportstats
T100 Triathlon World Tour - Dubai,2024-11-17,T100,100000,Stewart Bell,4:56:45,0:46:04,2:15:03,1:44:12,565,male 40-44,ARE,1087,sportstats
T100 Triathlon World Tour - Dubai,2024-11-17,T100,100000,Craig Broome,4:56:48,0:48:22,2:11:28,1:48:28,566,male 40-44,ARE,1891,sportstats
T100 Triathlon World Tour - Dubai,2024-11-17,T100,100000,Blair Roden,4:56:49,0:46:21,2:23:37,1:37:40,567,male 30-34,ARE,2640,sportstats
T100 Triathlon World Tour - Dubai,2024-11-17,T100,100000,Darren Cochrane,4:56:51,0:44:57,2:15:09,1:46:20,568,male 45-49,ARE,1150,sportstats
T100 Triathlon World Tour - Dubai,2024-11-17,T100,100000,Anja Marzinek,4:56:57,0:50:01,2:13:52,1:45:22,569,female 50-54,DEU,2424,sportstats
T100 Triathlon World Tour - Dubai,2024-11-17,T100,100000,Marinus Johnson,4:57:01,0:42:21,2:28:44,1:36:32,570,male 35-39,ARE,2245,sportstats
T100 Triathlon World Tour - Dubai,2024-11-17,T100,100000,Arancha Barcenilla,4:57:14,0:37:43,2:27:23,1:43:53,571,female 50-54,QAT,1832,sportstats
T100 Triathlon World Tour - Dubai,2024-11-17,T100,100000,Aimee Wright,4:57:14,0:42:10,2:17:08,1:50:56,572,female 35-39,ARE,1658,sportstats
T100 Triathlon World Tour - Dubai,2024-11-17,T100,100000,Marc Weber,4:57:17,0:43:05,2:09:25,1:55:47,573,male 50-54,DEU,2878,sportstats
T100 Triathlon World Tour - Dubai,2024-11-17,T100,100000,Mario Ojeda,4:57:22,0:52:52,2:11:48,1:44:10,574,male 35-39,ARE,1466,sportstats
T100 Triathlon World Tour - Dubai,2024-11-17,T100,100000,Kirill Kozhevnikov,4:57:24,0:38:43,2:15:15,1:53:48,575,male 45-49,ARE,1338,sportstats
T100 Triathlon World Tour - Dubai,2024-11-17,T100,100000,Milan Jovovic,4:57:26,0:41:26,2:21:23,1:45:31,576,male 35-39,SRB,1311,sportstats
T100 Triathlon World Tour - Dubai,2024-11-17,T100,100000,Sergey Teslenko,4:57:35,0:33:41,2:15:28,1:55:46,577,male 45-49,RUS,2793,sportstats
T100 Triathlon World Tour - Dubai,2024-11-17,T100,100000,Aitbayev Maxat,4:57:38,0:42:47,2:13:21,1:50:51,578,male 45-49,ARE,2435,sportstats
T100 Triathlon World Tour - Dubai,2024-11-17,T100,100000,Gavin Murtagh,4:57:40,0:45:48,2:31:49,1:25:23,579,male 55-59,ARE,2489,sportstats
T100 Triathlon World Tour - Dubai,2024-11-17,T100,100000,Omar Habaish,4:57:54,0:52:02,2:11:04,1:47:10,580,male 40-44,ARE,2159,sportstats
T100 Triathlon World Tour - Dubai,2024-11-17,T100,100000,Hesham Sherif,4:57:56,0:48:19,2:15:57,1:44:40,581,male 35-39,ARE,2715,sportstats
T100 Triathlon World Tour - Dubai,2024-11-17,T100,100000,Farah Ali Hassan,4:58:02,0:45:32,2:23:32,1:41:10,582,female 30-34,ARE,1739,sportstats
T100 Triathlon World Tour - Dubai,2024-11-17,T100,100000,Barry Fitzgerald,4:58:16,0:40:15,2:23:51,1:44:09,583,male 35-39,ARE,1236,sportstats
T100 Triathlon World Tour - Dubai,2024-11-17,T100,100000,Michael Cronin,4:58:18,0:49:01,2:23:10,1:36:08,584,male 45-49,ARE,1971,sportstats
T100 Triathlon World Tour - Dubai,2024-11-17,T100,100000,Marwan Al Sherif,4:58:30,0:41:22,2:18:16,1:47:31,585,male 45-49,ARE,1021,sportstats
T100 Triathlon World Tour - Dubai,2024-11-17,T100,100000,Erin Watts,4:58:36,0:38:47,2:30:30,1:40:59,586,female 45-49,ARE,2875,sportstats
T100 Triathlon World Tour - Dubai,2024-11-17,T100,100000,Nevine Nour,4:58:36,0:48:53,2:31:27,1:29:49,587,female 45-49,ARE,1460,sportstats
T100 Triathlon World Tour - Dubai,2024-11-17,T100,100000,Akira Reinau,4:58:42,0:47:17,2:26:35,1:36:38,588,male 18-24,DEU,2618,sportstats
T100 Triathlon World Tour - Dubai,2024-11-17,T100,100000,Maria Luiza Geraldi,4:58:46,0:35:35,2:37:25,1:35:00,589,female 30-34,ARE,2116,sportstats
T100 Triathlon World Tour - Dubai,2024-11-17,T100,100000,Adelina Akhmetova,4:58:48,0:45:11,2:30:42,1:32:14,590,female 35-39,ARE,1014,sportstats
T100 Triathlon World Tour - Dubai,2024-11-17,T100,100000,Assem Baizhiyenova,4:58:54,0:44:48,2:20:24,1:43:28,591,female 40-44,KAZ,1822,sportstats
T100 Triathlon World Tour - Dubai,2024-11-17,T100,100000,James Thomas,4:58:55,0:46:56,2:17:54,1:41:15,592,male 45-49,ARE,1611,sportstats
T100 Triathlon World Tour - Dubai,2024-11-17,T100,100000,Sergei Markhanov,4:58:55,0:46:32,2:26:03,1:37:04,593,male 30-34,ARE,2421,sportstats
T100 Triathlon World Tour - Dubai,2024-11-17,T100,100000,Daniel Lemos,4:58:57,0:39:53,2:15:04,1:53:23,594,male 40-44,ARE,1354,sportstats
T100 Triathlon World Tour - Dubai,2024-11-17,T100,100000,Claudia Sauls,4:59:00,0:40:01,2:33:55,1:36:25,595,female 25-29,ARE,1548,sportstats
T100 Triathlon World Tour - Dubai,2024-11-17,T100,100000,Saleh Ghazal,4:59:02,0:44:57,2:25:01,1:37:34,596,male 40-44,ARE,1252,sportstats
T100 Triathlon World Tour - Dubai,2024-11-17,T100,100000,Emmanouil Kothris,4:59:05,0:38:43,2:22:02,1:49:12,597,male 45-49,GRC,2336,sportstats
T100 Triathlon World Tour - Dubai,2024-11-17,T100,100000,Ahmed Imam,4:59:11,0:52:00,2:17:22,1:40:39,598,male 35-39,EGY,2221,sportstats
T100 Triathlon World Tour - Dubai,2024-11-17,T100,100000,Ahmad Hammad,4:59:14,0:41:12,2:20:06,1:46:12,599,male 40-44,EGY,2169,sportstats
T100 Triathlon World Tour - Dubai,2024-11-17,T100,100000,Matt Grant,4:59:14,0:43:15,2:23:25,1:40:15,600,male 30-34,ARE,2141,sportstats
T100 Triathlon World Tour - Dubai,2024-11-17,T100,100000,Aleksandra Denezhkina,4:59:14,0:44:53,2:16:44,1:32:16,601,female 35-39,RUS,2003,sportstats
T100 Triathlon World Tour - Dubai,2024-11-17,T100,100000,Nadine Jamali,4:59:16,0:38:46,2:25:40,1:46:25,602,female 35-39,ARE,1301,sportstats
T100 Triathlon World Tour - Dubai,2024-11-17,T100,100000,Rustam Gaitov,4:59:16,0:48:22,2:18:57,1:38:44,603,male 40-44,KAZ,2096,sportstats
T100 Triathlon World Tour - Dubai,2024-11-17,T100,100000,Roan Kotze,4:59:19,0:39:46,2:21:29,1:48:45,604,male 30-34,ARE,2338,sportstats
T100 Triathlon World Tour - Dubai,2024-11-17,T100,100000,Eirian Morris,4:59:23,0:39:20,2:21:28,1:48:38,605,male 45-49,ARE,1428,sportstats
T100 Triathlon World Tour - Dubai,2024-11-17,T100,100000,Alexander Fedorov Li,4:59:24,0:43:58,2:11:11,1:53:55,606,male 60-64,ARE,2067,sportstats
T100 Triathlon World Tour - Dubai,2024-11-17,T100,100000,Anita Green,4:59:26,0:44:38,2:28:46,1:39:24,607,female 45-49,ARE,2142,sportstats
T100 Triathlon World Tour - Dubai,2024-11-17,T100,100000,Matthew Jones,4:59:30,0:43:32,2:21:49,1:42:56,608,male 35-39,ARE,1310,sportstats
T100 Triathlon World Tour - Dubai,2024-11-17,T100,100000,Guz Dela Rosa,4:59:41,0:45:05,2:11:42,1:52:43,609,male 40-44,USA,1998,sportstats
T100 Triathlon World Tour - Dubai,2024-11-17,T100,100000,Rania Ben Hassouna,4:59:43,0:41:23,2:22:32,1:45:51,610,female 30-34,ARE,1088,sportstats
T100 Triathlon World Tour - Dubai,2024-11-17,T100,100000,Mandy Muller,4:59:45,0:42:19,2:18:47,1:50:37,611,female 40-44,ARE,1437,sportstats
T100 Triathlon World Tour - Dubai,2024-11-17,T100,100000,Emilia Ohrtmann,4:59:49,0:42:57,2:28:14,1:39:44,612,female 45-49,ARE,2529,sportstats
T100 Triathlon World Tour - Dubai,2024-11-17,T100,100000,May Rahima,4:59:53,0:49:42,2:19:39,1:40:51,613,female 40-44,ARE,1514,sportstats
T100 Triathlon World Tour - Dubai,2024-11-17,T100,100000,David De Lara,4:59:53,0:38:29,2:24:31,1:47:53,614,male 50-54,ARE,1176,sportstats
T100 Triathlon World Tour - Dubai,2024-11-17,T100,100000,Antonio Bastidas,5:00:00,0:47:24,2:27:04,1:37:29,615,male 45-49,ARE,1839,sportstats
T100 Triathlon World Tour - Dubai,2024-11-17,T100,100000,Adam Ilton,5:00:00,0:41:54,2:32:11,1:34:41,616,male 40-44,OMN,2219,sportstats
T100 Triathlon World Tour - Dubai,2024-11-17,T100,100000,Luis Estrella,5:00:04,0:41:53,2:14:58,1:51:20,617,male 45-49,ARE,1220,sportstats
T100 Triathlon World Tour - Dubai,2024-11-17,T100,100000,Lauren Kennedy,5:00:06,0:42:31,2:22:48,1:45:55,618,female 50-54,ARE,2295,sportstats
T100 Triathlon World Tour - Dubai,2024-11-17,T100,100000,Serhat San,5:00:09,0:49:10,2:15:59,1:42:18,619,male 35-39,ARE,1543,sportstats
T100 Triathlon World Tour - Dubai,2024-11-17,T100,100000,Andrew Ellis,5:00:11,0:43:28,2:11:27,1:56:18,620,male 40-44,ARE,1208,sportstats
T100 Triathlon World Tour - Dubai,2024-11-17,T100,100000,David Lepper,5:00:24,0:42:18,2:14:31,1:53:25,621,male 55-59,ARE,1356,sportstats
T100 Triathlon World Tour - Dubai,2024-11-17,T100,100000,Arron Robertson,5:00:27,0:32:42,2:15:03,2:03:48,622,male 55-59,SAU,2633,sportstats
T100 Triathlon World Tour - Dubai,2024-11-17,T100,100000,Miranda Gahrmann,5:00:37,0:46:32,2:23:42,1:42:22,623,female 40-44,ARE,2095,sportstats
T100 Triathlon World Tour - Dubai,2024-11-17,T100,100000,Yusuf Rahman,5:00:41,0:45:34,2:24:34,1:41:04,624,male 30-34,ARE,2601,sportstats
T100 Triathlon World Tour - Dubai,2024-11-17,T100,100000,Kim Johansson,5:00:49,0:49:57,2:14:29,1:47:58,625,male 30-34,ARE,2244,sportstats
T100 Triathlon World Tour - Dubai,2024-11-17,T100,100000,Saad Chekhchekh,5:00:51,0:55:41,2:34:23,1:15:23,626,male 35-39,BHR,1937,sportstats
T100 Triathlon World Tour - Dubai,2024-11-17,T100,100000,Mustapha El Lemdani,5:00:54,0:38:06,2:27:32,1:43:38,627,male 35-39,BHR,2035,sportstats
T100 Triathlon World Tour - Dubai,2024-11-17,T100,100000,Sidong Tian,5:00:55,0:55:27,2:10:08,1:43:21,628,male 45-49,ARE,2800,sportstats
T100 Triathlon World Tour - Dubai,2024-11-17,T100,100000,Stephen Burke,5:00:56,0:40:42,2:35:09,1:36:11,629,male 30-34,ARE,1905,sportstats
T100 Triathlon World Tour - Dubai,2024-11-17,T100,100000,Yakov Danilevskiy,5:00:58,0:42:17,2:18:24,1:49:09,630,male 40-44,ARE,1166,sportstats
T100 Triathlon World Tour - Dubai,2024-11-17,T100,100000,Karlygash Kairbekova,5:01:05,0:47:42,2:19:40,1:41:50,631,female 40-44,KAZ,2258,sportstats
T100 Triathlon World Tour - Dubai,2024-11-17,T100,100000,Mohamed Elansary,5:01:05,0:39:59,2:14:52,1:58:55,632,male 35-39,EGY,2036,sportstats
T100 Triathlon World Tour - Dubai,2024-11-17,T100,100000,Bilel Nefzi,5:01:08,0:51:09,2:13:18,1:48:26,633,male 40-44,ARE,1449,sportstats
T100 Triathlon World Tour - Dubai,2024-11-17,T100,100000,Andrei Antipov,5:01:10,0:49:48,2:32:50,1:28:13,634,male 35-39,ARE,1788,sportstats
T100 Triathlon World Tour - Dubai,2024-11-17,T100,100000,Anton Koroviakov,5:01:13,0:40:17,2:13:12,1:54:29,635,male 25-29,ARE,2332,sportstats
T100 Triathlon World Tour - Dubai,2024-11-17,T100,100000,Josh Pyne,5:01:19,0:45:25,2:23:00,1:43:04,636,male 25-29,ARE,1512,sportstats
T100 Triathlon World Tour - Dubai,2024-11-17,T100,100000,Alexey Semakov,5:01:21,0:41:55,2:21:09,1:45:18,637,male 30-34,SGP,2700,sportstats
T100 Triathlon World Tour - Dubai,2024-11-17,T100,100000,Andrew Schultz,5:01:23,0:38:50,2:27:17,1:41:51,638,male 35-39,ARE,2688,sportstats
T100 Triathlon World Tour - Dubai,2024-11-17,T100,100000,Michelle Surjaputra,5:01:36,0:34:11,2:21:17,1:55:51,639,female 35-39,IDN,1592,sportstats
T100 Triathlon World Tour - Dubai,2024-11-17,T100,100000,Frank Schrage,5:01:46,0:51:06,2:14:09,1:43:36,640,male 40-44,NLD,2687,sportstats
T100 Triathlon World Tour - Dubai,2024-11-17,T100,100000,Rob James,5:01:54,0:48:29,2:21:47,1:40:36,641,male 40-44,ARE,1303,sportstats
T100 Triathlon World Tour - Dubai,2024-11-17,T100,100000,Sebastien Brochard,5:02:02,0:44:32,2:07:23,1:56:02,642,male 40-44,ARE,1116,sportstats
T100 Triathlon World Tour - Dubai,2024-11-17,T100,100000,Mohamed Harban,5:02:16,0:46:12,2:19:27,1:42:35,643,male 40-44,BHR,2176,sportstats
T100 Triathlon World Tour - Dubai,2024-11-17,T100,100000,Nicolas Gresser,5:02:17,0:51:36,2:13:12,1:46:59,644,male 40-44,ARE,1266,sportstats
T100 Triathlon World Tour - Dubai,2024-11-17,T100,100000,Bryony Pospodinis,5:02:17,0:38:59,2:23:04,1:52:58,645,female 35-39,ARE,1504,sportstats
T100 Triathlon World Tour - Dubai,2024-11-17,T100,100000,Saleh Alhammadi,5:02:17,0:47:45,2:28:08,1:35:46,646,male 35-39,ARE,2933,sportstats
T100 Triathlon World Tour - Dubai,2024-11-17,T100,100000,Stewart Arbuckle,5:02:21,0:47:55,2:10:48,1:54:13,647,male 55-59,ARE,1059,sportstats
T100 Triathlon World Tour - Dubai,2024-11-17,T100,100000,Mirna Marovic,5:02:24,0:44:56,2:27:43,1:40:28,648,female 50-54,HRV,1393,sportstats
T100 Triathlon World Tour - Dubai,2024-11-17,T100,100000,Emma Horner,5:02:27,0:43:30,2:25:02,1:46:20,649,female 45-49,ARE,1289,sportstats
T100 Triathlon World Tour - Dubai,2024-11-17,T100,100000,Ignacio Garcia,5:02:29,0:44:56,2:27:40,1:40:28,650,male 55-59,ARE,2105,sportstats
T100 Triathlon World Tour - Dubai,2024-11-17,T100,100000,Tim Rigby,5:02:30,0:48:34,2:19:28,1:44:14,651,male 40-44,ARE,2626,sportstats
T100 Triathlon World Tour - Dubai,2024-11-17,T100,100000,Isabella Ghassemi-Smith,5:02:33,0:37:48,2:32:10,1:42:03,652,female 25-29,ARE,2118,sportstats
T100 Triathlon World Tour - Dubai,2024-11-17,T100,100000,Janene Carey,5:02:35,0:42:22,2:35:00,1:35:12,653,female 50-54,ZAF,1922,sportstats
T100 Triathlon World Tour - Dubai,2024-11-17,T100,100000,Severine Durier,5:02:41,0:41:37,2:25:38,1:48:45,654,female 50-54,ARE,2024,sportstats
T100 Triathlon World Tour - Dubai,2024-11-17,T100,100000,Andre Unland,5:02:45,0:45:54,2:14:48,1:52:40,655,male 50-54,ARE,1622,sportstats
T100 Triathlon World Tour - Dubai,2024-11-17,T100,100000,Cameron Bain,5:02:54,0:42:04,2:09:57,1:59:12,656,male 30-34,QAT,1821,sportstats
T100 Triathlon World Tour - Dubai,2024-11-17,T100,100000,Angus Maxfield,5:02:54,0:37:59,2:25:50,1:45:18,657,male 25-29,ARE,2436,sportstats
T100 Triathlon World Tour - Dubai,2024-11-17,T100,100000,Karim Felix,5:03:00,0:36:26,2:14:49,2:03:08,658,male 45-49,ARE,1230,sportstats
T100 Triathlon World Tour - Dubai,2024-11-17,T100,100000,Saad Akhtar,5:03:04,0:53:29,2:28:02,1:28:58,659,male 30-34,ARE,1694,sportstats
T100 Triathlon World Tour - Dubai,2024-11-17,T100,100000,Meryl Sarrazin,5:03:04,0:42:17,2:28:38,1:41:55,660,male 35-39,ARE,2679,sportstats
T100 Triathlon World Tour - Dubai,2024-11-17,T100,100000,Remi Brabant,5:03:05,0:45:15,2:25:38,1:41:40,661,male 45-49,USA,1881,sportstats
T100 Triathlon World Tour - Dubai,2024-11-17,T100,100000,Yan Bechet,5:03:13,0:47:03,2:14:04,1:52:48,662,male 45-49,ARE,1846,sportstats
T100 Triathlon World Tour - Dubai,2024-11-17,T100,100000,Jamie Ireland,5:03:15,0:40:56,2:24:48,1:43:51,663,male 45-49,ARE,1299,sportstats
T100 Triathlon World Tour - Dubai,2024-11-17,T100,100000,Alexander Bautista,5:03:21,0:39:00,2:30:50,1:44:49,664,male 55-59,ARE,1841,sportstats
T100 Triathlon World Tour - Dubai,2024-11-17,T100,100000,Andrew Key,5:03:23,0:53:24,2:10:52,1:44:13,665,male 50-54,ARE,2298,sportstats
T100 Triathlon World Tour - Dubai,2024-11-17,T100,100000,Gus Robertson,5:03:24,0:48:02,2:14:15,1:52:18,666,male 35-39,ARE,2636,sportstats
T100 Triathlon World Tour - Dubai,2024-11-17,T100,100000,Jerome Verdier,5:03:28,0:42:57,2:18:25,1:51:34,667,male 40-44,ARE,1632,sportstats
T100 Triathlon World Tour - Dubai,2024-11-17,T100,100000,Farshad Jafari,5:03:31,0:45:51,2:16:53,1:46:40,668,male 35-39,ARE,2236,sportstats
T100 Triathlon World Tour - Dubai,2024-11-17,T100,100000,Ali Beljafla,5:03:31,0:58:38,2:18:39,1:36:19,669,male 30-34,ARE,2949,sportstats
T100 Triathlon World Tour - Dubai,2024-11-17,T100,100000,Katherine Schofield,5:03:36,0:39:48,2:38:22,1:37:24,670,female 35-39,ARE,1554,sportstats
T100 Triathlon World Tour - Dubai,2024-11-17,T100,100000,Noha Abouzeid,5:03:40,0:33:29,2:48:42,1:32:43,671,female 30-34,EGY,1683,sportstats
T100 Triathlon World Tour - Dubai,2024-11-17,T100,100000,Marko Lukovic,5:03:43,0:40:39,2:18:01,1:53:42,672,male 35-39,ARE,2394,sportstats
T100 Triathlon World Tour - Dubai,2024-11-17,T100,100000,Karim Hwaidak,5:03:47,0:40:03,2:31:05,1:44:09,673,male 40-44,EGY,2213,sportstats
T100 Triathlon World Tour - Dubai,2024-11-17,T100,100000,Mohammed Alqassimi,5:03:51,0:46:36,2:21:15,1:41:32,674,male 40-44,ARE,1046,sportstats
T100 Triathlon World Tour - Dubai,2024-11-17,T100,100000,Derek King,5:03:54,0:48:08,2:21:21,1:44:39,675,male 45-49,GBR,1332,sportstats
T100 Triathlon World Tour - Dubai,2024-11-17,T100,100000,Sebastien Ferreira,5:03:55,0:43:29,2:16:19,1:52:07,676,male 50-54,ARE,1234,sportstats
T100 Triathlon World Tour - Dubai,2024-11-17,T100,100000,Hannah Astley,5:04:02,0:42:32,2:24:56,1:47:56,677,female 25-29,ARE,1067,sportstats
T100 Triathlon World Tour - Dubai,2024-11-17,T100,100000,Jorge Guil,5:04:07,0:44:47,2:32:39,1:34:43,678,male 40-44,ARE,1274,sportstats
T100 Triathlon World Tour - Dubai,2024-11-17,T100,100000,Yousuf Al Hashimi,5:04:10,0:40:12,2:28:41,1:43:21,679,male 18-24,ARE,1017,sportstats
T100 Triathlon World Tour - Dubai,2024-11-17,T100,100000,David Butler,5:04:18,0:48:14,2:18:16,1:49:05,680,male 40-44,ARE,1909,sportstats
T100 Triathlon World Tour - Dubai,2024-11-17,T100,100000,Jennifer Moore,5:04:22,0:44:00,2:24:55,1:47:42,681,female 40-44,ARE,1421,sportstats
T100 Triathlon World Tour - Dubai,2024-11-17,T100,100000,Nan Li,5:04:34,0:43:05,2:21:31,1:48:47,682,male 45-49,ARE,1361,sportstats
T100 Triathlon World Tour - Dubai,2024-11-17,T100,100000,Gevorg Gharagebakyan,5:04:35,0:47:48,2:18:28,1:46:33,683,male 35-39,ARE,2117,sportstats
T100 Triathlon World Tour - Dubai,2024-11-17,T100,100000,Khalid Mahyo,5:04:39,0:39:29,2:26:36,1:48:08,684,male 25-29,ARE,1381,sportstats
T100 Triathlon World Tour - Dubai,2024-11-17,T100,100000,Mathias Henderson,5:04:40,0:42:43,2:21:17,1:48:00,685,male 30-34,ARE,1283,sportstats
T100 Triathlon World Tour - Dubai,2024-11-17,T100,100000,Anton Ananiev,5:04:44,0:44:53,2:21:09,1:49:13,686,male 45-49,RUS,2937,sportstats
T100 Triathlon World Tour - Dubai,2024-11-17,T100,100000,Caitlin Pickles,5:04:46,0:38:24,2:21:12,1:56:05,687,female 30-34,ARE,1497,sportstats
T100 Triathlon World Tour - Dubai,2024-11-17,T100,100000,Daniela Schoeppner,5:04:58,0:46:00,2:22:27,1:48:39,688,female 40-44,ARE,2686,sportstats
T100 Triathlon World Tour - Dubai,2024-11-17,T100,100000,Kelly Kasperczyk,5:04:58,0:44:24,2:27:12,1:40:15,689,female 40-44,ARE,2281,sportstats
T100 Triathlon World Tour - Dubai,2024-11-17,T100,100000,Abdelkrim Jamli,5:05:10,0:50:40,2:19:36,1:44:50,690,male 35-39,FRA,1304,sportstats
T100 Triathlon World Tour - Dubai,2024-11-17,T100,100000,Petra Aitken,5:05:11,0:43:12,2:16:48,1:52:56,691,female 35-39,ARE,1693,sportstats
T100 Triathlon World Tour - Dubai,2024-11-17,T100,100000,Marcus Parkin,5:05:13,0:51:54,2:20:42,1:40:53,692,male 35-39,QAT,2556,sportstats
T100 Triathlon World Tour - Dubai,2024-11-17,T100,100000,Julien Pilard,5:05:19,0:41:29,2:19:43,1:55:28,693,male 40-44,ARE,2579,sportstats
T100 Triathlon World Tour - Dubai,2024-11-17,T100,100000,Marlon Medina,5:05:24,0:44:07,2:19:08,1:51:29,694,male 40-44,ARE,1407,sportstats
T100 Triathlon World Tour - Dubai,2024-11-17,T100,100000,Benjamin Salama,5:05:28,0:42:01,2:20:35,1:52:08,695,male 25-29,FRA,2663,sportstats
T100 Triathlon World Tour - Dubai,2024-11-17,T100,100000,Chris Bailey,5:05:40,0:39:18,2:20:30,1:54:49,696,male 35-39,ARE,1819,sportstats
T100 Triathlon World Tour - Dubai,2024-11-17,T100,100000,Damien Rossignol,5:05:43,0:42:22,2:16:30,1:58:15,697,male 50-54,ARE,1534,sportstats
T100 Triathlon World Tour - Dubai,2024-11-17,T100,100000,Vadim Iakovlev,5:05:49,0:37:59,2:16:12,2:03:22,698,male 30-34,ARE,2215,sportstats
T100 Triathlon World Tour - Dubai,2024-11-17,T100,100000,Andrew Parker,5:05:55,0:47:05,2:24:32,1:39:47,699,male 45-49,ARE,2555,sportstats
T100 Triathlon World Tour - Dubai,2024-11-17,T100,100000,Robbie Ferag,5:06:05,0:41:25,2:17:57,1:58:40,700,male 35-39,ARE,1231,sportstats
T100 Triathlon World Tour - Dubai,2024-11-17,T100,100000,Stephan Hensel,5:06:21,0:54:26,2:24:55,1:37:24,701,male 50-54,ARE,2193,sportstats
T100 Triathlon World Tour - Dubai,2024-11-17,T100,100000,Ali Khoder,5:06:24,0:41:26,2:11:53,2:00:55,702,male 35-39,ARE,2307,sportstats
T100 Triathlon World Tour - Dubai,2024-11-17,T100,100000,Dzhonni Shakryl,5:06:27,0:39:59,2:19:19,1:58:24,703,male 30-34,ARE,2708,sportstats
T100 Triathlon World Tour - Dubai,2024-11-17,T100,100000,Henry Warren-Jones,5:06:28,0:39:46,2:23:54,1:48:22,704,male 30-34,GBR,2869,sportstats
T100 Triathlon World Tour - Dubai,2024-11-17,T100,100000,Raymond Kisswany,5:06:38,0:51:10,2:27:11,1:28:56,705,male 40-44,ARE,2316,sportstats
T100 Triathlon World Tour - Dubai,2024-11-17,T100,100000,Khaled Chiboub,5:06:49,0:45:33,2:30:29,1:39:16,706,male 30-34,ARE,1940,sportstats
T100 Triathlon World Tour - Dubai,2024-11-17,T100,100000,Francisco Malpica,5:06:51,0:58:40,2:19:41,1:39:57,707,male 35-39,ARE,2415,sportstats
T100 Triathlon World Tour - Dubai,2024-11-17,T100,100000,Humaid Alghandi,5:06:52,0:39:31,2:19:11,1:59:00,708,male 55-59,ARE,1027,sportstats
T100 Triathlon World Tour - Dubai,2024-11-17,T100,100000,Angel Barbancho,5:06:54,0:41:01,2:10:30,2:05:42,709,male 45-49,ARE,1078,sportstats
T100 Triathlon World Tour - Dubai,2024-11-17,T100,100000,Anna McGuire,5:06:58,0:43:22,2:40:07,1:34:10,710,female 25-29,ARE,2441,sportstats
T100 Triathlon World Tour - Dubai,2024-11-17,T100,100000,Arnaud Kinzinger,5:07:00,0:45:58,2:22:24,1:48:17,711,male 35-39,ARE,2314,sportstats
T100 Triathlon World Tour - Dubai,2024-11-17,T100,100000,Gerry Morales,5:07:03,0:39:50,2:17:12,2:00:24,712,male 45-49,ARE,2476,sportstats
T100 Triathlon World Tour - Dubai,2024-11-17,T100,100000,Hannah Dean,5:07:08,0:32:56,2:34:23,1:48:19,713,female 35-39,ARE,1181,sportstats
T100 Triathlon World Tour - Dubai,2024-11-17,T100,100000,Hussam Bataineh,5:07:11,0:58:35,2:16:25,1:44:49,714,male 35-39,ARE,1840,sportstats
T100 Triathlon World Tour - Dubai,2024-11-17,T100,100000,Stefanie Trombetta,5:07:15,0:42:33,2:29:54,1:46:18,715,female 40-44,ARE,2814,sportstats
T100 Triathlon World Tour - Dubai,2024-11-17,T100,100000,Yury Osipov,5:07:34,0:48:04,2:28:16,1:40:57,716,male 40-44,ARE,2538,sportstats
T100 Triathlon World Tour - Dubai,2024-11-17,T100,100000,Ian Faulkner,5:07:34,0:35:00,2:22:09,2:00:23,717,male 45-49,ARE,2065,sportstats
T100 Triathlon World Tour - Dubai,2024-11-17,T100,100000,Stephane Brismontier,5:07:39,0:49:06,2:17:25,1:52:26,718,male 50-54,ARE,1889,sportstats
T100 Triathlon World Tour - Dubai,2024-11-17,T100,100000,Mohamed Anwar,5:07:44,0:41:48,2:14:18,2:00:40,719,male 35-39,ARE,1058,sportstats
T100 Triathlon World Tour - Dubai,2024-11-17,T100,100000,Wissam Hajjar,5:07:46,0:43:03,2:11:14,2:00:20,720,male 40-44,ARE,2164,sportstats
T100 Triathlon World Tour - Dubai,2024-11-17,T100,100000,Gerard Kein Palmero,5:08:07,0:48:35,2:24:42,1:42:25,721,male 35-39,ARE,2545,sportstats
T100 Triathlon World Tour - Dubai,2024-11-17,T100,100000,Hywel White,5:08:12,0:42:02,2:33:08,1:41:44,722,male 50-54,ARE,2885,sportstats
T100 Triathlon World Tour - Dubai,2024-11-17,T100,100000,Asma Aljanahi,5:08:20,0:47:24,2:29:59,1:38:12,723,female 30-34,ARE,1036,sportstats
T100 Triathlon World Tour - Dubai,2024-11-17,T100,100000,Zaid Al Lawati,5:08:21,0:44:57,2:15:12,1:58:56,724,male 30-34,OMN,1703,sportstats
T100 Triathlon World Tour - Dubai,2024-11-17,T100,100000,Ben Tubey,5:08:23,0:52:02,2:07:41,1:54:42,725,male 50-54,GBR,2820,sportstats
T100 Triathlon World Tour - Dubai,2024-11-17,T100,100000,Jerome Le Jehan,5:08:33,0:47:49,2:16:19,1:54:57,726,male 40-44,ARE,2371,sportstats
T100 Triathlon World Tour - Dubai,2024-11-17,T100,100000,Karl Abucayon,5:08:34,0:42:40,2:22:45,1:51:44,727,male 30-34,ARE,1686,sportstats
T100 Triathlon World Tour - Dubai,2024-11-17,T100,100000,Fiona Brenninkmeijer,5:08:35,0:39:45,2:27:19,1:51:48,728,female 60-64,ARE,1112,sportstats
T100 Triathlon World Tour - Dubai,2024-11-17,T100,100000,Melissa Claridge,5:08:44,0:39:19,2:26:01,1:55:45,729,female 30-34,ARE,1148,sportstats
T100 Triathlon World Tour - Dubai,2024-11-17,T100,100000,Aine Coleman,5:08:50,0:42:07,2:34:45,1:43:34,730,female 30-34,ARE,1955,sportstats
T100 Triathlon World Tour - Dubai,2024-11-17,T100,100000,Andriy Avramenko,5:08:55,0:52:20,2:18:22,1:47:53,731,male 40-44,GBR,1069,sportstats
T100 Triathlon World Tour - Dubai,2024-11-17,T100,100000,Sherif Tawfek,5:08:58,0:46:56,2:31:54,1:39:01,732,male 45-49,EGY,2781,sportstats
T100 Triathlon World Tour - Dubai,2024-11-17,T100,100000,Marty Smith,5:08:59,0:54:16,2:20:55,1:38:02,733,male 55-59,GBR,2738,sportstats
T100 Triathlon World Tour - Dubai,2024-11-17,T100,100000,Omar Guitoune,5:09:00,1:00:45,2:35:40,1:24:07,734,male 35-39,FRA,2151,sportstats
T100 Triathlon World Tour - Dubai,2024-11-17,T100,100000,Russell Burgess,5:09:03,0:38:26,2:20:54,2:01:28,735,male 45-49,ARE,1904,sportstats
T100 Triathlon World Tour - Dubai,2024-11-17,T100,100000,Alfred Kassab,5:09:03,0:42:05,2:16:44,1:59:00,736,male 35-39,ARE,1321,sportstats
T100 Triathlon World Tour - Dubai,2024-11-17,T100,100000,Yas Khan,5:09:05,0:50:25,2:24:23,1:42:41,737,male 45-49,ARE,2304,sportstats
T100 Triathlon World Tour - Dubai,2024-11-17,T100,100000,Eslam Shawky,5:09:12,0:38:06,2:33:37,1:43:08,738,male 30-34,EGY,2950,sportstats
T100 Triathlon World Tour - Dubai,2024-11-17,T100,100000,David Alvarez Garcia,5:09:22,0:45:38,2:17:54,1:53:26,739,male 40-44,MLT,1054,sportstats
T100 Triathlon World Tour - Dubai,2024-11-17,T100,100000,Maria Szmidt,5:09:34,0:43:32,2:22:30,1:44:58,740,female 30-34,POL,2774,sportstats
T100 Triathlon World Tour - Dubai,2024-11-17,T100,100000,Artur Aminev,5:09:36,0:43:09,2:11:34,2:05:52,741,male 35-39,RUS,2941,sportstats
T100 Triathlon World Tour - Dubai,2024-11-17,T100,100000,Kim Jelmoni,5:09:41,0:33:53,2:16:28,2:10:37,742,male 50-54,CHE,1306,sportstats
T100 Triathlon World Tour - Dubai,2024-11-17,T100,100000,Edward Gaynor,5:09:48,0:42:44,2:22:41,1:54:00,743,male 35-39,ARE,2111,sportstats
T100 Triathlon World Tour - Dubai,2024-11-17,T100,100000,Steven Ophof,5:09:56,0:49:25,2:29:23,1:41:01,744,male 40-44,ARE,2535,sportstats
T100 Triathlon World Tour - Dubai,2024-11-17,T100,100000,James Lepper,5:10:06,0:36:12,2:21:13,2:04:54,745,male 18-24,ARE,1355,sportstats
T100 Triathlon World Tour - Dubai,2024-11-17,T100,100000,Benjamin Smith,5:10:07,0:43:13,2:27:14,1:48:24,746,male 40-44,ARE,2737,sportstats
T100 Triathlon World Tour - Dubai,2024-11-17,T100,100000,Richard Dela Cruz,5:10:08,0:57:31,2:21:11,1:41:49,747,male 45-49,ARE,1183,sportstats
T100 Triathlon World Tour - Dubai,2024-11-17,T100,100000,Tang Peng Hock Jerry,5:10:09,0:43:48,2:13:26,1:58:13,748,male 50-54,HKG,2567,sportstats
T100 Triathlon World Tour - Dubai,2024-11-17,T100,100000,Eizar Teologio,5:10:10,0:56:19,2:26:37,1:35:08,749,male 40-44,ARE,1608,sportstats
T100 Triathlon World Tour - Dubai,2024-11-17,T100,100000,Ahmed Helmy,5:10:16,0:50:07,2:28:57,1:37:28,750,male 30-34,EGY,2189,sportstats
T100 Triathlon World Tour - Dubai,2024-11-17,T100,100000,Waleed Aljamaan,5:10:17,0:48:04,2:27:01,1:41:50,751,male 45-49,SAU,1741,sportstats
T100 Triathlon World Tour - Dubai,2024-11-17,T100,100000,Jamie McLeod,5:10:20,1:00:56,2:10:00,1:49:20,752,male 50-54,ARE,2443,sportstats
T100 Triathlon World Tour - Dubai,2024-11-17,T100,100000,Akin Bagcilar,5:10:24,0:37:36,2:13:14,2:05:39,753,male 40-44,ARE,1814,sportstats
T100 Triathlon World Tour - Dubai,2024-11-17,T100,100000,Neil McLennan,5:10:25,0:45:19,2:13:08,2:03:51,754,male 40-44,ARE,1404,sportstats
T100 Triathlon World Tour - Dubai,2024-11-17,T100,100000,Ahmed Elfayoumi,5:10:34,0:41:31,2:34:37,1:42:52,755,male 45-49,KWT,2038,sportstats
T100 Triathlon World Tour - Dubai,2024-11-17,T100,100000,Daniel Forster,5:10:35,0:44:16,2:23:55,1:53:47,756,male 40-44,ARE,2082,sportstats
T100 Triathlon World Tour - Dubai,2024-11-17,T100,100000,Callum McGuigan,5:10:36,0:37:43,2:26:26,1:55:17,757,male 30-34,HKG,2440,sportstats
T100 Triathlon World Tour - Dubai,2024-11-17,T100,100000,Junry Casul,5:10:38,0:51:25,2:23:02,1:48:18,758,male 40-44,ARE,1928,sportstats
T100 Triathlon World Tour - Dubai,2024-11-17,T100,100000,Nataniel Benares,5:10:42,0:43:28,2:24:54,1:54:02,759,male 45-49,QAT,1852,sportstats
T100 Triathlon World Tour - Dubai,2024-11-17,T100,100000,Jessica Mant,5:10:43,0:44:31,2:32:53,1:40:23,760,female 35-39,ARE,2418,sportstats
T100 Triathlon World Tour - Dubai,2024-11-17,T100,100000,Christopher Lee,5:10:44,0:43:51,2:07:36,2:08:31,761,male 50-54,HKG,2376,sportstats
T100 Triathlon World Tour - Dubai,2024-11-17,T100,100000,Jordan Laurans,5:10:45,0:49:12,2:25:44,1:47:17,762,male 35-39,ARE,2366,sportstats
T100 Triathlon World Tour - Dubai,2024-11-17,T100,100000,Fareed Al Hinai,5:10:47,0:53:26,2:21:49,1:45:27,763,male 50-54,OMN,1018,sportstats
T100 Triathlon World Tour - Dubai,2024-11-17,T100,100000,Rinat Khamitov,5:11:01,0:45:45,2:24:09,1:50:58,764,male 35-39,UZB,2303,sportstats
T100 Triathlon World Tour - Dubai,2024-11-17,T100,100000,Philip Stolk,5:11:03,0:48:00,2:20:02,1:55:17,765,male 50-54,ARE,1586,sportstats
T100 Triathlon World Tour - Dubai,2024-11-17,T100,100000,Satheesh Gopinathu,5:11:08,0:49:17,2:32:47,1:34:47,766,male 35-39,ARE,2131,sportstats
T100 Triathlon World Tour - Dubai,2024-11-17,T100,100000,Miguel Silva,5:11:24,0:46:16,2:22:36,1:47:32,767,male 35-39,ARE,1570,sportstats
T100 Triathlon World Tour - Dubai,2024-11-17,T100,100000,Ahmed Fahmy,5:11:37,0:36:23,2:22:32,2:02:07,768,male 40-44,EGY,2058,sportstats
T100 Triathlon World Tour - Dubai,2024-11-17,T100,100000,Kathryn Keiller,5:11:42,0:46:35,2:29:40,1:45:34,769,female 30-34,ARE,2290,sportstats
T100 Triathlon World Tour - Dubai,2024-11-17,T100,100000,Nicholas Alford,5:11:50,0:38:49,2:22:49,1:57:19,770,male 55-59,ARE,1732,sportstats
T100 Triathlon World Tour - Dubai,2024-11-17,T100,100000,Erik Panic,5:11:50,0:44:39,2:16:22,1:58:06,771,male 45-49,SVN,1478,sportstats
T100 Triathlon World Tour - Dubai,2024-11-17,T100,100000,Malgorzata Chojnacka,5:11:52,0:46:18,2:28:12,1:46:46,772,female 55-59,POL,1942,sportstats
T100 Triathlon World Tour - Dubai,2024-11-17,T100,100000,Ludmila Lobo,5:11:59,0:38:21,2:34:18,1:47:25,773,female 40-44,ARE,2380,sportstats
T100 Triathlon World Tour - Dubai,2024-11-17,T100,100000,Dominic Holt,5:12:01,0:40:46,2:15:03,2:06:34,774,male 55-59,ARE,1287,sportstats
T100 Triathlon World Tour - Dubai,2024-11-17,T100,100000,Antoine Vignon,5:12:06,0:47:01,2:22:06,1:54:40,775,male 40-44,ARE,1635,sportstats
T100 Triathlon World Tour - Dubai,2024-11-17,T100,100000,Marwa El Masri,5:12:08,0:50:03,2:23:05,1:49:07,776,female 30-34,ARE,1203,sportstats
T100 Triathlon World Tour - Dubai,2024-11-17,T100,100000,Josh Riding,5:12:12,0:42:51,2:22:11,1:56:35,777,male 30-34,ARE,2625,sportstats
T100 Triathlon World Tour - Dubai,2024-11-17,T100,100000,Austen Smith,5:12:15,0:49:10,2:15:12,1:58:27,778,male 45-49,ARE,1577,sportstats
T100 Triathlon World Tour - Dubai,2024-11-17,T100,100000,Luke Schultz,5:12:16,0:46:37,2:33:16,1:41:19,779,male 40-44,GBR,2689,sportstats
T100 Triathlon World Tour - Dubai,2024-11-17,T100,100000,John Paul Banaria,5:12:17,0:47:35,2:28:48,1:41:50,780,male 35-39,ARE,1826,sportstats
T100 Triathlon World Tour - Dubai,2024-11-17,T100,100000,Lerish Boshoff,5:12:25,0:40:24,2:37:24,1:45:44,781,male 30-34,ARE,1105,sportstats
T100 Triathlon World Tour - Dubai,2024-11-17,T100,100000,Ahmed Youssef,5:12:28,0:46:14,2:27:15,1:46:46,782,male 45-49,EGY,2910,sportstats
T100 Triathlon World Tour - Dubai,2024-11-17,T100,100000,Colm Oneill,5:12:42,0:45:06,2:28:23,1:46:58,783,male 30-34,ARE,2534,sportstats
T100 Triathlon World Tour - Dubai,2024-11-17,T100,100000,Joao Nunes,5:12:46,0:44:56,2:15:42,1:59:08,784,male 35-39,ARE,2521,sportstats
T100 Triathlon World Tour - Dubai,2024-11-17,T100,100000,Brielle Cass,5:12:50,0:38:54,2:35:17,1:48:46,785,female 40-44,ARE,1927,sportstats
T100 Triathlon World Tour - Dubai,2024-11-17,T100,100000,Magdalena Morup,5:12:51,0:46:02,2:30:48,1:46:04,786,female 40-44,ARE,1430,sportstats
T100 Triathlon World Tour - Dubai,2024-11-17,T100,100000,Usman Bhadelia,5:12:53,0:55:29,2:12:43,1:52:13,787,male 25-29,IND,1859,sportstats
T100 Triathlon World Tour - Dubai,2024-11-17,T100,100000,Eliot Brown,5:13:17,0:51:33,2:12:19,2:00:20,788,male 30-34,ARE,1894,sportstats
T100 Triathlon World Tour - Dubai,2024-11-17,T100,100000,Wafaa Talaat,5:13:31,0:39:57,2:38:44,1:46:03,789,female 25-29,EGY,2956,sportstats
T100 Triathlon World Tour - Dubai,2024-11-17,T100,100000,Vanda Zebrakova,5:13:37,0:46:05,2:27:01,1:46:59,790,female 35-39,ARE,1667,sportstats
T100 Triathlon World Tour - Dubai,2024-11-17,T100,100000,Gordon Ohrtmann,5:13:37,0:43:29,2:14:38,2:06:17,791,male 45-49,ARE,2528,sportstats
T100 Triathlon World Tour - Dubai,2024-11-17,T100,100000,Reymond Kelvin Dula,5:14:03,0:37:46,2:18:00,2:06:48,792,male 40-44,ARE,2023,sportstats
T100 Triathlon World Tour - Dubai,2024-11-17,T100,100000,Oleg Zaitsev,5:14:08,0:47:11,2:20:47,1:52:18,793,male 50-54,RUS,2912,sportstats
T100 Triathlon World Tour - Dubai,2024-11-17,T100,100000,Michel Yaacoub,5:14:13,0:44:34,2:22:09,1:55:54,794,male 40-44,ARE,2906,sportstats
T100 Triathlon World Tour - Dubai,2024-11-17,T100,100000,Nastasha Van Staden,5:14:13,0:42:01,2:31:01,1:52:54,795,female 30-34,ARE,2841,sportstats
T100 Triathlon World Tour - Dubai,2024-11-17,T100,100000,Lottie Carter,5:14:15,0:41:43,2:32:14,1:49:38,796,female 25-29,GBR,1924,sportstats
T100 Triathlon World Tour - Dubai,2024-11-17,T100,100000,Ewan Simpson,5:14:15,0:42:14,2:20:48,1:54:06,797,male 35-39,ARE,2726,sportstats
T100 Triathlon World Tour - Dubai,2024-11-17,T100,100000,Adrien Navarro,5:14:21,0:38:26,2:27:28,1:56:28,798,male 35-39,ARE,1448,sportstats
T100 Triathlon World Tour - Dubai,2024-11-17,T100,100000,Ali Refaat,5:14:29,0:40:06,2:18:49,2:05:59,799,male 30-34,ARE,1520,sportstats
T100 Triathlon World Tour - Dubai,2024-11-17,T100,100000,Jafar Dajani,5:14:30,0:59:58,2:07:24,1:57:43,800,male 45-49,ARE,1165,sportstats
T100 Triathlon World Tour - Dubai,2024-11-17,T100,100000,Andrey Mikheev,5:14:31,0:47:58,2:21:28,1:54:30,801,male 50-54,RUS,2464,sportstats
T100 Triathlon World Tour - Dubai,2024-11-17,T100,100000,Abdelouahed El Bied,5:14:32,0:43:40,2:13:58,2:04:06,802,male 35-39,ARE,1200,sportstats
T100 Triathlon World Tour - Dubai,2024-11-17,T100,100000,Maria Hurter,5:14:34,0:42:02,2:21:50,2:03:47,803,female 50-54,ARE,1294,sportstats
T100 Triathlon World Tour - Dubai,2024-11-17,T100,100000,Gary Condon,5:14:40,0:51:41,2:22:25,1:50:10,804,male 30-34,ARE,1956,sportstats
T100 Triathlon World Tour - Dubai,2024-11-17,T100,100000,Petra Kalan,5:14:42,0:50:01,2:23:21,1:49:55,805,female 50-54,SVN,1313,sportstats
T100 Triathlon World Tour - Dubai,2024-11-17,T100,100000,Karen Price-Lyall,5:14:53,0:34:00,2:39:19,1:51:48,806,female 45-49,ARE,2592,sportstats
T100 Triathlon World Tour - Dubai,2024-11-17,T100,100000,Piotr Dabrowski,5:14:55,0:40:04,2:17:50,2:08:10,807,male 50-54,SAU,1976,sportstats
T100 Triathlon World Tour - Dubai,2024-11-17,T100,100000,James Astley,5:15:08,0:41:01,2:18:55,2:05:28,808,male 35-39,ARE,1066,sportstats
T100 Triathlon World Tour - Dubai,2024-11-17,T100,100000,Paolo Bertolino,5:15:10,0:41:15,2:21:48,1:59:59,809,male 55-59,ITA,1090,sportstats
T100 Triathlon World Tour - Dubai,2024-11-17,T100,100000,Dieter Malleczek,5:15:13,0:45:48,2:11:01,2:09:44,810,male 55-59,ARE,2414,sportstats
T100 Triathlon World Tour - Dubai,2024-11-17,T100,100000,Khushpreet Singh Oberoi,5:15:14,0:47:08,2:06:53,2:07:11,811,male 40-44,IND,2525,sportstats
T100 Triathlon World Tour - Dubai,2024-11-17,T100,100000,Christopher Butcher,5:15:17,0:42:27,2:22:44,1:58:35,812,male 35-39,ARE,1908,sportstats
T100 Triathlon World Tour - Dubai,2024-11-17,T100,100000,Shoigu Kseniia,5:15:21,0:49:32,2:29:44,1:41:21,813,female 30-34,RUS,2345,sportstats
T100 Triathlon World Tour - Dubai,2024-11-17,T100,100000,Reem Al Harthy,5:15:24,0:46:55,2:23:27,1:54:10,814,female 35-39,OMN,1700,sportstats
T100 Triathlon World Tour - Dubai,2024-11-17,T100,100000,Paul Sullivan,5:15:42,0:41:36,2:24:54,1:58:28,815,male 35-39,ARE,2767,sportstats
T100 Triathlon World Tour - Dubai,2024-11-17,T100,100000,Dounia Karroum,5:15:49,0:52:17,2:27:57,1:46:36,816,female 40-44,DEU,2279,sportstats
T100 Triathlon World Tour - Dubai,2024-11-17,T100,100000,Taric Karroum,5:15:52,0:52:08,2:27:55,1:46:07,817,male 30-34,DEU,2278,sportstats
T100 Triathlon World Tour - Dubai,2024-11-17,T100,100000,Abdulsalam Hajeer,5:15:52,1:00:49,2:18:04,1:43:32,818,male 50-54,JOR,2163,sportstats
T100 Triathlon World Tour - Dubai,2024-11-17,T100,100000,Mohammad Alshimmari,5:16:01,0:53:23,2:21:31,1:46:56,819,male 25-29,ARE,1769,sportstats
T100 Triathlon World Tour - Dubai,2024-11-17,T100,100000,Madeline Walsh,5:16:01,0:43:53,2:14:53,2:04:50,820,female 45-49,ARE,1642,sportstats
T100 Triathlon World Tour - Dubai,2024-11-17,T100,100000,Nina Golovchanskaia,5:16:09,0:44:14,2:37:02,1:43:59,821,female 35-39,ARE,2129,sportstats
T100 Triathlon World Tour - Dubai,2024-11-17,T100,100000,Ashleigh Georgiadis,5:16:12,0:40:58,2:28:02,1:58:06,822,female 30-34,ARE,2115,sportstats
T100 Triathlon World Tour - Dubai,2024-11-17,T100,100000,Sarith Sasidharan,5:16:25,0:48:38,2:40:56,1:32:01,823,male 40-44,ARE,2680,sportstats
T100 Triathlon World Tour - Dubai,2024-11-17,T100,100000,Noli Kent Pardillo,5:16:26,0:52:44,2:30:22,1:41:54,824,male 50-54,ARE,2549,sportstats
T100 Triathlon World Tour - Dubai,2024-11-17,T100,100000,Dale Leeuw,5:16:33,0:34:53,2:30:12,2:01:51,825,male 25-29,ARE,1353,sportstats
T100 Triathlon World Tour - Dubai,2024-11-17,T100,100000,Lorenzo Patrizio Percic,5:16:34,0:44:55,2:22:36,1:59:56,826,male 35-39,ARE,2569,sportstats
T100 Triathlon World Tour - Dubai,2024-11-17,T100,100000,Ziad Burhani,5:16:35,0:50:17,2:30:29,1:41:21,827,male 30-34,ARE,1122,sportstats
T100 Triathlon World Tour - Dubai,2024-11-17,T100,100000,Kacper Kirkiewicz,5:16:43,0:43:28,2:13:48,2:07:43,828,male 30-34,POL,2315,sportstats
T100 Triathlon World Tour - Dubai,2024-11-17,T100,100000,Karl Egleton,5:16:44,0:43:39,2:24:21,2:00:14,829,male 45-49,OMN,2029,sportstats
T100 Triathlon World Tour - Dubai,2024-11-17,T100,100000,Zeyad Zohair,5:16:49,0:37:49,2:33:10,1:55:17,830,male 40-44,ARE,2926,sportstats
T100 Triathlon World Tour - Dubai,2024-11-17,T100,100000,Damir Shakirov,5:16:49,0:34:49,2:24:06,2:09:09,831,male 35-39,RUS,2707,sportstats
T100 Triathlon World Tour - Dubai,2024-11-17,T100,100000,Claire Gombault,5:16:51,0:43:47,2:28:18,1:50:39,832,female 35-39,ARE,1261,sportstats
T100 Triathlon World Tour - Dubai,2024-11-17,T100,100000,Natalia Shkurko,5:16:58,0:44:21,2:24:59,1:57:37,833,female 50-54,RUS,2718,sportstats
T100 Triathlon World Tour - Dubai,2024-11-17,T100,100000,Willum Van Den Hoogen,5:16:59,0:43:13,2:20:35,2:03:39,834,male 35-39,ARE,2837,sportstats
T100 Triathlon World Tour - Dubai,2024-11-17,T100,100000,Nataliya Wiedemeyer,5:17:04,0:47:06,2:24:13,1:57:26,835,female 40-44,ARE,2889,sportstats
T100 Triathlon World Tour - Dubai,2024-11-17,T100,100000,Omar Virguez,5:17:05,0:39:39,2:13:28,2:14:03,836,male 35-39,ARE,1637,sportstats
T100 Triathlon World Tour - Dubai,2024-11-17,T100,100000,Heiko Maris,5:17:09,0:38:17,2:05:01,2:25:00,837,male 55-59,DEU,2420,sportstats
T100 Triathlon World Tour - Dubai,2024-11-17,T100,100000,Alexander Spies,5:17:14,0:44:28,2:14:32,2:06:29,838,male 35-39,ARE,1581,sportstats
T100 Triathlon World Tour - Dubai,2024-11-17,T100,100000,Marc Maurisset,5:17:14,0:45:49,2:18:35,2:01:37,839,male 45-49,ARE,2433,sportstats
T100 Triathlon World Tour - Dubai,2024-11-17,T100,100000,Lester Calderon,5:17:31,0:50:07,2:23:01,1:53:35,840,male 40-44,QAT,1129,sportstats
T100 Triathlon World Tour - Dubai,2024-11-17,T100,100000,Alexander King,5:17:32,0:40:54,2:30:18,1:52:32,841,male 30-34,GBR,2313,sportstats
T100 Triathlon World Tour - Dubai,2024-11-17,T100,100000,Thafer Bustami,5:17:37,0:47:33,2:21:25,2:00:23,842,male 25-29,ARE,1124,sportstats
T100 Triathlon World Tour - Dubai,2024-11-17,T100,100000,Ekaterina Gedz,5:17:39,0:44:31,2:40:44,1:42:03,843,female 40-44,RUS,1247,sportstats
T100 Triathlon World Tour - Dubai,2024-11-17,T100,100000,Alessandro Guercio,5:17:43,0:42:58,2:29:28,1:56:56,844,male 30-34,ITA,2149,sportstats
T100 Triathlon World Tour - Dubai,2024-11-17,T100,100000,Neil Boyce,5:17:45,0:37:44,2:24:16,2:04:59,845,male 55-59,ZAF,1879,sportstats
T100 Triathlon World Tour - Dubai,2024-11-17,T100,100000,Jamie McConnell,5:17:50,0:44:48,2:17:36,2:03:15,846,male 35-39,ARE,1403,sportstats
T100 Triathlon World Tour - Dubai,2024-11-17,T100,100000,Tess Venter,5:17:52,0:41:05,2:24:47,2:00:37,847,female 30-34,ARE,2853,sportstats
T100 Triathlon World Tour - Dubai,2024-11-17,T100,100000,Michael Nugent,5:17:53,0:47:14,2:24:49,1:53:24,848,male 60-64,JOR,2520,sportstats
T100 Triathlon World Tour - Dubai,2024-11-17,T100,100000,Laurent De Chazeaux,5:17:54,0:36:31,2:36:45,1:53:36,849,male 50-54,ARE,1173,sportstats
T100 Triathlon World Tour - Dubai,2024-11-17,T100,100000,Yvan Lefranc Morin,5:17:59,0:43:57,2:27:40,1:54:33,850,male 40-44,ARE,2378,sportstats
T100 Triathlon World Tour - Dubai,2024-11-17,T100,100000,Mike Bruggemann,5:18:01,0:42:17,2:31:16,1:52:47,851,male 50-54,ARE,1896,sportstats
T100 Triathlon World Tour - Dubai,2024-11-17,T100,100000,Eric Remo,5:18:02,0:55:37,2:12:28,2:00:55,852,male 40-44,ARE,2619,sportstats
T100 Triathlon World Tour - Dubai,2024-11-17,T100,100000,Audrey Maurice,5:18:05,0:50:25,2:38:49,1:36:14,853,female 40-44,ARE,2431,sportstats
T100 Triathlon World Tour - Dubai,2024-11-17,T100,100000,Siddhartha Pawar,5:18:09,0:49:16,2:29:48,1:47:13,854,male 35-39,IND,2565,sportstats
T100 Triathlon World Tour - Dubai,2024-11-17,T100,100000,Sergei Sudilin,5:18:16,0:42:54,2:27:06,1:54:14,855,male 40-44,RUS,2766,sportstats
T100 Triathlon World Tour - Dubai,2024-11-17,T100,100000,Hermanus Van Eeden,5:18:28,0:45:09,2:19:29,2:02:24,856,male 30-34,ARE,1626,sportstats
T100 Triathlon World Tour - Dubai,2024-11-17,T100,100000,Lyndall Jensen,5:18:36,0:40:00,2:34:44,1:55:25,857,female 35-39,QAT,2243,sportstats
T100 Triathlon World Tour - Dubai,2024-11-17,T100,100000,Jacobus Jong,5:18:47,0:48:46,2:34:44,1:39:42,858,male 35-39,ARE,2251,sportstats
T100 Triathlon World Tour - Dubai,2024-11-17,T100,100000,Marton Trencseni,5:18:50,0:43:19,2:19:36,1:59:57,859,male 40-44,ARE,2810,sportstats
T100 Triathlon World Tour - Dubai,2024-11-17,T100,100000,Peter Grimberg,5:18:57,0:40:52,2:29:11,1:54:00,860,male 60-64,FRA,2147,sportstats
T100 Triathlon World Tour - Dubai,2024-11-17,T100,100000,Dmitry Savelyev,5:18:59,0:39:53,2:25:57,2:01:04,861,male 40-44,ARE,2683,sportstats
T100 Triathlon World Tour - Dubai,2024-11-17,T100,100000,John Pearson,5:19:00,0:47:39,2:20:08,2:01:58,862,male 40-44,ARE,1488,sportstats
T100 Triathlon World Tour - Dubai,2024-11-17,T100,100000,Lee Ions,5:19:01,0:48:10,2:25:35,1:54:02,863,male 50-54,ARE,2223,sportstats
T100 Triathlon World Tour - Dubai,2024-11-17,T100,100000,Aiman Elsayed,5:19:03,0:51:32,2:16:36,2:02:42,864,male 40-44,QAT,2045,sportstats
T100 Triathlon World Tour - Dubai,2024-11-17,T100,100000,Mohamed Al Sharji,5:19:20,0:46:45,2:18:47,1:59:58,865,male 40-44,OMN,1708,sportstats
T100 Triathlon World Tour - Dubai,2024-11-17,T100,100000,Joanna Diffey,5:19:23,0:46:40,2:32:32,1:46:19,866,female 50-54,GBR,1186,sportstats
T100 Triathlon World Tour - Dubai,2024-11-17,T100,100000,Siddharth Ravishankar,5:19:24,0:46:01,2:26:24,1:55:53,867,male 35-39,IND,2611,sportstats
T100 Triathlon World Tour - Dubai,2024-11-17,T100,100000,Angelina Angelova,5:19:30,0:51:02,2:37:26,1:43:31,868,female 30-34,ARE,1785,sportstats
T100 Triathlon World Tour - Dubai,2024-11-17,T100,100000,Tatiana Frolova,5:19:31,0:47:11,2:23:10,1:57:19,869,female 50-54,ARE,2092,sportstats
T100 Triathlon World Tour - Dubai,2024-11-17,T100,100000,Vladimir Kalachkin,5:19:37,0:44:33,2:23:18,2:01:42,870,male 35-39,ARE,2260,sportstats
T100 Triathlon World Tour - Dubai,2024-11-17,T100,100000,Regina Lombard,5:19:38,0:52:52,2:19:01,1:55:04,871,female 50-54,ARE,2384,sportstats
T100 Triathlon World Tour - Dubai,2024-11-17,T100,100000,Sailee Gangakhedkar,5:19:43,0:38:17,2:35:21,1:54:42,872,female 40-44,IND,2102,sportstats
T100 Triathlon World Tour - Dubai,2024-11-17,T100,100000,Lalu Koshy Jose,5:19:43,0:54:02,2:24:29,1:47:00,873,male 40-44,ARE,2253,sportstats
T100 Triathlon World Tour - Dubai,2024-11-17,T100,100000,Andrei Kosygin,5:19:47,0:48:35,2:25:55,1:56:34,874,male 40-44,ARE,2334,sportstats
T100 Triathlon World Tour - Dubai,2024-11-17,T100,100000,Hubertus Willems,5:19:51,0:46:32,2:19:01,2:01:38,875,male 40-44,ARE,2890,sportstats
T100 Triathlon World Tour - Dubai,2024-11-17,T100,100000,Marat Galiautdinov,5:19:53,0:52:21,2:24:59,1:46:10,876,male 45-49,RUS,2098,sportstats
T100 Triathlon World Tour - Dubai,2024-11-17,T100,100000,Amol Aranake,5:19:59,0:41:04,2:30:18,1:58:21,877,male 25-29,IND,1789,sportstats
T100 Triathlon World Tour - Dubai,2024-11-17,T100,100000,Georgy Stepanyan,5:20:02,0:48:40,2:30:42,1:49:34,878,male 35-39,ARE,2753,sportstats
T100 Triathlon World Tour - Dubai,2024-11-17,T100,100000,Fabien Le Houezec,5:20:06,0:53:21,2:15:50,1:55:29,879,male 35-39,GBR,2370,sportstats
T100 Triathlon World Tour - Dubai,2024-11-17,T100,100000,Gary Turno,5:20:14,0:49:42,2:14:43,2:04:00,880,male 50-54,ARE,1620,sportstats
T100 Triathlon World Tour - Dubai,2024-11-17,T100,100000,Gary Martin,5:20:24,0:37:03,2:23:56,2:08:16,881,male 40-44,ARE,2423,sportstats
T100 Triathlon World Tour - Dubai,2024-11-17,T100,100000,Jimmy Nassef Gamaleldin,5:20:33,0:46:50,2:29:52,1:54:26,882,male 45-49,ARE,1445,sportstats
T100 Triathlon World Tour - Dubai,2024-11-17,T100,100000,Jonas Silveira,5:20:39,0:44:28,2:21:21,2:06:18,883,male 40-44,ARE,1571,sportstats
T100 Triathlon World Tour - Dubai,2024-11-17,T100,100000,Andi Price,5:20:43,0:49:10,2:19:08,1:58:32,884,male 45-49,ARE,1506,sportstats
T100 Triathlon World Tour - Dubai,2024-11-17,T100,100000,Alex Kluge,5:20:59,0:46:38,2:30:09,1:52:36,885,male 30-34,ARE,2317,sportstats
T100 Triathlon World Tour - Dubai,2024-11-17,T100,100000,Brian Sullivan,5:21:07,0:47:21,2:27:55,1:53:28,886,male 50-54,ARE,1591,sportstats
T100 Triathlon World Tour - Dubai,2024-11-17,T100,100000,Nisrine Habal,5:21:07,0:48:56,2:37:20,1:43:13,887,female 40-44,ARE,2160,sportstats
T100 Triathlon World Tour - Dubai,2024-11-17,T100,100000,Fiona Westcough,5:21:10,0:34:49,2:44:28,1:51:30,888,female 25-29,GBR,2881,sportstats
T100 Triathlon World Tour - Dubai,2024-11-17,T100,100000,Stephen Abery,5:21:16,0:45:31,2:21:59,2:03:06,889,male 50-54,GBR,1680,sportstats
T100 Triathlon World Tour - Dubai,2024-11-17,T100,100000,Dale Powell,5:21:16,0:42:24,2:19:14,2:07:06,890,male 40-44,ARE,1505,sportstats
T100 Triathlon World Tour - Dubai,2024-11-17,T100,100000,Murat Acinci,5:21:18,0:43:08,2:25:26,2:03:27,891,male 50-54,ARE,1006,sportstats
T100 Triathlon World Tour - Dubai,2024-11-17,T100,100000,Guenter Parfuss,5:21:23,0:41:55,2:23:33,2:02:21,892,male 60-64,CHE,2935,sportstats
T100 Triathlon World Tour - Dubai,2024-11-17,T100,100000,John Glenn Antonio Reyes,5:21:23,0:56:03,2:23:32,1:52:28,893,male 35-39,ARE,2620,sportstats
T100 Triathlon World Tour - Dubai,2024-11-17,T100,100000,Steven Noble,5:21:24,0:51:30,2:26:18,1:52:19,894,male 40-44,ARE,1458,sportstats
T100 Triathlon World Tour - Dubai,2024-11-17,T100,100000,Jon Locke,5:21:34,0:54:33,2:13:17,2:02:29,895,male 55-59,ARE,1368,sportstats
T100 Triathlon World Tour - Dubai,2024-11-17,T100,100000,Sergei Petrov,5:21:39,0:43:25,2:19:12,2:03:42,896,male 55-59,ARE,2576,sportstats
T100 Triathlon World Tour - Dubai,2024-11-17,T100,100000,Agustin Reynolds,5:21:43,0:43:33,2:22:42,2:04:49,897,male 45-49,ARE,1522,sportstats
T100 Triathlon World Tour - Dubai,2024-11-17,T100,100000,David Salama,5:21:44,0:44:01,2:26:31,1:59:31,898,male 18-24,ARE,2664,sportstats
T100 Triathlon World Tour - Dubai,2024-11-17,T100,100000,Anuj Goradia,5:21:53,0:47:02,2:29:05,1:49:10,899,male 30-34,IND,2132,sportstats
T100 Triathlon World Tour - Dubai,2024-11-17,T100,100000,Timur Azhigariyev,5:21:54,0:39:33,2:30:45,1:57:17,900,male 40-44,KAZ,1808,sportstats
T100 Triathlon World Tour - Dubai,2024-11-17,T100,100000,Daniel Bowles,5:21:58,0:43:35,2:27:28,2:00:30,901,male 35-39,ARE,1878,sportstats
T100 Triathlon World Tour - Dubai,2024-11-17,T100,100000,Mikhail Peralta,5:22:11,0:50:15,2:19:28,2:02:07,902,male 30-34,KWT,2568,sportstats
T100 Triathlon World Tour - Dubai,2024-11-17,T100,100000,Abdulrahman Alsheebani,5:22:11,1:01:21,2:14:06,1:53:41,903,male 30-34,ARE,1767,sportstats
T100 Triathlon World Tour - Dubai,2024-11-17,T100,100000,Elvira Nathen,5:22:14,0:51:20,2:28:54,1:51:32,904,female 50-54,DEU,1447,sportstats
T100 Triathlon World Tour - Dubai,2024-11-17,T100,100000,Mohamed Koueider,5:22:19,0:45:57,2:23:35,2:00:36,905,male 35-39,ARE,2339,sportstats
T100 Triathlon World Tour - Dubai,2024-11-17,T100,100000,Ilya Ovchinnikov,5:22:19,0:52:14,2:14:34,2:03:51,906,male 30-34,RUS,2939,sportstats
T100 Triathlon World Tour - Dubai,2024-11-17,T100,100000,Les Male,5:22:28,0:50:39,2:17:16,2:04:57,907,male 55-59,GBR,1383,sportstats
T100 Triathlon World Tour - Dubai,2024-11-17,T100,100000,Paige Gambacort,5:22:29,0:43:19,2:31:57,1:59:04,908,female 30-34,ARE,1245,sportstats
T100 Triathlon World Tour - Dubai,2024-11-17,T100,100000,Paraic Keenan,5:22:35,0:49:46,2:28:00,1:50:17,909,male 40-44,ARE,2287,sportstats
T100 Triathlon World Tour - Dubai,2024-11-17,T100,100000,Stephane De Kergorlay,5:22:38,0:47:18,2:19:17,2:05:30,910,male 40-44,ARE,1175,sportstats
T100 Triathlon World Tour - Dubai,2024-11-17,T100,100000,David Taylor,5:22:49,0:44:33,2:20:45,2:02:34,911,male 30-34,ARE,2783,sportstats
T100 Triathlon World Tour - Dubai,2024-11-17,T100,100000,Carina Matthiesen,5:22:53,0:42:09,2:42:21,1:49:28,912,female 35-39,ARE,2429,sportstats
T100 Triathlon World Tour - Dubai,2024-11-17,T100,100000,Khalid Al-Nahyan,5:22:56,0:45:31,2:40:22,1:45:09,913,male 18-24,ARE,2954,sportstats
T100 Triathlon World Tour - Dubai,2024-11-17,T100,100000,Luke Nolan,5:22:57,0:51:32,2:36:17,1:43:56,914,male 40-44,ARE,2945,sportstats
T100 Triathlon World Tour - Dubai,2024-11-17,T100,100000,Roaa Abdellatif,5:22:59,0:44:30,2:29:59,1:56:14,915,female 40-44,EGY,1675,sportstats
T100 Triathlon World Tour - Dubai,2024-11-17,T100,100000,Jack Meades,5:23:00,0:48:04,2:32:25,1:50:43,916,male 30-34,ARE,1406,sportstats
T100 Triathlon World Tour - Dubai,2024-11-17,T100,100000,Bradley Francis,5:23:04,0:45:19,2:23:16,2:01:01,917,male 45-49,ARE,2087,sportstats
T100 Triathlon World Tour - Dubai,2024-11-17,T100,100000,Edoardo Lando,5:23:13,0:46:49,2:28:42,1:54:05,918,male 65-69,SAU,2359,sportstats
T100 Triathlon World Tour - Dubai,2024-11-17,T100,100000,Mansour Hajjar,5:23:15,1:01:43,2:14:38,1:54:40,919,male 60-64,ARE,2165,sportstats
T100 Triathlon World Tour - Dubai,2024-11-17,T100,100000,Ian Taylor,5:23:19,0:44:06,2:23:53,2:05:49,920,male 60-64,PRT,1605,sportstats
T100 Triathlon World Tour - Dubai,2024-11-17,T100,100000,Edgar Guerrero II,5:23:23,0:52:28,2:21:55,1:59:59,921,male 45-49,SAU,1272,sportstats
T100 Triathlon World Tour - Dubai,2024-11-17,T100,100000,Glenn Alfred Agan,5:23:30,0:52:19,2:17:35,2:02:20,922,male 45-49,ARE,1689,sportstats
T100 Triathlon World Tour - Dubai,2024-11-17,T100,100000,Julian Barrera,5:23:38,0:52:05,2:27:49,1:53:34,923,male 45-49,ARE,1835,sportstats
T100 Triathlon World Tour - Dubai,2024-11-17,T100,100000,Auguste Augustinaite,5:23:38,0:52:44,2:43:20,1:38:19,924,female 25-29,GBR,1803,sportstats
T100 Triathlon World Tour - Dubai,2024-11-17,T100,100000,Jassim Alwardi,5:23:46,0:47:54,2:31:18,1:52:21,925,male 30-34,BHR,1778,sportstats
T100 Triathlon World Tour - Dubai,2024-11-17,T100,100000,Khaled Zaza,5:23:50,0:53:22,2:20:51,1:57:52,926,male 30-34,QAT,2918,sportstats
T100 Triathlon World Tour - Dubai,2024-11-17,T100,100000,Akash Duggal,5:23:50,0:47:49,2:39:04,1:45:35,927,male 35-39,IND,2022,sportstats
T100 Triathlon World Tour - Dubai,2024-11-17,T100,100000,Rimmon Deldo,5:23:58,0:48:28,2:23:12,2:01:00,928,male 40-44,ARE,1999,sportstats
T100 Triathlon World Tour - Dubai,2024-11-17,T100,100000,Luis Pardini,5:24:04,0:58:17,2:22:44,1:53:45,929,male 45-49,ARE,2550,sportstats
T100 Triathlon World Tour - Dubai,2024-11-17,T100,100000,April Kenny,5:24:04,0:44:06,2:32:22,1:56:00,930,female 30-34,ARE,1325,sportstats
T100 Triathlon World Tour - Dubai,2024-11-17,T100,100000,Luke Maingard,5:24:11,0:35:48,2:36:06,1:56:52,931,male 30-34,ZAF,2404,sportstats
T100 Triathlon World Tour - Dubai,2024-11-17,T100,100000,Paula Campos,5:24:14,0:32:54,2:53:19,1:47:28,932,female 40-44,ARE,1130,sportstats
T100 Triathlon World Tour - Dubai,2024-11-17,T100,100000,Melina Timson,5:24:31,0:34:53,2:39:21,2:01:50,933,female 45-49,ARE,1613,sportstats
T100 Triathlon World Tour - Dubai,2024-11-17,T100,100000,Abdalrahman Adeeb,5:24:44,0:53:18,2:22:45,1:58:45,934,male 30-34,ARE,1009,sportstats
T100 Triathlon World Tour - Dubai,2024-11-17,T100,100000,Alessandro Oppici,5:24:46,0:47:18,2:17:42,2:08:21,935,male 40-44,ARE,2536,sportstats
T100 Triathlon World Tour - Dubai,2024-11-17,T100,100000,Paras Patel,5:24:56,0:48:05,2:28:16,1:57:05,936,male 18-24,IND,2563,sportstats
T100 Triathlon World Tour - Dubai,2024-11-17,T100,100000,Kahn Luthiger,5:25:16,0:44:33,2:32:10,1:55:34,937,male 40-44,ARE,1373,sportstats
T100 Triathlon World Tour - Dubai,2024-11-17,T100,100000,Yvonne Schoenemann,5:25:21,0:47:42,2:26:32,1:59:52,938,female 50-54,ARE,2685,sportstats
T100 Triathlon World Tour - Dubai,2024-11-17,T100,100000,Daymion Jenkins,5:25:29,0:46:58,2:23:41,2:02:49,939,male 55-59,ARE,2242,sportstats
T100 Triathlon World Tour - Dubai,2024-11-17,T100,100000,Nikita Daniels,5:25:33,0:44:52,2:24:02,2:01:01,940,male 35-39,CYP,1980,sportstats
T100 Triathlon World Tour - Dubai,2024-11-17,T100,100000,Frank Schmidt,5:25:33,0:43:20,2:20:18,2:08:52,941,male 50-54,ARE,1553,sportstats
T100 Triathlon World Tour - Dubai,2024-11-17,T100,100000,Ivan Williams,5:25:41,0:44:42,2:18:03,2:12:18,942,male 50-54,ARE,1653,sportstats
T100 Triathlon World Tour - Dubai,2024-11-17,T100,100000,Dennis Dale Axibal,5:25:47,0:51:24,2:22:26,2:01:02,943,male 45-49,ARE,1070,sportstats
T100 Triathlon World Tour - Dubai,2024-11-17,T100,100000,Aya Issa,5:25:54,0:45:03,2:26:17,2:04:10,944,female 25-29,ARE,2228,sportstats
T100 Triathlon World Tour - Dubai,2024-11-17,T100,100000,Niek Van Der Sluijs,5:26:04,0:46:52,2:26:01,2:00:59,945,male 45-49,ARE,1625,sportstats
T100 Triathlon World Tour - Dubai,2024-11-17,T100,100000,Abdul Kader Shabbir,5:26:07,0:58:54,2:30:56,1:44:14,946,male 35-39,IND,1563,sportstats
T100 Triathlon World Tour - Dubai,2024-11-17,T100,100000,Lisa Garrett,5:26:07,0:38:59,2:44:48,1:49:50,947,female 40-44,ARE,2107,sportstats
T100 Triathlon World Tour - Dubai,2024-11-17,T100,100000,Jordan Whitwell Mak,5:26:08,0:50:12,2:29:29,1:54:22,948,male 25-29,ARE,1651,sportstats
T100 Triathlon World Tour - Dubai,2024-11-17,T100,100000,Halil Balbey,5:26:10,0:40:33,2:20:19,2:15:56,949,male 35-39,SAU,1824,sportstats
T100 Triathlon World Tour - Dubai,2024-11-17,T100,100000,Shrikrishnan P,5:26:19,0:51:25,2:24:06,1:58:24,950,male 40-44,IND,2541,sportstats
T100 Triathlon World Tour - Dubai,2024-11-17,T100,100000,Richard Yeo,5:26:24,1:02:42,2:28:51,1:44:13,951,male 35-39,ARE,2909,sportstats
T100 Triathlon World Tour - Dubai,2024-11-17,T100,100000,Francesca Ballerini,5:26:43,0:41:54,2:41:47,1:51:16,952,female 30-34,ARE,1825,sportstats
T100 Triathlon World Tour - Dubai,2024-11-17,T100,100000,Alexandr Bekauov,5:26:44,0:54:38,2:19:12,1:58:07,953,male 40-44,KAZ,2944,sportstats
T100 Triathlon World Tour - Dubai,2024-11-17,T100,100000,Muhsine Morel,5:26:44,0:55:31,2:29:48,1:49:02,954,female 45-49,ARE,1425,sportstats
T100 Triathlon World Tour - Dubai,2024-11-17,T100,100000,Amro Al-Haddadin,5:26:47,0:41:38,2:28:49,1:58:32,955,male 30-34,ARE,1735,sportstats
T100 Triathlon World Tour - Dubai,2024-11-17,T100,100000,Edgar Bracke,5:26:47,0:45:53,2:23:06,2:06:55,956,male 60-64,ARE,1108,sportstats
T100 Triathlon World Tour - Dubai,2024-11-17,T100,100000,Jean Jeunet,5:26:53,0:49:15,2:29:20,1:58:47,957,male 40-44,ARE,1307,sportstats
T100 Triathlon World Tour - Dubai,2024-11-17,T100,100000,Adit Bhargava,5:26:54,0:48:09,2:23:41,2:04:27,958,male 25-29,IND,1092,sportstats
T100 Triathlon World Tour - Dubai,2024-11-17,T100,100000,Abdul Wahab Al Halabi,5:26:58,0:43:14,2:19:31,2:15:32,959,male 50-54,USA,1016,sportstats
T100 Triathlon World Tour - Dubai,2024-11-17,T100,100000,Ignacio Barroso,5:27:22,0:49:58,2:32:29,1:53:35,960,male 35-39,ARE,1836,sportstats
T100 Triathlon World Tour - Dubai,2024-11-17,T100,100000,Jonathan Coombs,5:27:24,0:46:30,2:31:32,1:58:23,961,male 40-44,ARE,1960,sportstats
T100 Triathlon World Tour - Dubai,2024-11-17,T100,100000,Viktor Meshchenkov,5:27:35,0:50:19,2:33:00,1:55:00,962,male 45-49,RUS,2457,sportstats
T100 Triathlon World Tour - Dubai,2024-11-17,T100,100000,Cristina Capaldi Cosas,5:27:38,0:44:07,2:47:52,1:45:58,963,female 50-54,ARE,1920,sportstats
T100 Triathlon World Tour - Dubai,2024-11-17,T100,100000,Selim Tascioglu,5:27:47,0:49:38,2:24:57,2:02:59,964,male 40-44,ARE,1603,sportstats
T100 Triathlon World Tour - Dubai,2024-11-17,T100,100000,Thomas Whitfield,5:27:55,0:49:00,2:25:08,2:02:14,965,male 35-39,ARE,1650,sportstats
T100 Triathlon World Tour - Dubai,2024-11-17,T100,100000,Jose Diez,5:27:58,0:41:41,2:26:47,2:08:22,966,male 45-49,ARE,2012,sportstats
T100 Triathlon World Tour - Dubai,2024-11-17,T100,100000,David Gatward,5:28:00,0:40:22,2:17:58,2:20:34,967,male 55-59,ARE,2109,sportstats
T100 Triathlon World Tour - Dubai,2024-11-17,T100,100000,Leonardo Mitri,5:28:12,0:39:14,2:24:47,2:12:59,968,male 30-34,ARE,1414,sportstats
T100 Triathlon World Tour - Dubai,2024-11-17,T100,100000,Dhiren Harchandani,5:28:12,0:49:41,2:26:14,2:02:02,969,male 45-49,ARE,2177,sportstats
T100 Triathlon World Tour - Dubai,2024-11-17,T100,100000,Ross Smith,5:28:13,0:47:49,2:19:59,2:06:00,970,male 35-39,ARE,2736,sportstats
T100 Triathlon World Tour - Dubai,2024-11-17,T100,100000,Dina Said,5:28:19,0:46:28,2:35:38,1:53:14,971,female 40-44,EGY,2659,sportstats
T100 Triathlon World Tour - Dubai,2024-11-17,T100,100000,Lea Regina Antiporda,5:28:19,0:48:05,2:34:26,1:55:33,972,female 30-34,ARE,1787,sportstats
T100 Triathlon World Tour - Dubai,2024-11-17,T100,100000,Abdul Samad,5:28:20,0:50:38,2:43:59,1:40:25,973,male 35-39,ARE,2669,sportstats
T100 Triathlon World Tour - Dubai,2024-11-17,T100,100000,Ana Ross,5:28:24,0:53:21,2:43:08,1:42:32,974,female 35-39,ARE,2649,sportstats
T100 Triathlon World Tour - Dubai,2024-11-17,T100,100000,Garsen Naidu,5:28:28,0:47:15,2:14:57,2:15:11,975,male 50-54,ARE,2498,sportstats
T100 Triathlon World Tour - Dubai,2024-11-17,T100,100000,Suresh Kumar Podaran,5:28:30,0:49:43,2:27:07,2:00:29,976,male 40-44,IND,2584,sportstats
T100 Triathlon World Tour - Dubai,2024-11-17,T100,100000,Ian Simpson,5:28:48,0:58:49,2:24:20,1:48:49,977,male 65-69,GBR,2727,sportstats
T100 Triathlon World Tour - Dubai,2024-11-17,T100,100000,Osama Fattaleh,5:28:57,0:44:53,2:20:54,2:12:13,978,male 55-59,JOR,1228,sportstats
T100 Triathlon World Tour - Dubai,2024-11-17,T100,100000,Oleg Kryukovskiy,5:28:59,0:38:13,2:48:40,1:50:18,979,male 40-44,ARE,1339,sportstats
T100 Triathlon World Tour - Dubai,2024-11-17,T100,100000,Xavier Le Foulon,5:29:00,0:44:08,2:27:41,2:01:49,980,male 50-54,ARE,1348,sportstats
T100 Triathlon World Tour - Dubai,2024-11-17,T100,100000,Richard Morgan,5:29:05,0:49:16,2:19:36,2:08:40,981,male 55-59,ARE,1426,sportstats
T100 Triathlon World Tour - Dubai,2024-11-17,T100,100000,Janice Butterworth,5:29:17,0:48:50,2:38:39,1:51:13,982,female 50-54,ARE,1126,sportstats
T100 Triathlon World Tour - Dubai,2024-11-17,T100,100000,Jordan Penman,5:29:21,0:43:28,2:26:25,2:07:57,983,male 35-39,ARE,1489,sportstats
T100 Triathlon World Tour - Dubai,2024-11-17,T100,100000,Andrei Zauter,5:29:32,0:47:51,2:20:20,2:07:54,984,male 50-54,ARE,1666,sportstats
T100 Triathlon World Tour - Dubai,2024-11-17,T100,100000,Elizaveta Bondareva,5:29:35,0:46:37,2:27:10,2:04:17,985,female 25-29,ARE,1103,sportstats
T100 Triathlon World Tour - Dubai,2024-11-17,T100,100000,Aleksandr Demchenko,5:29:39,0:50:34,2:25:14,2:05:39,986,male 40-44,RUS,2001,sportstats
T100 Triathlon World Tour - Dubai,2024-11-17,T100,100000,Denzil Washington,5:29:53,0:39:36,2:21:48,2:19:00,987,male 30-34,ARE,2870,sportstats
T100 Triathlon World Tour - Dubai,2024-11-17,T100,100000,Darkhan Medeubaev,5:29:55,0:46:47,2:30:56,1:58:21,988,male 35-39,ARE,2450,sportstats
T100 Triathlon World Tour - Dubai,2024-11-17,T100,100000,Charlotte Taylor,5:29:59,0:47:47,2:37:27,1:53:23,989,female 40-44,ARE,1606,sportstats
T100 Triathlon World Tour - Dubai,2024-11-17,T100,100000,Fabrice Peyrin,5:30:00,0:44:02,2:24:54,2:11:20,990,male 50-54,QAT,2577,sportstats
T100 Triathlon World Tour - Dubai,2024-11-17,T100,100000,Mark Buenavides,5:30:10,0:51:20,2:26:02,2:02:20,991,male 45-49,ARE,1901,sportstats
T100 Triathlon World Tour - Dubai,2024-11-17,T100,100000,David Veitch,5:30:21,0:48:34,2:29:37,1:58:20,992,no age,IRL,1631,sportstats
T100 Triathlon World Tour - Dubai,2024-11-17,T100,100000,Frederick Boyles,5:30:32,0:46:37,2:32:15,2:03:27,993,male 45-49,ARE,1880,sportstats
T100 Triathlon World Tour - Dubai,2024-11-17,T100,100000,Wenzhen Du,5:30:35,0:52:46,2:24:08,1:54:02,994,male 35-39,ARE,2019,sportstats
T100 Triathlon World Tour - Dubai,2024-11-17,T100,100000,Cyril Mauvais,5:30:35,0:42:28,2:41:04,1:58:53,995,male 30-34,ARE,2434,sportstats
T100 Triathlon World Tour - Dubai,2024-11-17,T100,100000,Aoife Ryan,5:31:05,0:48:43,2:25:37,2:01:37,996,female 30-34,ARE,2654,sportstats
T100 Triathlon World Tour - Dubai,2024-11-17,T100,100000,Jlyne Eugenio,5:31:05,0:49:41,2:29:48,2:03:09,997,female 40-44,ARE,2054,sportstats
T100 Triathlon World Tour - Dubai,2024-11-17,T100,100000,Peter Atkinson,5:31:19,0:50:23,2:32:15,1:54:29,998,male 40-44,ARE,1801,sportstats
T100 Triathlon World Tour - Dubai,2024-11-17,T100,100000,Monique Strange,5:31:49,0:44:20,2:28:48,2:08:04,999,female 50-54,ARE,1588,sportstats
T100 Triathlon World Tour - Dubai,2024-11-17,T100,100000,Maxi Senadhipathy,5:31:50,0:56:08,2:30:41,1:55:34,1000,male 50-54,ARE,1559,sportstats
T100 Triathlon World Tour - Dubai,2024-11-17,T100,100000,Sam Connolly,5:31:56,0:41:55,2:14:43,2:24:52,1001,male 30-34,ARE,1152,sportstats
T100 Triathlon World Tour - Dubai,2024-11-17,T100,100000,Anlea Rainier,5:32:00,0:45:13,2:29:04,2:08:51,1002,female 30-34,ARE,1515,sportstats
T100 Triathlon World Tour - Dubai,2024-11-17,T100,100000,Taha Zein,5:32:15,0:41:29,2:20:55,2:19:03,1003,male 35-39,SAU,2919,sportstats
T100 Triathlon World Tour - Dubai,2024-11-17,T100,100000,Sean O Regan,5:32:21,0:47:56,2:39:51,1:53:52,1004,male 30-34,ARE,2524,sportstats
T100 Triathlon World Tour - Dubai,2024-11-17,T100,100000,Margaret Sneddon,5:32:26,0:47:52,2:39:55,1:54:21,1005,female 55-59,SAU,2739,sportstats
T100 Triathlon World Tour - Dubai,2024-11-17,T100,100000,Alberto Alba Rodriguez,5:32:30,0:45:02,2:33:47,1:59:47,1006,male 35-39,ARE,1719,sportstats
T100 Triathlon World Tour - Dubai,2024-11-17,T100,100000,Jad Nachabe,5:32:31,0:41:03,2:22:35,2:17:33,1007,male 30-34,ARE,1441,sportstats
T100 Triathlon World Tour - Dubai,2024-11-17,T100,100000,Abdelrhman Elfky,5:32:43,0:42:03,2:44:30,1:54:03,1008,male 35-39,SAU,2039,sportstats
T100 Triathlon World Tour - Dubai,2024-11-17,T100,100000,Alexander Kuznetsov,5:32:48,0:52:55,2:28:27,2:00:37,1009,male 35-39,ARE,2350,sportstats
T100 Triathlon World Tour - Dubai,2024-11-17,T100,100000,Artemio Tougan,5:32:53,0:50:29,2:36:18,1:53:48,1010,male 35-39,BHR,1616,sportstats
T100 Triathlon World Tour - Dubai,2024-11-17,T100,100000,Maynard Dela Cruz,5:32:54,0:51:40,2:27:30,2:03:04,1011,male 50-54,ARE,1182,sportstats
T100 Triathlon World Tour - Dubai,2024-11-17,T100,100000,Gary Lowndes,5:32:56,0:47:43,2:38:11,1:49:44,1012,male 55-59,ARE,2387,sportstats
T100 Triathlon World Tour - Dubai,2024-11-17,T100,100000,Rajan Parmar,5:33:08,0:48:15,2:22:52,2:08:43,1013,male 40-44,ARE,1483,sportstats
T100 Triathlon World Tour - Dubai,2024-11-17,T100,100000,Eben Botha,5:33:11,0:45:03,2:26:23,2:11:51,1014,male 35-39,ARE,1875,sportstats
T100 Triathlon World Tour - Dubai,2024-11-17,T100,100000,Brian Marshall,5:33:13,0:39:38,2:24:17,2:17:33,1015,male 40-44,ARE,2422,sportstats
T100 Triathlon World Tour - Dubai,2024-11-17,T100,100000,Vincenzo Ciummo,5:33:18,0:41:12,2:29:27,2:13:02,1016,male 50-54,ARE,1147,sportstats
T100 Triathlon World Tour - Dubai,2024-11-17,T100,100000,Eduardo Sarmiento,5:33:21,0:46:36,2:20:35,2:12:00,1017,male 60-64,ARE,1547,sportstats
T100 Triathlon World Tour - Dubai,2024-11-17,T100,100000,Rob Henry,5:33:22,0:43:30,2:35:44,2:06:33,1018,male 25-29,GBR,2192,sportstats
T100 Triathlon World Tour - Dubai,2024-11-17,T100,100000,Harith Al Durrah,5:33:31,0:45:48,2:26:51,2:11:21,1019,male 45-49,SAU,1697,sportstats
T100 Triathlon World Tour - Dubai,2024-11-17,T100,100000,Charlotte Wright,5:33:35,0:48:02,2:28:24,2:03:55,1020,female 35-39,ARE,2904,sportstats
T100 Triathlon World Tour - Dubai,2024-11-17,T100,100000,Pezhman Modalal,5:33:38,0:49:23,2:32:24,1:56:42,1021,male 18-24,ARE,2471,sportstats
T100 Triathlon World Tour - Dubai,2024-11-17,T100,100000,Antoine Combes,5:33:44,0:48:40,2:25:51,2:07:00,1022,male 30-34,ARE,1151,sportstats
T100 Triathlon World Tour - Dubai,2024-11-17,T100,100000,Emilio Gutierrez,5:33:48,0:46:00,2:38:33,2:00:01,1023,male 40-44,ARE,2154,sportstats
T100 Triathlon World Tour - Dubai,2024-11-17,T100,100000,Alexandros Theodorakos,5:33:57,0:57:47,2:26:11,1:52:04,1024,male 40-44,GRC,1609,sportstats
T100 Triathlon World Tour - Dubai,2024-11-17,T100,100000,Rallen Pusing,5:34:08,0:54:13,2:20:29,2:06:19,1025,male 40-44,BHR,2598,sportstats
T100 Triathlon World Tour - Dubai,2024-11-17,T100,100000,Dmitry Molodyanov,5:34:14,0:47:14,2:35:33,2:01:52,1026,male 40-44,ARE,2473,sportstats
T100 Triathlon World Tour - Dubai,2024-11-17,T100,100000,Gigi Gi Wai Wong,5:34:23,0:51:33,2:41:26,1:51:32,1027,female 45-49,HKG,2897,sportstats
T100 Triathlon World Tour - Dubai,2024-11-17,T100,100000,Cindy Janoras,5:34:26,0:46:14,2:26:51,2:10:24,1028,female 50-54,ARE,2238,sportstats
T100 Triathlon World Tour - Dubai,2024-11-17,T100,100000,Mohamed Heshmat,5:34:30,0:53:24,2:33:39,1:55:41,1029,male 30-34,EGY,2197,sportstats
T100 Triathlon World Tour - Dubai,2024-11-17,T100,100000,Aleksei Tsyplenok,5:34:46,0:40:37,2:50:25,1:55:11,1030,male 45-49,RUS,1618,sportstats
T100 Triathlon World Tour - Dubai,2024-11-17,T100,100000,Ariel Manicdao,5:34:46,0:48:47,2:32:53,2:01:57,1031,male 50-54,SAU,1389,sportstats
T100 Triathlon World Tour - Dubai,2024-11-17,T100,100000,Judit Spiegl,5:34:57,0:41:40,2:35:03,2:10:45,1032,female 45-49,ARE,2748,sportstats
T100 Triathlon World Tour - Dubai,2024-11-17,T100,100000,Markos Pachos,5:35:07,0:38:22,2:17:44,2:27:46,1033,male 45-49,GRC,2930,sportstats
T100 Triathlon World Tour - Dubai,2024-11-17,T100,100000,Tawfic Chaker,5:35:12,0:40:45,2:21:08,2:21:00,1034,male 40-44,ARE,1933,sportstats
T100 Triathlon World Tour - Dubai,2024-11-17,T100,100000,Jocelyn Macalinao,5:35:14,0:51:52,2:38:43,1:54:06,1035,female 45-49,ARE,2400,sportstats
T100 Triathlon World Tour - Dubai,2024-11-17,T100,100000,Chris Swart,5:35:14,0:37:44,2:37:05,2:08:53,1036,male 25-29,ARE,1594,sportstats
T100 Triathlon World Tour - Dubai,2024-11-17,T100,100000,Fernando Morthera Navarrete,5:35:19,0:40:44,2:31:30,2:07:23,1037,male 35-39,ARE,2479,sportstats
T100 Triathlon World Tour - Dubai,2024-11-17,T100,100000,Alberto Ambrosio,5:35:19,0:47:00,2:31:40,2:05:17,1038,male 35-39,ARE,1780,sportstats
T100 Triathlon World Tour - Dubai,2024-11-17,T100,100000,Alberto Baratas,5:35:23,0:43:10,2:31:35,2:05:18,1039,male 30-34,ARE,1830,sportstats
T100 Triathlon World Tour - Dubai,2024-11-17,T100,100000,Cristhy Rizo,5:35:23,0:43:57,2:36:38,1:59:01,1040,female 30-34,ARE,2630,sportstats
T100 Triathlon World Tour - Dubai,2024-11-17,T100,100000,Yerzhan Tsenov,5:35:24,0:57:34,2:29:00,1:55:55,1041,male 40-44,KAZ,2817,sportstats
T100 Triathlon World Tour - Dubai,2024-11-17,T100,100000,Gil Ja Park,5:35:28,0:52:14,2:38:21,1:51:11,1042,female 60-64,KOR,2554,sportstats
T100 Triathlon World Tour - Dubai,2024-11-17,T100,100000,Mohamed Shifan,5:35:30,0:55:07,2:31:16,1:55:05,1043,male 30-34,LKA,2717,sportstats
T100 Triathlon World Tour - Dubai,2024-11-17,T100,100000,Anirudha Naig,5:35:37,0:54:59,2:21:42,2:04:36,1044,male 35-39,IND,2499,sportstats
T100 Triathlon World Tour - Dubai,2024-11-17,T100,100000,Dmitrii Tomilin,5:35:37,0:47:33,2:37:39,1:55:51,1045,male 40-44,RUS,2806,sportstats
T100 Triathlon World Tour - Dubai,2024-11-17,T100,100000,Abdulla Almulla,5:35:38,0:53:03,2:28:25,1:52:57,1046,male 25-29,ARE,2948,sportstats
T100 Triathlon World Tour - Dubai,2024-11-17,T100,100000,Natalia Beloborodova,5:35:42,0:54:23,2:41:40,1:47:52,1047,female 45-49,RUS,1849,sportstats
T100 Triathlon World Tour - Dubai,2024-11-17,T100,100000,Carlos Facanha,5:35:53,0:55:24,2:28:37,2:00:35,1048,male 55-59,ARE,1222,sportstats
T100 Triathlon World Tour - Dubai,2024-11-17,T100,100000,Mohamed Mahlab,5:35:56,0:43:26,2:33:31,2:10:25,1049,male 45-49,EGY,2403,sportstats
T100 Triathlon World Tour - Dubai,2024-11-17,T100,100000,Vladimir Usenco,5:36:01,0:39:57,2:55:35,1:44:02,1050,male 40-44,ARE,2828,sportstats
T100 Triathlon World Tour - Dubai,2024-11-17,T100,100000,Colin Foreman,5:36:05,0:48:22,2:30:38,2:04:18,1051,male 45-49,ARE,1240,sportstats
T100 Triathlon World Tour - Dubai,2024-11-17,T100,100000,Dilip Mishra,5:36:11,0:48:32,2:27:02,2:09:56,1052,male 40-44,ARE,1413,sportstats
T100 Triathlon World Tour - Dubai,2024-11-17,T100,100000,Aymeric Mottaz,5:36:26,0:43:43,2:35:06,2:05:33,1053,male 35-39,ARE,2482,sportstats
T100 Triathlon World Tour - Dubai,2024-11-17,T100,100000,Thomas Breau,5:36:33,0:51:24,2:30:05,2:04:55,1054,male 30-34,ARE,1886,sportstats
T100 Triathlon World Tour - Dubai,2024-11-17,T100,100000,Emad Takla,5:36:34,0:57:19,2:30:50,1:53:29,1055,male 50-54,EGY,1599,sportstats
T100 Triathlon World Tour - Dubai,2024-11-17,T100,100000,Carla Coetzee,5:36:36,0:35:02,2:38:02,2:13:41,1056,female 40-44,QAT,1954,sportstats
T100 Triathlon World Tour - Dubai,2024-11-17,T100,100000,Waleed Mohammed,5:36:42,0:55:51,2:48:01,1:44:26,1057,male 30-34,ARE,1418,sportstats
T100 Triathlon World Tour - Dubai,2024-11-17,T100,100000,Jenevieve Tolentino,5:36:51,0:42:30,2:41:13,2:03:36,1058,female 25-29,ARE,2805,sportstats
T100 Triathlon World Tour - Dubai,2024-11-17,T100,100000,Nicolas Girot,5:36:52,0:58:58,2:19:38,2:08:07,1059,male 50-54,ARE,1259,sportstats
T100 Triathlon World Tour - Dubai,2024-11-17,T100,100000,Imtiaz Ahmed,5:37:00,0:47:23,2:22:06,2:16:42,1060,male 50-54,ARE,1012,sportstats
T100 Triathlon World Tour - Dubai,2024-11-17,T100,100000,Catherine O Farrell,5:37:01,0:55:17,2:28:18,1:59:26,1061,female 40-44,ARE,2523,sportstats
T100 Triathlon World Tour - Dubai,2024-11-17,T100,100000,Thomas Blades,5:37:04,0:49:17,2:35:43,1:59:29,1062,male 40-44,ARE,1862,sportstats
T100 Triathlon World Tour - Dubai,2024-11-17,T100,100000,Patrick Odriscoll,5:37:09,0:55:18,2:25:02,2:05:05,1063,male 50-54,ARE,2527,sportstats
T100 Triathlon World Tour - Dubai,2024-11-17,T100,100000,Gorka Garbayo,5:37:13,0:46:59,2:29:07,2:05:27,1064,male 45-49,ARE,2103,sportstats
T100 Triathlon World Tour - Dubai,2024-11-17,T100,100000,Iurii Novikov,5:37:16,0:52:54,2:59:30,1:35:19,1065,male 45-49,RUS,2518,sportstats
T100 Triathlon World Tour - Dubai,2024-11-17,T100,100000,Hussien Abdulrazek,5:37:18,0:53:44,2:37:40,1:56:22,1066,male 25-29,EGY,1679,sportstats
T100 Triathlon World Tour - Dubai,2024-11-17,T100,100000,Heidi Toure,5:37:18,0:44:04,2:36:36,2:01:30,1067,female 35-39,GBR,2808,sportstats
T100 Triathlon World Tour - Dubai,2024-11-17,T100,100000,Fareed Ahmed,5:37:19,0:50:09,2:27:49,2:03:45,1068,male 60-64,OMN,1011,sportstats
T100 Triathlon World Tour - Dubai,2024-11-17,T100,100000,Jerome Lagarde,5:37:19,0:47:41,2:12:03,2:25:01,1069,male 50-54,ARE,1344,sportstats
T100 Triathlon World Tour - Dubai,2024-11-17,T100,100000,Sanabel Elyan,5:37:20,0:51:08,2:20:56,2:10:14,1070,female 40-44,ARE,2049,sportstats
T100 Triathlon World Tour - Dubai,2024-11-17,T100,100000,Benoit Scourion,5:37:23,0:51:05,2:38:16,1:57:31,1071,male 35-39,ARE,1555,sportstats
T100 Triathlon World Tour - Dubai,2024-11-17,T100,100000,Mohammed Abubaker,5:37:29,0:49:29,2:28:33,2:00:35,1072,male 35-39,ARE,1685,sportstats
T100 Triathlon World Tour - Dubai,2024-11-17,T100,100000,Ali Monguno,5:37:32,0:57:32,2:13:52,2:12:58,1073,male 35-39,ARE,2474,sportstats
T100 Triathlon World Tour - Dubai,2024-11-17,T100,100000,Borko Handjiski,5:37:33,0:49:17,2:30:14,2:00:09,1074,male 45-49,ARE,2173,sportstats
T100 Triathlon World Tour - Dubai,2024-11-17,T100,100000,Mohammed Nisar V,5:37:36,0:45:48,2:51:17,1:48:22,1075,male 45-49,ARE,2511,sportstats
T100 Triathlon World Tour - Dubai,2024-11-17,T100,100000,David Robinson,5:37:36,0:43:12,2:31:02,2:11:49,1076,male 40-44,ARE,2637,sportstats
T100 Triathlon World Tour - Dubai,2024-11-17,T100,100000,Brandon Boggan,5:37:51,0:40:41,2:22:34,2:08:02,1077,male 50-54,USA,1868,sportstats
T100 Triathlon World Tour - Dubai,2024-11-17,T100,100000,Egle Nagyte,5:38:06,0:40:29,2:22:14,2:26:06,1078,female 35-39,ARE,1442,sportstats
T100 Triathlon World Tour - Dubai,2024-11-17,T100,100000,Katrin Kammerwilke,5:38:10,0:44:11,2:32:25,2:12:27,1079,female 45-49,ARE,1316,sportstats
T100 Triathlon World Tour - Dubai,2024-11-17,T100,100000,Ian Kristoffer Songco,5:38:26,0:45:17,2:19:07,2:22:56,1080,male 35-39,ARE,1579,sportstats
T100 Triathlon World Tour - Dubai,2024-11-17,T100,100000,Alyssa Hampton,5:38:26,0:42:38,2:46:01,1:59:07,1081,female 35-39,ARE,2171,sportstats
T100 Triathlon World Tour - Dubai,2024-11-17,T100,100000,Ramy Sultan,5:38:26,0:45:04,2:39:51,2:01:59,1082,male 35-39,EGY,2768,sportstats
T100 Triathlon World Tour - Dubai,2024-11-17,T100,100000,Jenna Arriola,5:38:31,0:42:11,2:37:59,2:07:08,1083,female 35-39,HKG,1062,sportstats
T100 Triathlon World Tour - Dubai,2024-11-17,T100,100000,Leah Tedrow,5:38:35,0:44:27,2:42:38,1:57:48,1084,female 45-49,ARE,2790,sportstats
T100 Triathlon World Tour - Dubai,2024-11-17,T100,100000,Fionnuala Nic Conmara,5:38:37,1:03:38,2:37:37,1:47:19,1085,female 45-49,ARE,1454,sportstats
T100 Triathlon World Tour - Dubai,2024-11-17,T100,100000,Arnel Angelo Sebastian,5:38:37,0:53:27,2:21:33,2:12:33,1086,male 35-39,QAT,2692,sportstats
T100 Triathlon World Tour - Dubai,2024-11-17,T100,100000,Emir Anthony Fontanilla,5:38:43,0:49:01,2:32:54,2:03:39,1087,male 45-49,ARE,2080,sportstats
T100 Triathlon World Tour - Dubai,2024-11-17,T100,100000,Paul John Ponce,5:38:58,0:49:25,2:45:54,1:50:08,1088,male 40-44,ARE,2588,sportstats
T100 Triathlon World Tour - Dubai,2024-11-17,T100,100000,Sarah Plank,5:39:00,0:42:38,2:43:00,2:01:14,1089,female 45-49,ARE,2583,sportstats
T100 Triathlon World Tour - Dubai,2024-11-17,T100,100000,Ludovic Chafer,5:39:04,0:44:38,2:35:15,2:04:52,1090,male 30-34,ARE,1137,sportstats
T100 Triathlon World Tour - Dubai,2024-11-17,T100,100000,Mohammed Shabeer Tairanil,5:39:10,0:59:55,2:36:29,1:49:56,1091,male 30-34,ARE,2776,sportstats
T100 Triathlon World Tour - Dubai,2024-11-17,T100,100000,Dina Daoud,5:39:10,0:49:24,2:40:34,1:57:44,1092,female 35-39,EGY,1981,sportstats
T100 Triathlon World Tour - Dubai,2024-11-17,T100,100000,Richard Thackrey,5:39:26,0:45:43,2:25:27,2:16:26,1093,male 50-54,ARE,2794,sportstats
T100 Triathlon World Tour - Dubai,2024-11-17,T100,100000,Hatime Oukrid,5:39:28,0:47:10,2:48:46,1:45:12,1094,male 35-39,ARE,2539,sportstats
T100 Triathlon World Tour - Dubai,2024-11-17,T100,100000,Anthony Tingle,5:39:28,0:38:20,2:34:37,2:13:55,1095,male 35-39,ARE,2802,sportstats
T100 Triathlon World Tour - Dubai,2024-11-17,T100,100000,Daniele Di Tommaso,5:39:31,0:44:46,2:41:50,1:56:15,1096,male 45-49,ITA,2008,sportstats
T100 Triathlon World Tour - Dubai,2024-11-17,T100,100000,Christopher Lanzanas,5:39:45,0:57:16,2:31:29,1:56:39,1097,male 40-44,ARE,2362,sportstats
T100 Triathlon World Tour - Dubai,2024-11-17,T100,100000,Jenna Wood,5:39:57,0:33:45,2:46:43,2:09:45,1098,female 25-29,ARE,2899,sportstats
T100 Triathlon World Tour - Dubai,2024-11-17,T100,100000,Federico Natali,5:40:01,0:39:19,2:33:11,2:18:03,1099,male 25-29,ARE,2505,sportstats
T100 Triathlon World Tour - Dubai,2024-11-17,T100,100000,Dilson Pires Junior,5:40:02,0:56:53,2:35:19,1:58:27,1100,male 50-54,ARE,1499,sportstats
T100 Triathlon World Tour - Dubai,2024-11-17,T100,100000,Ben Murrell,5:40:06,0:55:21,2:26:33,2:06:13,1101,male 55-59,ARE,2488,sportstats
T100 Triathlon World Tour - Dubai,2024-11-17,T100,100000,Andrea Palau,5:40:21,0:58:48,2:37:35,1:52:55,1102,female 40-44,ARE,2544,sportstats
T100 Triathlon World Tour - Dubai,2024-11-17,T100,100000,Victoria Sheward,5:40:32,0:42:09,2:34:03,2:16:22,1103,female 45-49,ARE,2716,sportstats
T100 Triathlon World Tour - Dubai,2024-11-17,T100,100000,Neil Parekh,5:40:34,0:54:12,2:39:39,1:53:30,1104,male 25-29,IND,1480,sportstats
T100 Triathlon World Tour - Dubai,2024-11-17,T100,100000,Omar Elazazy,5:40:42,0:47:26,2:32:18,2:05:01,1105,male 30-34,ARE,1206,sportstats
T100 Triathlon World Tour - Dubai,2024-11-17,T100,100000,Jeff Strachan,5:41:08,0:54:14,2:29:43,2:06:08,1106,male 50-54,ARE,1587,sportstats
T100 Triathlon World Tour - Dubai,2024-11-17,T100,100000,Alexey Spivakov,5:41:18,0:49:35,2:26:05,2:13:10,1107,male 40-44,ARE,1582,sportstats
T100 Triathlon World Tour - Dubai,2024-11-17,T100,100000,Matthew Willsher,5:41:19,0:38:15,2:17:05,2:29:38,1108,male 55-59,ARE,2891,sportstats
T100 Triathlon World Tour - Dubai,2024-11-17,T100,100000,Erwin Gutierrez,5:41:20,1:01:32,2:12:26,2:15:51,1109,male 40-44,ARE,2155,sportstats
T100 Triathlon World Tour - Dubai,2024-11-17,T100,100000,Samantha Kain,5:41:27,0:40:07,2:38:39,2:12:40,1110,female 30-34,ARE,2257,sportstats
T100 Triathlon World Tour - Dubai,2024-11-17,T100,100000,Zak Erskine,5:41:33,0:42:39,2:32:41,2:14:47,1111,male 25-29,ARE,1215,sportstats
T100 Triathlon World Tour - Dubai,2024-11-17,T100,100000,Martial Jeannot,5:41:46,0:36:59,2:33:53,2:21:45,1112,male 55-59,ARE,2240,sportstats
T100 Triathlon World Tour - Dubai,2024-11-17,T100,100000,Diego Maldonado,5:41:47,0:48:40,2:34:08,2:03:00,1113,male 40-44,ARE,2412,sportstats
T100 Triathlon World Tour - Dubai,2024-11-17,T100,100000,Rebecca Lassey,5:41:52,0:43:40,2:45:09,2:00:38,1114,female 35-39,ARE,2364,sportstats
T100 Triathlon World Tour - Dubai,2024-11-17,T100,100000,Christopher Januto,5:41:53,0:53:34,2:20:32,2:16:53,1115,male 35-39,ARE,2239,sportstats
T100 Triathlon World Tour - Dubai,2024-11-17,T100,100000,Andy Julio Salubre,5:42:06,0:49:03,2:21:18,2:17:00,1116,male 40-44,ARE,1542,sportstats
T100 Triathlon World Tour - Dubai,2024-11-17,T100,100000,Hilmi Al Mawali,5:42:07,0:46:06,2:40:54,2:02:49,1117,male 45-49,OMN,1705,sportstats
T100 Triathlon World Tour - Dubai,2024-11-17,T100,100000,Eric Lecocq,5:42:13,0:49:55,2:32:47,2:07:59,1118,male 55-59,ARE,1351,sportstats
T100 Triathlon World Tour - Dubai,2024-11-17,T100,100000,Stephane Becquet,5:42:20,0:45:12,2:40:26,2:00:46,1119,male 55-59,ARE,1085,sportstats
T100 Triathlon World Tour - Dubai,2024-11-17,T100,100000,Mahmoud Attia,5:42:26,0:42:47,2:26:12,2:20:09,1120,male 40-44,EGY,1802,sportstats
T100 Triathlon World Tour - Dubai,2024-11-17,T100,100000,Juan Sainz,5:42:27,0:46:41,2:28:51,2:12:00,1121,male 45-49,ARE,2661,sportstats
T100 Triathlon World Tour - Dubai,2024-11-17,T100,100000,Maria Lesnikova,5:42:35,0:49:45,2:41:55,1:52:55,1122,female 40-44,ARE,1358,sportstats
T100 Triathlon World Tour - Dubai,2024-11-17,T100,100000,Marcello Grasselli,5:42:55,0:42:23,2:25:25,2:25:18,1123,male 55-59,ARE,1264,sportstats
T100 Triathlon World Tour - Dubai,2024-11-17,T100,100000,Daisuke Takagi,5:42:59,0:49:19,2:22:28,2:21:04,1124,male 35-39,ARE,2777,sportstats
T100 Triathlon World Tour - Dubai,2024-11-17,T100,100000,Muhammad Irfan,5:43:09,0:32:28,2:30:15,2:27:30,1125,male 50-54,SAU,2225,sportstats
T100 Triathlon World Tour - Dubai,2024-11-17,T100,100000,Zeyad Ehab,5:43:13,0:33:18,2:45:29,2:08:57,1126,male 25-29,EGY,2030,sportstats
T100 Triathlon World Tour - Dubai,2024-11-17,T100,100000,Sara Stupak,5:43:18,0:45:58,2:54:46,1:49:40,1127,female 40-44,USA,2762,sportstats
T100 Triathlon World Tour - Dubai,2024-11-17,T100,100000,Laura Perez,5:43:40,0:44:09,2:31:38,2:17:50,1128,female 35-39,ESP,2572,sportstats
T100 Triathlon World Tour - Dubai,2024-11-17,T100,100000,Madelyn Morales,5:43:55,0:51:11,2:32:00,2:11:52,1129,female 40-44,ARE,1423,sportstats
T100 Triathlon World Tour - Dubai,2024-11-17,T100,100000,Christian Willsher,5:44:04,0:34:43,2:41:56,2:16:29,1130,male 18-24,GBR,1655,sportstats
T100 Triathlon World Tour - Dubai,2024-11-17,T100,100000,Kiran Kang,5:44:05,1:08:18,2:38:22,1:46:28,1131,female 45-49,ARE,1317,sportstats
T100 Triathlon World Tour - Dubai,2024-11-17,T100,100000,Ronaldo Parlan,5:44:15,0:56:44,2:31:26,2:05:55,1132,male 50-54,QAT,1482,sportstats
T100 Triathlon World Tour - Dubai,2024-11-17,T100,100000,DJ Rust,5:44:15,0:38:43,2:29:09,2:22:13,1133,male 40-44,ARE,1536,sportstats
T100 Triathlon World Tour - Dubai,2024-11-17,T100,100000,Natalie Labuschagne,5:44:16,0:49:29,2:37:45,2:04:29,1134,female 40-44,ARE,2351,sportstats
T100 Triathlon World Tour - Dubai,2024-11-17,T100,100000,Homer Vargas,5:44:29,0:43:26,2:31:32,2:17:10,1135,male 40-44,ARE,2844,sportstats
T100 Triathlon World Tour - Dubai,2024-11-17,T100,100000,Rita Silvana Romero,5:44:30,0:56:56,2:43:14,1:54:29,1136,female 45-49,ARE,2645,sportstats
T100 Triathlon World Tour - Dubai,2024-11-17,T100,100000,Jeremy Teo,5:44:32,0:39:47,2:28:07,2:25:04,1137,male 45-49,ARE,1607,sportstats
T100 Triathlon World Tour - Dubai,2024-11-17,T100,100000,Salah Bazyan,5:44:35,0:52:10,2:41:37,2:00:12,1138,male 35-39,ARE,1843,sportstats
T100 Triathlon World Tour - Dubai,2024-11-17,T100,100000,Adimar Assi,5:44:35,0:33:33,2:41:49,2:18:32,1139,male 40-44,ARE,1796,sportstats
T100 Triathlon World Tour - Dubai,2024-11-17,T100,100000,Mohammed Helmi Faisal,5:44:42,0:49:47,2:26:23,2:16:30,1140,male 30-34,ARE,2059,sportstats
T100 Triathlon World Tour - Dubai,2024-11-17,T100,100000,Sergei Ryshkevich,5:44:42,0:49:05,2:29:13,2:10:31,1141,male 40-44,ARE,2655,sportstats
T100 Triathlon World Tour - Dubai,2024-11-17,T100,100000,Ibrahim Sawalha,5:44:43,0:38:22,2:27:11,2:24:17,1142,male 50-54,JOR,2684,sportstats
T100 Triathlon World Tour - Dubai,2024-11-17,T100,100000,Enrique Fernandez Martos,5:45:05,0:53:15,2:29:01,2:14:38,1143,male 45-49,QAT,2071,sportstats
T100 Triathlon World Tour - Dubai,2024-11-17,T100,100000,Abeer Mostafa,5:45:33,0:46:43,2:43:48,1:59:59,1144,female 35-39,EGY,2480,sportstats
T100 Triathlon World Tour - Dubai,2024-11-17,T100,100000,Vladimir Kurilkin,5:45:46,0:55:36,2:23:41,2:14:21,1145,male 40-44,ARE,2349,sportstats
T100 Triathlon World Tour - Dubai,2024-11-17,T100,100000,Renat Zalyaletdinov,5:45:59,0:41:56,2:22:42,2:30:54,1146,male 45-49,ARE,2916,sportstats
T100 Triathlon World Tour - Dubai,2024-11-17,T100,100000,Alfredo JR Denzo,5:46:04,0:52:29,2:40:32,2:01:09,1147,male 40-44,ARE,2004,sportstats
T100 Triathlon World Tour - Dubai,2024-11-17,T100,100000,Andrea Unser,5:46:07,0:47:00,2:36:51,2:13:16,1148,female 45-49,ARE,2827,sportstats
T100 Triathlon World Tour - Dubai,2024-11-17,T100,100000,Romeo Secondes,5:46:12,0:53:02,2:31:28,2:09:09,1149,male 60-64,KWT,2693,sportstats
T100 Triathlon World Tour - Dubai,2024-11-17,T100,100000,Noha Hesham,5:46:18,0:45:22,2:48:24,1:58:08,1150,female 40-44,ARE,2196,sportstats
T100 Triathlon World Tour - Dubai,2024-11-17,T100,100000,Mohamed Abdel Moneim,5:46:21,0:43:32,2:37:33,2:12:27,1151,male 45-49,EGY,1673,sportstats
T100 Triathlon World Tour - Dubai,2024-11-17,T100,100000,Victor Manuel Perez Cruz,5:46:23,0:50:35,2:56:28,1:41:40,1152,male 35-39,ARE,2573,sportstats
T100 Triathlon World Tour - Dubai,2024-11-17,T100,100000,Neelay Shah,5:46:26,0:53:51,2:43:31,1:55:13,1153,male 40-44,ARE,2704,sportstats
T100 Triathlon World Tour - Dubai,2024-11-17,T100,100000,Adjennie Rose De Los Santos,5:46:26,1:02:23,2:39:11,1:52:46,1154,female 35-39,PHL,1985,sportstats
T100 Triathlon World Tour - Dubai,2024-11-17,T100,100000,Anamaria Lascurain,5:46:27,0:49:30,2:41:47,2:05:35,1155,female 45-49,ARE,1346,sportstats
T100 Triathlon World Tour - Dubai,2024-11-17,T100,100000,Emily Barker,5:46:35,0:41:45,2:47:15,2:01:03,1156,female 45-49,ARE,1079,sportstats
T100 Triathlon World Tour - Dubai,2024-11-17,T100,100000,Farrukh Bashir,5:46:39,0:55:29,2:30:17,2:08:45,1157,male 35-39,BHR,1082,sportstats
T100 Triathlon World Tour - Dubai,2024-11-17,T100,100000,Gabi Gervais,5:46:47,0:39:30,2:34:45,2:21:50,1158,male 40-44,ARE,1251,sportstats
T100 Triathlon World Tour - Dubai,2024-11-17,T100,100000,Romeo Tribunalo,5:46:50,0:58:34,2:32:07,2:05:27,1159,male 50-54,KWT,2811,sportstats
T100 Triathlon World Tour - Dubai,2024-11-17,T100,100000,Jowel Putian,5:46:51,0:53:52,2:35:12,2:06:44,1160,male 50-54,ARE,2599,sportstats
T100 Triathlon World Tour - Dubai,2024-11-17,T100,100000,Ali Alsalhi,5:47:23,0:56:31,2:20:34,2:17:00,1161,male 40-44,SAU,1764,sportstats
T100 Triathlon World Tour - Dubai,2024-11-17,T100,100000,Mark Angelo Diva,5:47:34,0:41:58,2:32:16,2:22:16,1162,male 30-34,ARE,2013,sportstats
T100 Triathlon World Tour - Dubai,2024-11-17,T100,100000,Denis Pokidysev,5:47:46,0:44:21,2:35:11,2:16:24,1163,male 18-24,ARE,2585,sportstats
T100 Triathlon World Tour - Dubai,2024-11-17,T100,100000,Sahil Sharma,5:47:47,0:51:09,2:39:13,2:03:26,1164,male 40-44,ARE,2710,sportstats
T100 Triathlon World Tour - Dubai,2024-11-17,T100,100000,Joel Lambojon,5:48:17,0:52:04,2:31:18,2:14:55,1165,male 40-44,QAT,2357,sportstats
T100 Triathlon World Tour - Dubai,2024-11-17,T100,100000,Luke Oung,5:48:21,0:52:44,2:41:01,2:03:13,1166,male 35-39,ARE,2540,sportstats
T100 Triathlon World Tour - Dubai,2024-11-17,T100,100000,Ronnie Balaton,5:48:47,0:52:57,2:32:22,2:07:06,1167,male 45-49,ARE,1074,sportstats
T100 Triathlon World Tour - Dubai,2024-11-17,T100,100000,Ali Magboul,5:48:52,0:47:00,2:47:33,2:03:38,1168,male 45-49,ARE,1380,sportstats
T100 Triathlon World Tour - Dubai,2024-11-17,T100,100000,Arnold Caisip,5:48:53,1:03:15,2:32:02,1:59:14,1169,male 35-39,ARE,1914,sportstats
T100 Triathlon World Tour - Dubai,2024-11-17,T100,100000,Tom Gilmartin,5:49:11,0:54:59,2:30:28,2:12:44,1170,male 45-49,ARE,2121,sportstats
T100 Triathlon World Tour - Dubai,2024-11-17,T100,100000,Husain Ali,5:49:11,0:52:40,2:16:09,2:23:54,1171,male 35-39,BHR,1033,sportstats
T100 Triathlon World Tour - Dubai,2024-11-17,T100,100000,Samar Patel,5:49:22,0:52:03,2:42:40,2:03:02,1172,male 25-29,IND,2562,sportstats
T100 Triathlon World Tour - Dubai,2024-11-17,T100,100000,Khalid Alayid,5:49:25,0:50:14,2:29:09,2:20:55,1173,male 35-39,SAU,1717,sportstats
T100 Triathlon World Tour - Dubai,2024-11-17,T100,100000,Mohammad Alshamsi,5:49:28,0:52:33,2:25:31,2:19:10,1174,male 25-29,ARE,1051,sportstats
T100 Triathlon World Tour - Dubai,2024-11-17,T100,100000,Sathiadas Ep,5:49:46,1:06:35,2:32:54,1:56:36,1175,male 50-54,ARE,1213,sportstats
T100 Triathlon World Tour - Dubai,2024-11-17,T100,100000,Brad Hunter,5:49:48,0:49:15,2:46:08,2:01:22,1176,male 25-29,ARE,1293,sportstats
T100 Triathlon World Tour - Dubai,2024-11-17,T100,100000,David Rockey,5:49:49,0:49:28,2:26:10,2:17:55,1177,male 50-54,ARE,2639,sportstats
T100 Triathlon World Tour - Dubai,2024-11-17,T100,100000,Fawzi Bustami,5:49:55,0:53:34,2:22:34,2:11:46,1178,male 35-39,ARE,1125,sportstats
T100 Triathlon World Tour - Dubai,2024-11-17,T100,100000,Andrea Heinze,5:50:23,0:43:24,2:32:43,2:24:46,1179,female 60-64,DEU,1282,sportstats
T100 Triathlon World Tour - Dubai,2024-11-17,T100,100000,Crister Tumang,5:50:26,1:01:39,2:38:32,1:55:21,1180,male 35-39,ARE,2822,sportstats
T100 Triathlon World Tour - Dubai,2024-11-17,T100,100000,Aravind Menon,5:50:45,0:57:04,2:35:42,1:57:43,1181,male 45-49,ARE,2454,sportstats
T100 Triathlon World Tour - Dubai,2024-11-17,T100,100000,Ahmed Mgady,5:50:56,0:50:10,2:53:02,1:51:35,1182,male 35-39,EGY,2462,sportstats
T100 Triathlon World Tour - Dubai,2024-11-17,T100,100000,Mari Rosewall,5:50:57,0:45:47,2:30:16,2:20:42,1183,female 40-44,ARE,2647,sportstats
T100 Triathlon World Tour - Dubai,2024-11-17,T100,100000,Kiszel Lerin,5:51:01,0:51:13,2:46:24,2:01:19,1184,female 35-39,ARE,1357,sportstats
T100 Triathlon World Tour - Dubai,2024-11-17,T100,100000,Anuarbek Mukashev,5:51:04,0:55:04,2:29:30,2:09:22,1185,male 40-44,KAZ,2484,sportstats
T100 Triathlon World Tour - Dubai,2024-11-17,T100,100000,Romain Sidoti,5:51:16,0:47:40,2:35:30,2:10:35,1186,male 30-34,ARE,2722,sportstats
T100 Triathlon World Tour - Dubai,2024-11-17,T100,100000,Justin Walsh,5:51:25,0:38:08,2:43:43,2:17:14,1187,male 30-34,ARE,1643,sportstats
T100 Triathlon World Tour - Dubai,2024-11-17,T100,100000,Garry Babich,5:51:31,0:45:35,2:32:23,2:19:43,1188,male 55-59,ZAF,1809,sportstats
T100 Triathlon World Tour - Dubai,2024-11-17,T100,100000,Shiela Mae Rolluqui,5:51:39,0:52:46,2:42:15,2:01:34,1189,female 40-44,ARE,1532,sportstats
T100 Triathlon World Tour - Dubai,2024-11-17,T100,100000,Shaima Awad,5:51:55,1:07:23,2:37:03,1:55:43,1190,female 35-39,ARE,1807,sportstats
T100 Triathlon World Tour - Dubai,2024-11-17,T100,100000,Amrita Pattni,5:51:56,0:59:17,2:41:25,1:58:36,1191,female 35-39,GBR,2564,sportstats
T100 Triathlon World Tour - Dubai,2024-11-17,T100,100000,Mariana Olmeda,5:51:56,0:54:59,2:50:39,1:56:28,1192,female 50-54,ARE,2531,sportstats
T100 Triathlon World Tour - Dubai,2024-11-17,T100,100000,Luma Hamed,5:52:07,0:45:09,2:42:18,2:13:50,1193,female 30-34,ARE,2167,sportstats
T100 Triathlon World Tour - Dubai,2024-11-17,T100,100000,Jovet Angelo Furto Acosta,5:52:21,0:51:36,2:27:38,2:19:17,1194,male 30-34,ARE,1007,sportstats
T100 Triathlon World Tour - Dubai,2024-11-17,T100,100000,Issa Al-Ismaili,5:52:22,0:50:39,2:40:27,2:06:23,1195,male 35-39,OMN,1740,sportstats
T100 Triathlon World Tour - Dubai,2024-11-17,T100,100000,Piotr Malecki,5:52:25,0:49:18,2:27:34,2:20:53,1196,male 50-54,ARE,2413,sportstats
T100 Triathlon World Tour - Dubai,2024-11-17,T100,100000,Fuat Koseoglu,5:52:52,0:47:17,2:38:55,2:16:27,1197,male 40-44,ARE,1336,sportstats
T100 Triathlon World Tour - Dubai,2024-11-17,T100,100000,Juan Hermando Dela Pena,5:53:01,0:54:03,2:38:57,2:10:18,1198,male 40-44,ARE,1997,sportstats
T100 Triathlon World Tour - Dubai,2024-11-17,T100,100000,Jessica Machalani,5:53:05,0:42:25,2:30:49,2:26:53,1199,female 35-39,ARE,1375,sportstats
T100 Triathlon World Tour - Dubai,2024-11-17,T100,100000,Dandreb Gonzales,5:53:11,1:01:44,2:37:19,2:01:59,1200,male 40-44,ARE,2130,sportstats
T100 Triathlon World Tour - Dubai,2024-11-17,T100,100000,Marvin Alipio,5:53:27,0:52:39,2:25:00,2:25:52,1201,male 35-39,ARE,1035,sportstats
T100 Triathlon World Tour - Dubai,2024-11-17,T100,100000,Joyce Bijl,5:54:00,0:49:47,2:25:48,2:27:52,1202,female 45-49,SGP,1094,sportstats
T100 Triathlon World Tour - Dubai,2024-11-17,T100,100000,Mousa Alhourani,5:54:01,0:47:24,2:22:29,2:25:17,1203,male 35-39,ARE,1736,sportstats
T100 Triathlon World Tour - Dubai,2024-11-17,T100,100000,Andras Kovacs,5:54:11,0:44:44,2:35:17,2:23:13,1204,male 40-44,ARE,2343,sportstats
T100 Triathlon World Tour - Dubai,2024-11-17,T100,100000,Declan Atkins,5:54:14,0:54:28,2:43:54,2:01:26,1205,male 25-29,ARE,1800,sportstats
T100 Triathlon World Tour - Dubai,2024-11-17,T100,100000,Shabeer Korachankandy,5:54:15,1:01:28,2:42:29,1:56:43,1206,male 45-49,ARE,2330,sportstats
T100 Triathlon World Tour - Dubai,2024-11-17,T100,100000,Anne Chesley Esteban,5:54:24,0:53:18,2:39:21,2:09:36,1207,female 40-44,ARE,1219,sportstats
T100 Triathlon World Tour - Dubai,2024-11-17,T100,100000,Abdullah Alfoudri,5:54:30,0:42:57,2:35:52,2:20:52,1208,male 40-44,KWT,1733,sportstats
T100 Triathlon World Tour - Dubai,2024-11-17,T100,100000,Eden Uy,5:54:31,0:47:22,2:39:23,2:13:49,1209,female 40-44,ARE,2833,sportstats
T100 Triathlon World Tour - Dubai,2024-11-17,T100,100000,Nick Patmore,5:54:40,0:45:51,2:23:46,2:27:23,1210,male 45-49,ARE,1484,sportstats
T100 Triathlon World Tour - Dubai,2024-11-17,T100,100000,Abdullah Aldamak,5:54:43,0:51:39,2:40:08,2:09:16,1211,male 40-44,SAU,1724,sportstats
T100 Triathlon World Tour - Dubai,2024-11-17,T100,100000,Viktor Segerstrom,5:54:47,0:51:40,2:35:57,2:17:04,1212,male 30-34,ARE,2695,sportstats
T100 Triathlon World Tour - Dubai,2024-11-17,T100,100000,Mito Simborio,5:55:00,0:54:21,2:47:45,1:56:56,1213,female 40-44,ARE,1572,sportstats
T100 Triathlon World Tour - Dubai,2024-11-17,T100,100000,James McSweeney,5:55:04,0:48:43,2:34:52,2:20:14,1214,male 45-49,ARE,2445,sportstats
T100 Triathlon World Tour - Dubai,2024-11-17,T100,100000,Ajay Sajnani,5:55:22,0:52:22,2:39:04,2:09:51,1215,male 40-44,IND,2662,sportstats
T100 Triathlon World Tour - Dubai,2024-11-17,T100,100000,Pradeep Nair,5:55:36,0:53:12,2:40:47,2:00:32,1216,male 45-49,ARE,2500,sportstats
T100 Triathlon World Tour - Dubai,2024-11-17,T100,100000,Sara Zakaria,5:56:02,0:46:50,2:47:06,2:05:16,1217,female 45-49,EGY,2913,sportstats
T100 Triathlon World Tour - Dubai,2024-11-17,T100,100000,Edvardas Gindrenas,5:56:18,0:47:45,2:35:09,2:18:10,1218,male 35-39,ARE,2123,sportstats
T100 Triathlon World Tour - Dubai,2024-11-17,T100,100000,Dina Altayeb,5:56:42,0:51:12,2:38:04,2:16:29,1219,female 50-54,SAU,1774,sportstats
T100 Triathlon World Tour - Dubai,2024-11-17,T100,100000,Jasem Alteneiji,5:56:46,0:57:10,2:46:50,1:58:37,1220,male 35-39,ARE,1775,sportstats
T100 Triathlon World Tour - Dubai,2024-11-17,T100,100000,Frederick Trzcinski,5:57:06,0:56:05,2:40:38,2:08:07,1221,male 45-49,ARE,2816,sportstats
T100 Triathlon World Tour - Dubai,2024-11-17,T100,100000,Wael Shalaby,5:57:11,0:49:30,2:48:55,2:07:42,1222,male 45-49,ARE,2709,sportstats
T100 Triathlon World Tour - Dubai,2024-11-17,T100,100000,Walid Elsheikh,5:57:17,0:37:03,2:40:28,2:23:44,1223,male 55-59,EGY,2046,sportstats
T100 Triathlon World Tour - Dubai,2024-11-17,T100,100000,Apurva Chitnis,5:57:27,0:50:26,2:51:27,1:58:29,1224,female 40-44,ARE,1941,sportstats
T100 Triathlon World Tour - Dubai,2024-11-17,T100,100000,Courtney Harte,5:57:28,0:47:05,2:29:08,2:30:28,1225,male 40-44,ARE,2181,sportstats
T100 Triathlon World Tour - Dubai,2024-11-17,T100,100000,Mohamed Fattouh,5:57:31,0:44:18,2:30:53,2:31:09,1226,male 45-49,EGY,2064,sportstats
T100 Triathlon World Tour - Dubai,2024-11-17,T100,100000,Mick Wright,5:57:32,0:46:29,2:36:34,2:23:47,1227,male 45-49,ARE,1659,sportstats
T100 Triathlon World Tour - Dubai,2024-11-17,T100,100000,Anderson Nascimento,5:57:43,0:51:13,2:46:39,2:10:42,1228,male 45-49,ARE,2504,sportstats
T100 Triathlon World Tour - Dubai,2024-11-17,T100,100000,Chris Ramsey,5:57:49,0:42:26,2:29:50,2:30:28,1229,male 45-49,ARE,2606,sportstats
T100 Triathlon World Tour - Dubai,2024-11-17,T100,100000,Neil Thorburn,5:57:50,0:44:32,2:40:25,2:20:02,1230,male 55-59,ARE,2798,sportstats
T100 Triathlon World Tour - Dubai,2024-11-17,T100,100000,Brandon Stibb,5:57:51,0:43:15,2:21:32,2:40:51,1231,male 45-49,USA,1584,sportstats
T100 Triathlon World Tour - Dubai,2024-11-17,T100,100000,Kriss Harris,5:57:56,1:09:18,2:56:15,1:44:27,1232,male 40-44,ARE,2179,sportstats
T100 Triathlon World Tour - Dubai,2024-11-17,T100,100000,Mayur Pau,5:58:09,0:47:47,2:53:58,1:58:41,1233,male 45-49,ARE,1485,sportstats
T100 Triathlon World Tour - Dubai,2024-11-17,T100,100000,Aldger Corpuz,5:58:10,0:52:52,2:43:46,2:08:21,1234,male 25-29,ARE,1966,sportstats
T100 Triathlon World Tour - Dubai,2024-11-17,T100,100000,Mark Rogers,5:58:12,0:55:43,2:33:29,2:12:27,1235,male 55-59,ARE,1529,sportstats
T100 Triathlon World Tour - Dubai,2024-11-17,T100,100000,Brandon Taylor,5:58:19,0:46:03,2:29:25,2:28:38,1236,male 45-49,ARE,2784,sportstats
T100 Triathlon World Tour - Dubai,2024-11-17,T100,100000,Nashat Helal,5:58:52,0:49:32,2:45:08,2:10:40,1237,male 45-49,ARE,2188,sportstats
T100 Triathlon World Tour - Dubai,2024-11-17,T100,100000,Sulaiman Alsheibani,5:58:59,0:52:01,2:40:05,2:13:16,1238,male 35-39,OMN,1768,sportstats
T100 Triathlon World Tour - Dubai,2024-11-17,T100,100000,Olivier Berger,5:59:23,0:42:01,2:52:20,2:10:58,1239,male 50-54,ARE,1855,sportstats
T100 Triathlon World Tour - Dubai,2024-11-17,T100,100000,John Wright,5:59:24,0:45:13,2:30:52,2:31:01,1240,male 55-59,GBR,2903,sportstats
T100 Triathlon World Tour - Dubai,2024-11-17,T100,100000,Liana Bagworth,5:59:26,0:43:56,2:38:23,2:23:44,1241,female 60-64,ARE,1815,sportstats
T100 Triathlon World Tour - Dubai,2024-11-17,T100,100000,Anna Brunken,5:59:40,0:42:34,2:35:01,2:32:45,1242,female 35-39,DEU,1897,sportstats
T100 Triathlon World Tour - Dubai,2024-11-17,T100,100000,Amy Mortagy,5:59:41,0:49:54,2:55:22,2:02:53,1243,female 40-44,EGY,2478,sportstats
T100 Triathlon World Tour - Dubai,2024-11-17,T100,100000,Sherif Nassar,5:59:50,0:44:27,2:33:11,2:28:46,1244,male 40-44,ARE,1444,sportstats
T100 Triathlon World Tour - Dubai,2024-11-17,T100,100000,Xi Cao,6:00:12,0:55:19,2:32:27,2:08:03,1245,male 35-39,ARE,1919,sportstats
T100 Triathlon World Tour - Dubai,2024-11-17,T100,100000,Deveney Nijland,6:00:14,0:51:43,2:44:24,2:06:18,1246,female 30-34,ARE,2509,sportstats
T100 Triathlon World Tour - Dubai,2024-11-17,T100,100000,Gabriela Sanchez Robles,6:00:27,0:52:13,2:43:37,2:13:56,1247,female 35-39,ARE,1544,sportstats
T100 Triathlon World Tour - Dubai,2024-11-17,T100,100000,Prinzcheska Harabe,6:00:51,1:04:23,2:35:34,2:11:54,1248,female 30-34,ARE,2175,sportstats
T100 Triathlon World Tour - Dubai,2024-11-17,T100,100000,Susanna Merikanto-Timonen,6:00:55,0:46:56,2:44:34,2:20:15,1249,female 55-59,ARE,1410,sportstats
T100 Triathlon World Tour - Dubai,2024-11-17,T100,100000,Asalt Al Rawahi,6:01:03,0:43:26,2:23:47,2:42:55,1250,male 45-49,OMN,1707,sportstats
T100 Triathlon World Tour - Dubai,2024-11-17,T100,100000,Halim Bohli,6:01:08,0:41:37,2:56:50,2:08:23,1251,male 45-49,ARE,1099,sportstats
T100 Triathlon World Tour - Dubai,2024-11-17,T100,100000,Mark Jingco,6:01:09,0:59:20,2:25:47,2:19:37,1252,male 45-49,ARE,1308,sportstats
T100 Triathlon World Tour - Dubai,2024-11-17,T100,100000,Ric Ric Royeca,6:01:10,0:48:21,2:24:40,2:34:53,1253,male 30-34,ARE,2650,sportstats
T100 Triathlon World Tour - Dubai,2024-11-17,T100,100000,Abmed Elnaggar,6:01:24,0:53:45,2:41:39,2:10:11,1254,male 45-49,EGY,2041,sportstats
T100 Triathlon World Tour - Dubai,2024-11-17,T100,100000,Clive Watson,6:01:25,0:43:06,2:52:52,2:12:32,1255,male 55-59,GBR,1647,sportstats
T100 Triathlon World Tour - Dubai,2024-11-17,T100,100000,Vincent Baert,6:01:41,0:43:59,2:31:44,2:36:16,1256,male 55-59,ARE,1813,sportstats
T100 Triathlon World Tour - Dubai,2024-11-17,T100,100000,Justine De Leon,6:02:07,0:47:14,3:00:34,2:03:14,1257,female 35-39,ARE,1984,sportstats
T100 Triathlon World Tour - Dubai,2024-11-17,T100,100000,Alex Zafiropoulos,6:02:11,0:46:12,2:26:46,2:34:28,1258,male 55-59,ARE,1663,sportstats
T100 Triathlon World Tour - Dubai,2024-11-17,T100,100000,Firas Al Djidjakli,6:02:23,0:42:37,2:29:27,2:32:37,1259,male 35-39,ARE,1696,sportstats
T100 Triathlon World Tour - Dubai,2024-11-17,T100,100000,Stefania Mazzilli,6:02:38,0:54:11,2:47:04,2:01:56,1260,female 60-64,ITA,2438,sportstats
T100 Triathlon World Tour - Dubai,2024-11-17,T100,100000,Adham El Gazzar,6:02:48,0:41:17,2:28:14,2:38:35,1261,male 55-59,EGY,2033,sportstats
T100 Triathlon World Tour - Dubai,2024-11-17,T100,100000,Medgat Olzhayev,6:02:51,0:49:43,2:55:29,2:03:50,1262,male 40-44,KAZ,2532,sportstats
T100 Triathlon World Tour - Dubai,2024-11-17,T100,100000,Sangram Samra,6:03:12,0:54:25,2:36:21,2:16:13,1263,male 30-34,IND,2672,sportstats
T100 Triathlon World Tour - Dubai,2024-11-17,T100,100000,Alexander Shvedov,6:03:13,0:49:46,2:34:01,2:28:28,1264,male 30-34,ARE,2720,sportstats
T100 Triathlon World Tour - Dubai,2024-11-17,T100,100000,Liliosa Mercader,6:03:16,0:52:35,2:46:30,2:08:56,1265,female 40-44,ARE,2456,sportstats
T100 Triathlon World Tour - Dubai,2024-11-17,T100,100000,Ranjith Nair,6:03:43,0:53:46,2:36:53,2:16:42,1266,male 45-49,ARE,2501,sportstats
T100 Triathlon World Tour - Dubai,2024-11-17,T100,100000,Vincent Xu,6:03:45,0:41:17,2:57:37,2:05:42,1267,male 18-24,ARE,2946,sportstats
T100 Triathlon World Tour - Dubai,2024-11-17,T100,100000,Amr Shaheen,6:04:22,0:52:06,2:39:30,2:19:36,1268,male 40-44,QAT,2705,sportstats
T100 Triathlon World Tour - Dubai,2024-11-17,T100,100000,Christine Manalo,6:04:32,0:55:01,2:50:21,2:07:40,1269,female 35-39,QAT,1386,sportstats
T100 Triathlon World Tour - Dubai,2024-11-17,T100,100000,Hassan Khalifa,6:04:33,0:50:30,2:32:49,2:27:47,1270,male 45-49,EGY,2301,sportstats
T100 Triathlon World Tour - Dubai,2024-11-17,T100,100000,Russell Evans,6:04:43,1:05:42,3:37:43,1:44:36,1271,male 45-49,GBR,2056,sportstats
T100 Triathlon World Tour - Dubai,2024-11-17,T100,100000,Yassine Lahlou,6:04:47,0:51:09,2:29:47,2:29:20,1272,male 35-39,ARE,1345,sportstats
T100 Triathlon World Tour - Dubai,2024-11-17,T100,100000,Amer Alameri,6:05:22,0:45:27,2:32:18,2:34:22,1273,male 35-39,ARE,1713,sportstats
T100 Triathlon World Tour - Dubai,2024-11-17,T100,100000,Miguel Huelamo,6:05:34,0:50:56,2:24:15,2:37:26,1274,male 45-49,ARE,2209,sportstats
T100 Triathlon World Tour - Dubai,2024-11-17,T100,100000,Kishan Shirish,6:06:01,0:55:05,2:25:14,2:31:30,1275,male 40-44,ARE,1568,sportstats
T100 Triathlon World Tour - Dubai,2024-11-17,T100,100000,Matt Lunn,6:06:01,0:47:28,2:44:32,2:15:21,1276,male 35-39,ARE,2395,sportstats
T100 Triathlon World Tour - Dubai,2024-11-17,T100,100000,John Harvey,6:06:06,0:55:54,2:34:42,2:20:57,1277,male 65-69,GBR,2182,sportstats
T100 Triathlon World Tour - Dubai,2024-11-17,T100,100000,Sue Stockley,6:06:12,0:47:26,2:45:22,2:22:32,1278,female 55-59,GBR,1585,sportstats
T100 Triathlon World Tour - Dubai,2024-11-17,T100,100000,Elif Karagoz,6:06:32,0:51:33,2:49:51,2:07:21,1279,female 35-39,ARE,2274,sportstats
T100 Triathlon World Tour - Dubai,2024-11-17,T100,100000,Voon Keat Lai,6:06:35,0:49:20,2:36:16,2:26:41,1280,male 55-59,HKG,2355,sportstats
T100 Triathlon World Tour - Dubai,2024-11-17,T100,100000,Walid Elarabi,6:06:36,0:46:35,2:39:35,2:22:45,1281,male 45-49,ARE,1205,sportstats
T100 Triathlon World Tour - Dubai,2024-11-17,T100,100000,Sonzal Patel,6:07:02,0:55:31,2:52:46,2:02:09,1282,female 35-39,IND,2561,sportstats
T100 Triathlon World Tour - Dubai,2024-11-17,T100,100000,Osman Ince,6:07:05,1:09:41,2:21:04,2:26:30,1283,male 35-39,USA,1297,sportstats
T100 Triathlon World Tour - Dubai,2024-11-17,T100,100000,Sara Montoya,6:07:33,0:54:24,2:43:15,2:18:21,1284,female 30-34,ARE,1420,sportstats
T100 Triathlon World Tour - Dubai,2024-11-17,T100,100000,Cleo Marie Roque,6:07:37,0:50:53,2:50:01,2:14:26,1285,female 40-44,ARE,2646,sportstats
T100 Triathlon World Tour - Dubai,2024-11-17,T100,100000,Dr Venkatesh Annigeri,6:07:42,0:52:24,2:44:09,2:21:09,1286,male 45-49,ARE,1786,sportstats
T100 Triathlon World Tour - Dubai,2024-11-17,T100,100000,Danny Flandez,6:07:51,0:50:11,2:30:02,2:33:04,1287,male 50-54,SAU,2076,sportstats
T100 Triathlon World Tour - Dubai,2024-11-17,T100,100000,Ian Wheldon,6:08:12,0:56:11,2:27:29,2:23:35,1288,male 50-54,ARE,2884,sportstats
T100 Triathlon World Tour - Dubai,2024-11-17,T100,100000,Yassmin Taha,6:08:18,0:44:25,2:53:48,2:14:21,1289,female 30-34,EGY,2775,sportstats
T100 Triathlon World Tour - Dubai,2024-11-17,T100,100000,Sidanth Rajagopal,6:08:25,0:54:40,2:34:26,2:26:49,1290,male 40-44,ARE,2604,sportstats
T100 Triathlon World Tour - Dubai,2024-11-17,T100,100000,Bassam Hammad,6:08:30,0:54:08,2:41:18,2:19:35,1291,male 55-59,ARE,2170,sportstats
T100 Triathlon World Tour - Dubai,2024-11-17,T100,100000,Michael Hardy,6:08:32,1:01:49,2:39:48,2:15:34,1292,male 55-59,FIN,1280,sportstats
T100 Triathlon World Tour - Dubai,2024-11-17,T100,100000,Joppet Karlo Quinones,6:08:54,0:52:53,2:31:13,2:33:10,1293,male 40-44,ARE,1513,sportstats
T100 Triathlon World Tour - Dubai,2024-11-17,T100,100000,Kedar Vartak,6:09:11,0:55:15,2:37:34,2:18:55,1294,male 55-59,ARE,2846,sportstats
T100 Triathlon World Tour - Dubai,2024-11-17,T100,100000,Terry Kane,6:09:19,0:55:02,2:36:47,2:24:04,1295,male 45-49,ARE,2267,sportstats
T100 Triathlon World Tour - Dubai,2024-11-17,T100,100000,Hemant Parmar,6:09:25,0:53:38,2:43:06,2:20:12,1296,male 50-54,IND,2557,sportstats
T100 Triathlon World Tour - Dubai,2024-11-17,T100,100000,Gustavo Braccaioli,6:09:26,0:46:58,2:40:15,2:25:53,1297,male 50-54,ARE,1882,sportstats
T100 Triathlon World Tour - Dubai,2024-11-17,T100,100000,Tom Blades,6:09:31,0:59:22,2:46:03,2:14:14,1298,male 65-69,ARE,1863,sportstats
T100 Triathlon World Tour - Dubai,2024-11-17,T100,100000,Shafi Thayyil,6:09:40,0:59:19,2:46:41,2:08:31,1299,male 40-44,ARE,2797,sportstats
T100 Triathlon World Tour - Dubai,2024-11-17,T100,100000,Nuha Luqman,6:10:07,0:55:38,2:48:37,2:12:28,1300,female 45-49,ARE,2396,sportstats
T100 Triathlon World Tour - Dubai,2024-11-17,T100,100000,Vasilii Fetisov,6:10:16,0:50:42,2:47:38,2:15:04,1301,male 40-44,ARE,2073,sportstats
T100 Triathlon World Tour - Dubai,2024-11-17,T100,100000,Ilinura Makhametova,6:10:17,0:43:58,2:53:13,2:20:55,1302,female 30-34,KAZ,2408,sportstats
T100 Triathlon World Tour - Dubai,2024-11-17,T100,100000,Brian Murgatroyd,6:10:18,0:51:37,2:50:52,2:05:32,1303,male 55-59,ARE,2487,sportstats
T100 Triathlon World Tour - Dubai,2024-11-17,T100,100000,Ashraf Abdel Moneim,6:11:04,0:42:08,2:32:45,2:41:56,1304,male 50-54,EGY,1672,sportstats
T100 Triathlon World Tour - Dubai,2024-11-17,T100,100000,Jonalyn Daguman,6:11:11,0:54:11,2:48:11,2:13:28,1305,female 40-44,ARE,1978,sportstats
T100 Triathlon World Tour - Dubai,2024-11-17,T100,100000,Ermie Uson,6:11:24,0:42:24,2:41:43,2:31:25,1306,male 50-54,ARE,2830,sportstats
T100 Triathlon World Tour - Dubai,2024-11-17,T100,100000,Matthew Vasey,6:11:37,0:58:22,2:38:48,2:17:59,1307,male 35-39,ARE,2847,sportstats
T100 Triathlon World Tour - Dubai,2024-11-17,T100,100000,Robert Metzger,6:11:53,0:48:52,2:48:08,2:23:04,1308,male 35-39,ARE,2461,sportstats
T100 Triathlon World Tour - Dubai,2024-11-17,T100,100000,Tom Lauwers,6:11:57,0:49:43,2:30:41,2:32:53,1309,male 45-49,GBR,2367,sportstats
T100 Triathlon World Tour - Dubai,2024-11-17,T100,100000,Sorina Constantinescu,6:12:01,0:54:36,2:55:27,2:00:15,1310,female 40-44,ARE,1153,sportstats
T100 Triathlon World Tour - Dubai,2024-11-17,T100,100000,Andrija Slezak,6:12:03,0:47:39,2:28:43,2:39:39,1311,male 40-44,ARE,2733,sportstats
T100 Triathlon World Tour - Dubai,2024-11-17,T100,100000,Makar Beliaev,6:12:18,0:44:50,2:55:55,2:15:29,1312,male 25-29,ARE,1086,sportstats
T100 Triathlon World Tour - Dubai,2024-11-17,T100,100000,Viktoria Gustafsson,6:12:27,0:51:58,2:54:57,2:14:22,1313,female 30-34,ARE,2153,sportstats
T100 Triathlon World Tour - Dubai,2024-11-17,T100,100000,Eric Stoclet,6:12:31,0:49:13,2:43:25,2:25:00,1314,male 70-74,USA,2754,sportstats
T100 Triathlon World Tour - Dubai,2024-11-17,T100,100000,Valerio Fallucca,6:12:40,0:49:41,2:40:03,2:26:43,1315,male 55-59,ITA,2061,sportstats
T100 Triathlon World Tour - Dubai,2024-11-17,T100,100000,Pedro Matos Rosa,6:12:53,0:52:20,2:38:27,2:30:56,1316,male 45-49,ARE,2427,sportstats
T100 Triathlon World Tour - Dubai,2024-11-17,T100,100000,Tamzin Partridge,6:13:02,0:46:19,2:50:32,2:20:51,1317,female 35-39,ARE,2559,sportstats
T100 Triathlon World Tour - Dubai,2024-11-17,T100,100000,Artem Koriabkin,6:13:10,0:50:19,2:41:48,2:27:08,1318,male 35-39,RUS,2331,sportstats
T100 Triathlon World Tour - Dubai,2024-11-17,T100,100000,Orbil Federizo,6:13:11,0:53:20,2:42:35,2:24:29,1319,male 45-49,ARE,1229,sportstats
T100 Triathlon World Tour - Dubai,2024-11-17,T100,100000,Samya Chahin,6:13:22,0:53:11,2:44:36,2:25:59,1320,female 50-54,ARE,1139,sportstats
T100 Triathlon World Tour - Dubai,2024-11-17,T100,100000,William Pudney,6:13:41,0:45:48,2:49:45,2:19:10,1321,male 50-54,GBR,1511,sportstats
T100 Triathlon World Tour - Dubai,2024-11-17,T100,100000,Ahmed Hesham,6:14:15,0:53:24,2:37:16,2:23:38,1322,male 30-34,EGY,2195,sportstats
T100 Triathlon World Tour - Dubai,2024-11-17,T100,100000,Susan Abla,6:14:41,0:46:59,2:53:24,2:23:17,1323,female 45-49,ARE,1003,sportstats
T100 Triathlon World Tour - Dubai,2024-11-17,T100,100000,Ali Hisham,6:14:45,0:42:47,2:35:22,2:41:53,1324,male 35-39,EGY,2200,sportstats
T100 Triathlon World Tour - Dubai,2024-11-17,T100,100000,Elaine Forsythe,6:14:58,0:46:28,2:50:31,2:22:38,1325,female 60-64,ARE,1242,sportstats
T100 Triathlon World Tour - Dubai,2024-11-17,T100,100000,Anna Borowczyk-Malecka,6:14:58,0:52:13,2:49:14,2:19:19,1326,female 45-49,ARE,1873,sportstats
T100 Triathlon World Tour - Dubai,2024-11-17,T100,100000,Olga Vazhnichaia,6:15:48,0:49:14,2:47:17,2:27:34,1327,female 35-39,ARE,2848,sportstats
T100 Triathlon World Tour - Dubai,2024-11-17,T100,100000,Zahid Nadeem Khan,6:15:58,0:56:53,2:28:00,2:38:00,1328,male 45-49,OMN,2305,sportstats
T100 Triathlon World Tour - Dubai,2024-11-17,T100,100000,Ronaldo Valdez,6:16:14,0:51:26,2:43:31,2:24:37,1329,male 45-49,ARE,2835,sportstats
T100 Triathlon World Tour - Dubai,2024-11-17,T100,100000,Daniel Walker,6:16:49,0:44:56,2:44:31,2:34:15,1330,male 50-54,ARE,1641,sportstats
T100 Triathlon World Tour - Dubai,2024-11-17,T100,100000,Roshan Joseph,6:17:03,0:52:36,2:53:25,2:07:53,1331,male 25-29,ARE,2254,sportstats
T100 Triathlon World Tour - Dubai,2024-11-17,T100,100000,Rodel JR Saguid,6:17:09,1:02:44,2:49:49,2:14:40,1332,male 40-44,ARE,1539,sportstats
T100 Triathlon World Tour - Dubai,2024-11-17,T100,100000,Ali Khalaf,6:17:31,0:52:09,2:50:56,2:15:48,1333,male 18-24,BHR,1327,sportstats
T100 Triathlon World Tour - Dubai,2024-11-17,T100,100000,Hasan Kapar,6:17:59,0:55:06,3:19:14,1:57:05,1334,male 40-44,ARE,2270,sportstats
T100 Triathlon World Tour - Dubai,2024-11-17,T100,100000,Rashid Albarwani,6:18:12,0:52:55,2:42:17,2:29:04,1335,male 45-49,OMN,1721,sportstats
T100 Triathlon World Tour - Dubai,2024-11-17,T100,100000,Jason Njoku,6:18:43,0:44:45,2:46:42,2:28:11,1336,male 40-44,ARE,2513,sportstats
T100 Triathlon World Tour - Dubai,2024-11-17,T100,100000,Ashraf Elsheshtawy,6:18:47,0:56:48,2:49:48,2:16:14,1337,male 55-59,EGY,2047,sportstats
T100 Triathlon World Tour - Dubai,2024-11-17,T100,100000,Yesim Numan,6:19:25,0:48:44,3:01:16,2:19:02,1338,female 50-54,ARE,1461,sportstats
T100 Triathlon World Tour - Dubai,2024-11-17,T100,100000,Bernard Brisolier,6:19:34,0:55:22,2:30:16,2:40:21,1339,male 50-54,ARE,1115,sportstats
T100 Triathlon World Tour - Dubai,2024-11-17,T100,100000,Neeta Narang,6:19:42,1:07:43,2:53:30,2:07:37,1340,female 45-49,IND,2503,sportstats
T100 Triathlon World Tour - Dubai,2024-11-17,T100,100000,John Robert Domingo,6:19:46,1:09:05,2:34:12,2:22:47,1341,male 45-49,ARE,1190,sportstats
T100 Triathlon World Tour - Dubai,2024-11-17,T100,100000,Sophie Sewailem,6:19:57,0:53:01,3:02:21,2:12:58,1342,female 55-59,EGY,2703,sportstats
T100 Triathlon World Tour - Dubai,2024-11-17,T100,100000,Jeremy Grigg,6:20:05,0:51:21,3:06:29,2:08:22,1343,male 45-49,ARE,2145,sportstats
T100 Triathlon World Tour - Dubai,2024-11-17,T100,100000,Adrian Blanchette,6:20:19,0:59:03,2:42:14,2:27:20,1344,female 55-59,ARE,1864,sportstats
T100 Triathlon World Tour - Dubai,2024-11-17,T100,100000,Sara El Awdan,6:20:20,0:52:00,2:51:56,2:13:30,1345,female 35-39,EGY,2032,sportstats
T100 Triathlon World Tour - Dubai,2024-11-17,T100,100000,Karen Chandler-Male,6:20:27,0:45:14,2:43:47,2:38:25,1346,female 50-54,GBR,1140,sportstats
T100 Triathlon World Tour - Dubai,2024-11-17,T100,100000,Kimberley Dittrich,6:20:41,0:48:34,2:43:51,2:33:36,1347,female 65-69,ARE,1188,sportstats
T100 Triathlon World Tour - Dubai,2024-11-17,T100,100000,Arundhan Alphones,6:20:55,0:55:44,2:41:29,2:32:50,1348,male 50-54,ARE,1758,sportstats
T100 Triathlon World Tour - Dubai,2024-11-17,T100,100000,Ahmed Abdo,6:23:10,1:00:28,2:43:42,2:21:46,1349,male 50-54,EGY,1678,sportstats
T100 Triathlon World Tour - Dubai,2024-11-17,T100,100000,Rohit Kapoor,6:23:38,1:10:08,2:59:11,1:59:36,1350,male 40-44,ARE,2271,sportstats
T100 Triathlon World Tour - Dubai,2024-11-17,T100,100000,Gerald Gimeno,6:23:43,0:49:04,2:39:23,2:41:06,1351,male 45-49,ARE,2122,sportstats
T100 Triathlon World Tour - Dubai,2024-11-17,T100,100000,Judy Cabacang,6:23:48,0:57:52,2:44:17,2:29:33,1352,male 35-39,ARE,1128,sportstats
T100 Triathlon World Tour - Dubai,2024-11-17,T100,100000,Sugar Mae Daguman,6:23:50,0:55:40,2:58:44,2:19:20,1353,female 40-44,ARE,1977,sportstats
T100 Triathlon World Tour - Dubai,2024-11-17,T100,100000,Kaise Zakkar,6:23:53,0:42:24,2:33:31,2:56:48,1354,male 45-49,ARE,1664,sportstats
T100 Triathlon World Tour - Dubai,2024-11-17,T100,100000,Massimiliano Savarese,6:24:02,0:51:06,2:42:36,2:38:40,1355,male 50-54,ARE,2681,sportstats
T100 Triathlon World Tour - Dubai,2024-11-17,T100,100000,Gianmauro Chiaranda,6:24:39,0:45:48,2:46:38,2:36:02,1356,male 55-59,ARE,1145,sportstats
T100 Triathlon World Tour - Dubai,2024-11-17,T100,100000,Muzahidin M Salim,6:24:53,0:57:38,2:37:03,2:38:13,1357,male 40-44,ARE,2398,sportstats
T100 Triathlon World Tour - Dubai,2024-11-17,T100,100000,Shirin Kekre,6:25:19,0:53:13,2:43:39,2:36:54,1358,female 30-34,IND,2291,sportstats
T100 Triathlon World Tour - Dubai,2024-11-17,T100,100000,Ella Rogers,6:25:25,0:55:36,3:17:48,1:58:07,1359,female 30-34,GBR,1530,sportstats
T100 Triathlon World Tour - Dubai,2024-11-17,T100,100000,Peter Reynolds,6:25:58,0:54:31,2:34:09,2:43:44,1360,male 55-59,ARE,2621,sportstats
T100 Triathlon World Tour - Dubai,2024-11-17,T100,100000,Hiro Takeda,6:26:25,0:43:04,2:41:05,2:48:00,1361,male 50-54,ARE,2778,sportstats
T100 Triathlon World Tour - Dubai,2024-11-17,T100,100000,Fahd Abo El Azm,6:26:31,1:25:47,3:34:36,1:55:52,1362,male 40-44,EGY,1681,sportstats
T100 Triathlon World Tour - Dubai,2024-11-17,T100,100000,Rommel Sontillanosa,6:26:38,1:09:06,2:37:16,2:27:05,1363,male 45-49,ARE,1580,sportstats
T100 Triathlon World Tour - Dubai,2024-11-17,T100,100000,Kumar Brijwani,6:27:00,0:59:24,2:58:10,2:11:37,1364,male 40-44,ARE,1888,sportstats
T100 Triathlon World Tour - Dubai,2024-11-17,T100,100000,Shaily Anand,6:27:12,0:54:07,3:06:51,2:13:20,1365,female 40-44,IND,1783,sportstats
T100 Triathlon World Tour - Dubai,2024-11-17,T100,100000,Ellen Marston,6:27:16,0:47:36,2:57:39,2:28:29,1366,female 30-34,ARE,1396,sportstats
T100 Triathlon World Tour - Dubai,2024-11-17,T100,100000,Kamel Abou Khalil,6:27:22,0:53:11,3:07:28,2:12:10,1367,male 25-29,GBR,1682,sportstats
T100 Triathlon World Tour - Dubai,2024-11-17,T100,100000,Robin Thakur,6:27:38,0:48:11,3:08:49,2:13:47,1368,male 35-39,IND,2795,sportstats
T100 Triathlon World Tour - Dubai,2024-11-17,T100,100000,Donia Abdelshafy,6:27:47,1:01:24,2:57:02,2:15:35,1369,female 30-34,DEU,1676,sportstats
T100 Triathlon World Tour - Dubai,2024-11-17,T100,100000,Salman Ateeque,6:27:54,0:55:16,2:42:37,2:23:38,1370,male 45-49,ARE,1799,sportstats
T100 Triathlon World Tour - Dubai,2024-11-17,T100,100000,Benjamin Ward,6:28:43,0:51:37,2:55:58,2:28:16,1371,male 30-34,ARE,2867,sportstats
T100 Triathlon World Tour - Dubai,2024-11-17,T100,100000,Jove Viloria,6:28:55,0:46:59,2:50:02,2:37:16,1372,male 45-49,ARE,2858,sportstats
T100 Triathlon World Tour - Dubai,2024-11-17,T100,100000,Kunal Sood,6:29:04,1:01:24,2:53:46,2:22:43,1373,male 40-44,ARE,2742,sportstats
T100 Triathlon World Tour - Dubai,2024-11-17,T100,100000,Ahmed Diaa,6:29:15,0:47:16,2:48:35,2:32:53,1374,male 40-44,EGY,2009,sportstats
T100 Triathlon World Tour - Dubai,2024-11-17,T100,100000,Sapna Choudhary,6:29:48,0:56:59,2:47:07,2:25:54,1375,female 45-49,ARE,1944,sportstats
T100 Triathlon World Tour - Dubai,2024-11-17,T100,100000,Mark Sweeney,6:30:26,0:55:34,2:45:36,2:39:04,1376,male 50-54,ARE,2770,sportstats
T100 Triathlon World Tour - Dubai,2024-11-17,T100,100000,Donna Bradford,6:30:30,0:50:17,2:39:27,2:44:42,1377,female 50-54,ARE,1109,sportstats
T100 Triathlon World Tour - Dubai,2024-11-17,T100,100000,Maria Lourdes Gepolan,6:30:31,0:53:45,3:10:27,2:09:13,1378,female 40-44,ARE,1249,sportstats
T100 Triathlon World Tour - Dubai,2024-11-17,T100,100000,Darragh Lawler,6:31:19,0:51:56,2:48:56,2:36:21,1379,male 40-44,QAT,2369,sportstats
T100 Triathlon World Tour - Dubai,2024-11-17,T100,100000,Reece Baker,6:31:51,1:01:08,2:51:36,2:23:39,1380,male 30-34,ARE,1823,sportstats
T100 Triathlon World Tour - Dubai,2024-11-17,T100,100000,Elliott Bloom,6:32:41,0:51:48,2:55:52,2:28:53,1381,male 35-39,BHR,1867,sportstats
T100 Triathlon World Tour - Dubai,2024-11-17,T100,100000,Barry Keet,6:33:10,0:46:34,2:31:24,3:00:41,1382,male 45-49,SAU,2288,sportstats
T100 Triathlon World Tour - Dubai,2024-11-17,T100,100000,Ali Ramadan,6:33:27,1:07:37,2:37:55,2:38:54,1383,male 40-44,ARE,2605,sportstats
T100 Triathlon World Tour - Dubai,2024-11-17,T100,100000,Ramy Magdy Mikhael Zaki,6:33:36,0:58:36,2:52:53,2:28:54,1384,male 35-39,ARE,2402,sportstats
T100 Triathlon World Tour - Dubai,2024-11-17,T100,100000,Shashank Sharma,6:34:29,1:00:04,2:58:15,2:19:48,1385,male 35-39,ARE,2711,sportstats
T100 Triathlon World Tour - Dubai,2024-11-17,T100,100000,Ramy Ali,6:36:10,0:57:04,2:51:43,2:28:55,1386,male 45-49,EGY,1738,sportstats
T100 Triathlon World Tour - Dubai,2024-11-17,T100,100000,Tia Watson,6:36:43,0:43:42,3:33:31,2:04:01,1387,female 18-24,ARE,2872,sportstats
T100 Triathlon World Tour - Dubai,2024-11-17,T100,100000,Nick Watson,6:36:44,0:43:42,3:33:33,2:03:38,1388,male 55-59,ARE,2874,sportstats
T100 Triathlon World Tour - Dubai,2024-11-17,T100,100000,Sara Albannai,6:37:30,0:59:41,2:44:30,2:36:58,1389,female 30-34,KWT,1720,sportstats
T100 Triathlon World Tour - Dubai,2024-11-17,T100,100000,Emma Woodward,6:38:39,0:54:47,3:02:19,2:27:20,1390,female 30-34,ARE,2900,sportstats
T100 Triathlon World Tour - Dubai,2024-11-17,T100,100000,Abdulla Alqassimi,6:38:41,0:55:36,2:40:11,2:49:38,1391,male 35-39,ARE,1047,sportstats
T100 Triathlon World Tour - Dubai,2024-11-17,T100,100000,Gareth Enslin,6:38:57,0:52:31,3:00:59,2:31:48,1392,male 35-39,ARE,2051,sportstats
T100 Triathlon World Tour - Dubai,2024-11-17,T100,100000,Yvonne Heruela,6:39:24,0:56:10,3:02:00,2:24:16,1393,female 35-39,ARE,2194,sportstats
T100 Triathlon World Tour - Dubai,2024-11-17,T100,100000,Saptarshi Bandopadhyay,6:39:37,0:55:04,3:06:22,2:17:45,1394,male 40-44,ARE,1076,sportstats
T100 Triathlon World Tour - Dubai,2024-11-17,T100,100000,Salman Waqar,6:40:47,0:51:00,3:03:21,2:37:16,1395,male 40-44,ARE,1645,sportstats
T100 Triathlon World Tour - Dubai,2024-11-17,T100,100000,Mahmoud Alkhatib,6:40:50,1:00:42,2:55:27,2:28:08,1396,male 50-54,ARE,1748,sportstats
T100 Triathlon World Tour - Dubai,2024-11-17,T100,100000,Dharmin Ved,6:41:38,0:53:58,3:03:57,2:29:11,1397,male 40-44,ARE,2850,sportstats
T100 Triathlon World Tour - Dubai,2024-11-17,T100,100000,Haitham Abusharia,6:42:59,0:56:44,2:28:59,3:05:41,1398,male 40-44,ARE,1005,sportstats
T100 Triathlon World Tour - Dubai,2024-11-17,T100,100000,Luigi Lando,6:43:15,1:11:40,2:51:56,2:25:54,1399,male 70-74,SAU,2360,sportstats
T100 Triathlon World Tour - Dubai,2024-11-17,T100,100000,Christophe Henon,6:43:22,0:49:56,3:03:33,2:42:11,1400,male 30-34,GBR,2190,sportstats
T100 Triathlon World Tour - Dubai,2024-11-17,T100,100000,Aly Elgendy,6:45:23,1:00:12,2:40:07,2:49:41,1401,male 30-34,ARE,2040,sportstats
T100 Triathlon World Tour - Dubai,2024-11-17,T100,100000,Trina Ritumalta,6:46:03,1:01:49,3:02:09,2:29:26,1402,female 40-44,ARE,2629,sportstats
T100 Triathlon World Tour - Dubai,2024-11-17,T100,100000,Thania Le Roux,6:46:33,0:50:37,2:43:21,2:55:12,1403,female 45-49,QAT,2372,sportstats
T100 Triathlon World Tour - Dubai,2024-11-17,T100,100000,Zaki Almuzakki,6:48:20,0:58:16,2:46:22,2:49:21,1404,male 45-49,ARE,1045,sportstats
T100 Triathlon World Tour - Dubai,2024-11-17,T100,100000,Assel Serebryanskaya,6:48:54,0:56:17,2:52:42,2:40:33,1405,female 35-39,ARE,1561,sportstats
T100 Triathlon World Tour - Dubai,2024-11-17,T100,100000,Mohamed Mohamady,6:49:25,1:07:28,3:02:12,2:23:51,1406,male 40-44,EGY,2472,sportstats
T100 Triathlon World Tour - Dubai,2024-11-17,T100,100000,Willem Erasmus,6:49:52,0:49:27,2:49:30,2:50:32,1407,male 40-44,ARE,1214,sportstats
T100 Triathlon World Tour - Dubai,2024-11-17,T100,100000,George Perkins,6:50:07,0:49:32,2:49:44,2:50:44,1408,male 40-44,ARE,1492,sportstats
T100 Triathlon World Tour - Dubai,2024-11-17,T100,100000,Pete Van Heerden,6:51:31,0:35:22,2:37:39,3:25:01,1409,male 50-54,ARE,1627,sportstats
T100 Triathlon World Tour - Dubai,2024-11-17,T100,100000,Fouad Saliba,6:52:25,1:13:06,3:12:07,2:09:31,1410,male 75-79,BHR,2666,sportstats
T100 Triathlon World Tour - Dubai,2024-11-17,T100,100000,Bas Kooijman,6:53:02,0:55:19,3:05:26,2:38:30,1411,male 30-34,ARE,2327,sportstats
T100 Triathlon World Tour - Dubai,2024-11-17,T100,100000,Raghda Bahaa,6:54:06,0:55:09,3:03:49,2:39:07,1412,female 35-39,EGY,1816,sportstats
T100 Triathlon World Tour - Dubai,2024-11-17,T100,100000,Jay Ashar,6:54:07,1:01:06,3:14:55,2:21:15,1413,male 30-34,ARE,1794,sportstats
T100 Triathlon World Tour - Dubai,2024-11-17,T100,100000,Hatem Seddik,6:54:32,1:07:25,2:51:53,2:40:08,1414,male 35-39,EGY,2694,sportstats
T100 Triathlon World Tour - Dubai,2024-11-17,T100,100000,Karlo Beltran,6:55:41,1:03:00,3:08:36,2:30:03,1415,male 35-39,ARE,1850,sportstats
T100 Triathlon World Tour - Dubai,2024-11-17,T100,100000,Rhonda Kotb,6:57:55,0:48:15,2:58:01,2:56:09,1416,female 45-49,ARE,1337,sportstats
T100 Triathlon World Tour - Dubai,2024-11-17,T100,100000,Ali Khalaf,6:59:38,0:52:10,2:50:37,3:04:35,1417,male 45-49,BHR,1328,sportstats
T100 Triathlon World Tour - Dubai,2024-11-17,T100,100000,Paulo Jomel Munsayac,7:01:46,1:02:54,2:49:42,2:44:20,1418,male 40-44,PHL,2486,sportstats
T100 Triathlon World Tour - Dubai,2024-11-17,T100,100000,Badih Moukarzel,7:02:01,0:57:35,2:50:40,2:52:54,1419,male 60-64,ARE,2483,sportstats
T100 Triathlon World Tour - Dubai,2024-11-17,T100,100000,Rochelle Pasimio,7:07:21,0:51:52,2:55:50,3:08:12,1420,female 35-39,ARE,2560,sportstats
T100 Triathlon World Tour - Dubai,2024-11-17,T100,100000,Victor Planconneau,7:07:43,0:56:34,3:01:02,2:55:48,1421,male 30-34,ARE,2582,sportstats
T100 Triathlon World Tour - Dubai,2024-11-17,T100,100000,Hilal Al Jahwari,7:07:52,0:50:26,3:06:30,2:53:07,1422,male 50-54,OMN,1701,sportstats
T100 Triathlon World Tour - Dubai,2024-11-17,T100,100000,Nada Khater,7:08:17,1:05:04,3:27:51,2:24:59,1423,female 35-39,ARE,1330,sportstats
T100 Triathlon World Tour - Dubai,2024-11-17,T100,100000,Antonio JR Gimena,7:08:44,1:05:04,3:21:06,2:27:12,1424,male 45-49,ARE,1258,sportstats
T100 Triathlon World Tour - Dubai,2024-11-17,T100,100000,Tammy Alherais,7:09:34,0:57:09,3:04:58,2:55:29,1425,female 50-54,ARE,1030,sportstats
T100 Triathlon World Tour - Dubai,2024-11-17,T100,100000,Gaye Brodie,7:09:39,1:01:27,3:12:24,2:43:25,1426,female 55-59,ARE,1117,sportstats
T100 Triathlon World Tour - Dubai,2024-11-17,T100,100000,Girish Hiranandani,7:11:49,1:07:07,2:58:21,2:55:39,1427,male 50-54,ARE,2199,sportstats
T100 Triathlon World Tour - Dubai,2024-11-17,T100,100000,Nicolaas Jacobs,7:12:27,0:56:40,2:28:27,3:31:57,1428,male 45-49,SAU,2235,sportstats
T100 Triathlon World Tour - Dubai,2024-11-17,T100,100000,Bharat Chouhan,7:21:43,1:15:44,3:15:37,2:33:35,1429,male 40-44,IND,1945,sportstats
T100 Triathlon World Tour - Dubai,2024-11-17,T100,100000,Dave Forsythe,7:25:05,0:55:31,3:15:57,2:56:40,1430,male 60-64,ARE,1243,sportstats
T100 Triathlon World Tour - Dubai,2024-11-17,T100,100000,Omran Sadeq,7:28:07,1:08:56,2:51:17,3:15:29,1431,male 35-39,USA,1538,sportstats
T100 Triathlon World Tour - Dubai,2024-11-17,T100,100000,Prashant Bhatia,7:29:36,1:04:11,3:28:31,2:40:50,1432,male 50-54,ARE,1860,sportstats
T100 Triathlon World Tour - Dubai,2024-11-17,T100,100000,Shady Selim,7:30:14,0:50:19,3:06:27,3:15:09,1433,male 40-44,EGY,2698,sportstats
T100 Triathlon World Tour - Dubai,2024-11-17,T100,100000,Devson Raj,7:35:37,1:06:28,2:46:33,3:28:45,1434,male 35-39,IND,2603,sportstats
T100 Triathlon World Tour - Dubai,2024-11-17,T100,100000,Jawad Azeem Shaikh,7:39:03,1:07:24,3:11:12,3:00:34,1435,male 55-59,ARE,2706,sportstats
T100 Triathlon World Tour - Dubai,2024-11-17,T100,100000,Hazem Midani,7:42:05,0:46:56,3:05:15,3:30:31,1436,male 45-49,ARE,2463,sportstats
T100 Triathlon World Tour - Dubai,2024-11-17,T100,100000,Filipe Azevedo,3:23:10,0:26:56,1:44:27,1:07:04,1847,nocat,ARE,2928,sportstats
T100 Triathlon World Tour - Dubai,2024-11-17,T100,100000,Gerhard De Bruin,3:30:13,0:31:22,1:48:54,1:04:40,1848,male 40-44,ARE,1172,sportstats
T100 Triathlon World Tour - Dubai,2024-11-17,T100,100000,Lukasz Kwiatkowski,3:47:15,0:34:23,1:55:47,1:11:08,1849,male 35-39,ARE,1341,sportstats
T100 Triathlon World Tour - Dubai,2024-11-17,T100,100000,Joeniel Astillero,4:02:10,0:43:39,1:45:34,1:24:17,1850,male 40-44,ARE,1065,sportstats
T100 Triathlon World Tour - Dubai,2024-11-17,T100,100000,Salim Kassouar,4:03:56,0:42:40,2:27:19,0:41:07,1851,male 35-39,QAT,2282,sportstats
T100 Triathlon World Tour - Dubai,2024-11-17,T100,100000,Tonia Makary,4:14:55,0:36:26,2:19:40,1:13:10,1852,female 30-34,ARE,1382,sportstats
T100 Triathlon World Tour - Dubai,2024-11-17,T100,100000,Dustin Robertson,4:25:34,0:38:03,2:07:09,1:30:47,1853,male 40-44,ARE,2632,sportstats
T100 Triathlon World Tour - Dubai,2024-11-17,T100,100000,Antoine Vettese,4:28:43,0:33:37,2:11:44,1:35:02,1854,male 35-39,ARE,1634,sportstats
T100 Triathlon World Tour - Dubai,2024-11-17,T100,100000,Ben Jones,4:31:22,0:40:59,1:56:28,1:45:22,1855,male 45-49,ARE,1309,sportstats
T100 Triathlon World Tour - Dubai,2024-11-17,T100,100000,Aristeidis Toupis,4:41:23,0:39:41,2:10:17,1:42:21,1856,male 30-34,GRC,2807,sportstats
T100 Triathlon World Tour - Dubai,2024-11-17,T100,100000,Emily Kier-Berendt,4:42:22,0:40:34,2:23:09,1:29:17,1857,female 30-34,GBR,2309,sportstats
T100 Triathlon World Tour - Dubai,2024-11-17,T100,100000,Paul Kear,4:49:56,0:41:33,2:24:48,1:34:33,1858,male 30-34,ARE,1323,sportstats
T100 Triathlon World Tour - Dubai,2024-11-17,T100,100000,Muhammad Fasa,4:55:06,2:58:54,0:13:47,0:14:17,1859,male 40-44,ARE,2063,sportstats
T100 Triathlon World Tour - Dubai,2024-11-17,T100,100000,Natasha Desrayaud,4:55:16,0:46:02,2:10:16,1:48:00,1860,female 35-39,ARE,2005,sportstats
T100 Triathlon World Tour - Dubai,2024-11-17,T100,100000,Alexander Musch,4:56:46,0:39:52,2:04:00,2:03:46,1861,male 50-54,ARE,2490,sportstats
T100 Triathlon World Tour - Dubai,2024-11-17,T100,100000,Aiga Sutka,5:12:32,0:50:03,2:21:19,1:47:19,1862,female 40-44,ARE,1593,sportstats
T100 Triathlon World Tour - Dubai,2024-11-17,T100,100000,Abdulla Alkaabi,5:17:24,0:56:52,2:42:39,1:22:34,1863,male 45-49,BHR,1744,sportstats
T100 Triathlon World Tour - Dubai,2024-11-17,T100,100000,Hester Pollock,5:21:46,0:39:34,2:08:07,2:20:13,1864,female 50-54,GBR,2586,sportstats
T100 Triathlon World Tour - Dubai,2024-11-17,T100,100000,Nuray Gunes,5:24:46,0:58:06,2:07:11,2:05:17,1865,female 45-49,TUR,2152,sportstats
T100 Triathlon World Tour - Dubai,2024-11-17,T100,100000,Kifah Sbeitan,5:26:15,2:52:09,0:41:44,1:50:51,1866,female 40-44,ARE,1549,sportstats
T100 Triathlon World Tour - Dubai,2024-11-17,T100,100000,Astrid Cubillos,5:41:57,0:58:04,2:48:29,1:45:40,1867,female 45-49,ARE,1974,sportstats
T100 Triathlon World Tour - Dubai,2024-11-17,T100,100000,Yuliya Valiakhmetova,5:42:04,0:49:19,2:40:24,1:56:53,1868,female 45-49,KAZ,1624,sportstats
T100 Triathlon World Tour - Dubai,2024-11-17,T100,100000,Nisarg Parikh,5:44:47,0:30:16,2:34:40,2:31:20,1869,male 35-39,IND,2552,sportstats
T100 Triathlon World Tour - Dubai,2024-11-17,T100,100000,Jane Clark,6:28:28,1:00:42,3:05:41,2:10:40,1870,female 65-69,ARE,1949,sportstats
T100 Triathlon World Tour - Dubai,2024-11-17,T100,100000,Rohit Fernandes,6:44:51,0:55:59,2:58:51,2:33:38,1871,male 45-49,ARE,2070,sportstats
T100 Triathlon World Tour - Dubai,2024-11-17,T100,100000,Kman Khurram Masood,6:53:40,1:11:27,2:32:57,2:50:51,1872,male 50-54,ARE,2308,sportstats
